# source_model: Model_0007
# inclination: 87.0
# v_crit_frac: 0.83
# sigma_R: 272.0
# sigma_T: 197.0
# SNR: 500
# noise_seed: 24687
# columns: wavelength noisy_normalized_flux
4138.5000000000 1.0019065888e+00
4138.5100000000 9.9881449581e-01
4138.5200000000 1.0038274043e+00
4138.5300000000 1.0026497810e+00
4138.5400000000 9.9982166799e-01
4138.5500000000 1.0005008304e+00
4138.5600000000 9.9759980426e-01
4138.5700000000 9.9507908045e-01
4138.5800000000 1.0024925753e+00
4138.5900000000 1.0005976999e+00
4138.6000000000 1.0002738203e+00
4138.6100000000 9.9843761514e-01
4138.6200000000 1.0021935099e+00
4138.6300000000 1.0014931598e+00
4138.6400000000 1.0016544850e+00
4138.6500000000 9.9885923510e-01
4138.6600000000 1.0012179941e+00
4138.6700000000 1.0012587147e+00
4138.6800000000 9.9854138540e-01
4138.6900000000 1.0010752744e+00
4138.7000000000 1.0013394530e+00
4138.7100000000 1.0004442362e+00
4138.7200000000 1.0030603566e+00
4138.7300000000 1.0005666502e+00
4138.7400000000 9.9793326774e-01
4138.7500000000 1.0013109023e+00
4138.7600000000 1.0017875046e+00
4138.7700000000 1.0015111987e+00
4138.7800000000 1.0005468921e+00
4138.7900000000 1.0002673822e+00
4138.8000000000 1.0028175573e+00
4138.8100000000 9.9739812501e-01
4138.8200000000 1.0017540055e+00
4138.8300000000 1.0003820258e+00
4138.8400000000 1.0009315267e+00
4138.8500000000 1.0008824892e+00
4138.8600000000 1.0013942065e+00
4138.8700000000 1.0017975204e+00
4138.8800000000 1.0013201645e+00
4138.8900000000 9.9900032909e-01
4138.9000000000 1.0026296726e+00
4138.9100000000 9.9751017558e-01
4138.9200000000 1.0016855089e+00
4138.9300000000 9.9678182950e-01
4138.9400000000 1.0057390224e+00
4138.9500000000 9.9958815593e-01
4138.9600000000 9.9993840729e-01
4138.9700000000 9.9844925715e-01
4138.9800000000 9.9865029740e-01
4138.9900000000 9.9996211184e-01
4139.0000000000 1.0032640058e+00
4139.0100000000 1.0012671933e+00
4139.0200000000 1.0043950730e+00
4139.0300000000 9.9704538334e-01
4139.0400000000 9.9459069404e-01
4139.0500000000 9.9939567373e-01
4139.0600000000 9.9986168924e-01
4139.0700000000 9.9882307727e-01
4139.0800000000 9.9993637503e-01
4139.0900000000 1.0008948410e+00
4139.1000000000 1.0011983762e+00
4139.1100000000 9.9793326457e-01
4139.1200000000 9.9582797842e-01
4139.1300000000 1.0010406933e+00
4139.1400000000 9.9763269514e-01
4139.1500000000 9.9646957556e-01
4139.1600000000 9.9862601406e-01
4139.1700000000 1.0024987069e+00
4139.1800000000 1.0004290126e+00
4139.1900000000 9.9866141857e-01
4139.2000000000 9.9924037294e-01
4139.2100000000 9.9954479995e-01
4139.2200000000 1.0003310491e+00
4139.2300000000 9.9953918527e-01
4139.2400000000 9.9931777060e-01
4139.2500000000 9.9906600908e-01
4139.2600000000 9.9923741156e-01
4139.2700000000 1.0023350881e+00
4139.2800000000 1.0016214799e+00
4139.2900000000 1.0030846633e+00
4139.3000000000 9.9627230198e-01
4139.3100000000 9.9979523069e-01
4139.3200000000 1.0004066029e+00
4139.3300000000 9.9843982508e-01
4139.3400000000 9.9914923858e-01
4139.3500000000 1.0010814743e+00
4139.3600000000 9.9958100050e-01
4139.3700000000 9.9713483376e-01
4139.3800000000 9.9985543217e-01
4139.3900000000 9.9693089017e-01
4139.4000000000 9.9989899810e-01
4139.4100000000 9.9953003905e-01
4139.4200000000 1.0006623944e+00
4139.4300000000 9.9943018898e-01
4139.4400000000 9.9949585203e-01
4139.4500000000 9.9937211872e-01
4139.4600000000 9.9975487892e-01
4139.4700000000 9.9773519838e-01
4139.4800000000 1.0002550097e+00
4139.4900000000 9.9910302867e-01
4139.5000000000 9.9805710852e-01
4139.5100000000 9.9818169558e-01
4139.5200000000 1.0007581298e+00
4139.5300000000 9.9611346021e-01
4139.5400000000 9.9889657848e-01
4139.5500000000 9.9971752354e-01
4139.5600000000 9.9932624876e-01
4139.5700000000 1.0029232864e+00
4139.5800000000 1.0014910189e+00
4139.5900000000 9.9967539513e-01
4139.6000000000 1.0003456201e+00
4139.6100000000 9.9988234600e-01
4139.6200000000 1.0001332367e+00
4139.6300000000 1.0008352873e+00
4139.6400000000 9.9847091341e-01
4139.6500000000 1.0006781405e+00
4139.6600000000 9.9988192126e-01
4139.6700000000 9.9899982186e-01
4139.6800000000 1.0018960664e+00
4139.6900000000 9.9892703081e-01
4139.7000000000 9.9893199154e-01
4139.7100000000 1.0003343012e+00
4139.7200000000 9.9775884245e-01
4139.7300000000 1.0033664861e+00
4139.7400000000 9.9815648186e-01
4139.7500000000 1.0006017173e+00
4139.7600000000 9.9776572376e-01
4139.7700000000 9.9939786676e-01
4139.7800000000 1.0002615710e+00
4139.7900000000 9.9939637758e-01
4139.8000000000 9.9794049208e-01
4139.8100000000 1.0029350144e+00
4139.8200000000 1.0029080388e+00
4139.8300000000 1.0015762636e+00
4139.8400000000 1.0022997360e+00
4139.8500000000 1.0007858768e+00
4139.8600000000 1.0026454635e+00
4139.8700000000 1.0007492048e+00
4139.8800000000 9.9857599784e-01
4139.8900000000 1.0005622185e+00
4139.9000000000 1.0009245644e+00
4139.9100000000 1.0004057976e+00
4139.9200000000 1.0003112394e+00
4139.9300000000 9.9817703743e-01
4139.9400000000 1.0011699818e+00
4139.9500000000 1.0000496007e+00
4139.9600000000 1.0017014841e+00
4139.9700000000 1.0007762117e+00
4139.9800000000 1.0028513964e+00
4139.9900000000 1.0036341296e+00
4140.0000000000 1.0022065365e+00
4140.0100000000 9.9811098269e-01
4140.0200000000 1.0058334809e+00
4140.0300000000 1.0025765496e+00
4140.0400000000 9.9997916825e-01
4140.0500000000 9.9897572138e-01
4140.0600000000 9.9861762024e-01
4140.0700000000 9.9764064177e-01
4140.0800000000 9.9823516953e-01
4140.0900000000 9.9971814303e-01
4140.1000000000 1.0017276813e+00
4140.1100000000 1.0013515560e+00
4140.1200000000 1.0002039476e+00
4140.1300000000 1.0001516867e+00
4140.1400000000 1.0030505980e+00
4140.1500000000 9.9950401587e-01
4140.1600000000 9.9841920879e-01
4140.1700000000 1.0021412597e+00
4140.1800000000 9.9927979256e-01
4140.1900000000 1.0022468621e+00
4140.2000000000 1.0020878389e+00
4140.2100000000 1.0017938101e+00
4140.2200000000 1.0018457641e+00
4140.2300000000 1.0045380296e+00
4140.2400000000 1.0014342240e+00
4140.2500000000 9.9968724886e-01
4140.2600000000 1.0014995795e+00
4140.2700000000 9.9799266365e-01
4140.2800000000 9.9944904051e-01
4140.2900000000 9.9862685379e-01
4140.3000000000 9.9646820430e-01
4140.3100000000 1.0036305924e+00
4140.3200000000 1.0032217310e+00
4140.3300000000 9.9974381175e-01
4140.3400000000 1.0017623985e+00
4140.3500000000 1.0014539355e+00
4140.3600000000 9.9962268382e-01
4140.3700000000 9.9901190505e-01
4140.3800000000 9.9991226026e-01
4140.3900000000 9.9894162558e-01
4140.4000000000 1.0011087611e+00
4140.4100000000 1.0034492949e+00
4140.4200000000 9.9592867433e-01
4140.4300000000 1.0006294988e+00
4140.4400000000 9.9731176168e-01
4140.4500000000 9.9892889943e-01
4140.4600000000 9.9555150843e-01
4140.4700000000 9.9821066902e-01
4140.4800000000 9.9913714527e-01
4140.4900000000 9.9711351690e-01
4140.5000000000 1.0023276384e+00
4140.5100000000 1.0010641160e+00
4140.5200000000 9.9548971534e-01
4140.5300000000 9.9988197992e-01
4140.5400000000 9.9777095876e-01
4140.5500000000 9.9709661425e-01
4140.5600000000 1.0046609519e+00
4140.5700000000 9.9870120905e-01
4140.5800000000 1.0010021683e+00
4140.5900000000 9.9996132242e-01
4140.6000000000 1.0015086911e+00
4140.6100000000 1.0010308963e+00
4140.6200000000 9.9970355960e-01
4140.6300000000 1.0009251841e+00
4140.6400000000 9.9789569172e-01
4140.6500000000 1.0030686879e+00
4140.6600000000 1.0004937616e+00
4140.6700000000 1.0014485044e+00
4140.6800000000 1.0029405389e+00
4140.6900000000 9.9930661750e-01
4140.7000000000 1.0019175280e+00
4140.7100000000 9.9771985127e-01
4140.7200000000 1.0015623624e+00
4140.7300000000 9.9898378593e-01
4140.7400000000 1.0043056699e+00
4140.7500000000 9.9823578642e-01
4140.7600000000 9.9728155642e-01
4140.7700000000 9.9780575146e-01
4140.7800000000 9.9928938474e-01
4140.7900000000 9.9885741079e-01
4140.8000000001 1.0022042750e+00
4140.8100000001 1.0013732624e+00
4140.8200000001 1.0010910315e+00
4140.8300000001 1.0018156043e+00
4140.8400000001 9.9882403809e-01
4140.8500000001 9.9733734244e-01
4140.8600000001 9.9898725992e-01
4140.8700000001 1.0003799396e+00
4140.8800000001 1.0006120429e+00
4140.8900000001 9.9483967168e-01
4140.9000000001 9.9687860196e-01
4140.9100000001 9.9599472080e-01
4140.9200000001 9.9745245715e-01
4140.9300000001 1.0035099131e+00
4140.9400000001 1.0003727682e+00
4140.9500000001 1.0014800336e+00
4140.9600000001 9.9849000283e-01
4140.9700000001 1.0023801834e+00
4140.9800000001 1.0000040868e+00
4140.9900000001 9.9813007674e-01
4141.0000000001 1.0011146473e+00
4141.0100000001 1.0027499792e+00
4141.0200000001 9.9561195778e-01
4141.0300000001 9.9932305708e-01
4141.0400000001 1.0010793911e+00
4141.0500000001 9.9900407375e-01
4141.0600000001 1.0005085723e+00
4141.0700000001 9.9960772956e-01
4141.0800000001 1.0001473442e+00
4141.0900000001 9.9894001279e-01
4141.1000000001 9.9941260147e-01
4141.1100000001 1.0022331871e+00
4141.1200000001 1.0001337647e+00
4141.1300000001 1.0021992920e+00
4141.1400000001 1.0024873245e+00
4141.1500000001 9.9817803740e-01
4141.1600000001 9.9789901676e-01
4141.1700000001 1.0006356840e+00
4141.1800000001 9.9964587208e-01
4141.1900000001 1.0010275836e+00
4141.2000000001 9.9821169710e-01
4141.2100000001 9.9933298642e-01
4141.2200000001 9.9960561226e-01
4141.2300000001 1.0029300775e+00
4141.2400000001 1.0014425577e+00
4141.2500000001 9.9868956929e-01
4141.2600000001 9.9827375616e-01
4141.2700000001 9.9853468245e-01
4141.2800000001 1.0012116850e+00
4141.2900000001 1.0004265502e+00
4141.3000000001 9.9923355654e-01
4141.3100000001 9.9850642383e-01
4141.3200000001 1.0031356862e+00
4141.3300000001 9.9905481390e-01
4141.3400000001 9.9909389790e-01
4141.3500000001 1.0020976902e+00
4141.3600000001 1.0003612916e+00
4141.3700000001 1.0035238567e+00
4141.3800000001 1.0000278886e+00
4141.3900000001 9.9941609271e-01
4141.4000000001 1.0024439661e+00
4141.4100000001 1.0003697297e+00
4141.4200000001 1.0035516432e+00
4141.4300000001 9.9997207834e-01
4141.4400000001 1.0010268764e+00
4141.4500000001 1.0014974257e+00
4141.4600000001 9.9995834298e-01
4141.4700000001 1.0013069617e+00
4141.4800000001 1.0004704715e+00
4141.4900000001 1.0002496436e+00
4141.5000000001 1.0020129223e+00
4141.5100000001 1.0038214732e+00
4141.5200000001 1.0042182709e+00
4141.5300000001 1.0005992458e+00
4141.5400000001 9.9937572147e-01
4141.5500000001 9.9827472672e-01
4141.5600000001 9.9877351670e-01
4141.5700000001 9.9652064504e-01
4141.5800000001 9.9784499214e-01
4141.5900000001 9.9757059208e-01
4141.6000000001 1.0014853215e+00
4141.6100000001 1.0011720098e+00
4141.6200000001 9.9956453315e-01
4141.6300000001 9.9899913513e-01
4141.6400000001 9.9992888446e-01
4141.6500000001 1.0004500356e+00
4141.6600000001 9.9992637374e-01
4141.6700000001 1.0007133640e+00
4141.6800000001 9.9950216833e-01
4141.6900000001 9.9903249215e-01
4141.7000000001 1.0016735338e+00
4141.7100000001 9.9897592735e-01
4141.7200000001 1.0005699226e+00
4141.7300000001 1.0005327537e+00
4141.7400000001 9.9957831731e-01
4141.7500000001 1.0062352548e+00
4141.7600000001 9.9587795176e-01
4141.7700000001 1.0017059524e+00
4141.7800000001 9.9847858961e-01
4141.7900000001 9.9856897807e-01
4141.8000000001 9.9958314062e-01
4141.8100000001 1.0048628107e+00
4141.8200000001 1.0020750426e+00
4141.8300000001 9.9677039326e-01
4141.8400000001 1.0001377504e+00
4141.8500000001 9.9929766646e-01
4141.8600000001 9.9958147985e-01
4141.8700000001 1.0001316857e+00
4141.8800000001 1.0014481694e+00
4141.8900000001 1.0001317842e+00
4141.9000000001 9.9868267160e-01
4141.9100000001 9.9894735080e-01
4141.9200000001 9.9968711231e-01
4141.9300000001 9.9885116948e-01
4141.9400000001 1.0001639195e+00
4141.9500000001 9.9972516128e-01
4141.9600000001 9.9842381885e-01
4141.9700000001 9.9684802228e-01
4141.9800000001 9.9990816293e-01
4141.9900000001 1.0007168655e+00
4142.0000000001 9.9985690018e-01
4142.0100000001 9.9792439273e-01
4142.0200000001 9.9988789936e-01
4142.0300000001 9.9873876415e-01
4142.0400000001 1.0008736857e+00
4142.0500000001 9.9884295677e-01
4142.0600000001 1.0011095194e+00
4142.0700000001 9.9728785787e-01
4142.0800000001 1.0029694562e+00
4142.0900000001 1.0002518539e+00
4142.1000000001 1.0014096899e+00
4142.1100000001 9.9802829088e-01
4142.1200000001 1.0002477076e+00
4142.1300000001 1.0010426677e+00
4142.1400000001 9.9753291878e-01
4142.1500000001 1.0001609280e+00
4142.1600000001 9.9484998737e-01
4142.1700000001 1.0010036464e+00
4142.1800000001 9.9940995742e-01
4142.1900000001 1.0006967082e+00
4142.2000000001 9.9886513106e-01
4142.2100000001 9.9943426995e-01
4142.2200000001 9.9696020889e-01
4142.2300000001 9.9613306825e-01
4142.2400000001 1.0051926195e+00
4142.2500000001 9.9893435673e-01
4142.2600000001 1.0011410425e+00
4142.2700000001 1.0014680434e+00
4142.2800000001 1.0018416187e+00
4142.2900000001 1.0001664866e+00
4142.3000000001 1.0009888515e+00
4142.3100000001 9.9973191969e-01
4142.3200000001 1.0010607235e+00
4142.3300000001 1.0012054102e+00
4142.3400000001 1.0041453327e+00
4142.3500000001 9.9827459175e-01
4142.3600000001 1.0024201503e+00
4142.3700000001 1.0004857167e+00
4142.3800000001 1.0022669827e+00
4142.3900000001 9.9855736763e-01
4142.4000000001 1.0011842908e+00
4142.4100000001 1.0003551003e+00
4142.4200000001 9.9596166845e-01
4142.4300000001 9.9730253891e-01
4142.4400000001 9.9882725471e-01
4142.4500000001 9.9848320137e-01
4142.4600000001 1.0025343900e+00
4142.4700000001 9.9935828432e-01
4142.4800000001 9.9574328727e-01
4142.4900000001 1.0014930431e+00
4142.5000000001 1.0031068079e+00
4142.5100000001 1.0019702243e+00
4142.5200000001 9.9836562212e-01
4142.5300000001 9.9701267888e-01
4142.5400000001 1.0062214884e+00
4142.5500000001 1.0025948384e+00
4142.5600000001 1.0008984105e+00
4142.5700000001 9.9958281794e-01
4142.5800000001 9.9612870748e-01
4142.5900000001 1.0005019856e+00
4142.6000000001 9.9660791776e-01
4142.6100000001 9.9880084591e-01
4142.6200000001 1.0021075913e+00
4142.6300000001 9.9734268080e-01
4142.6400000001 1.0027734059e+00
4142.6500000001 9.9986593843e-01
4142.6600000001 9.9424380462e-01
4142.6700000001 9.9633726822e-01
4142.6800000001 9.9775690605e-01
4142.6900000001 1.0028915067e+00
4142.7000000001 9.9971013560e-01
4142.7100000001 9.9910073186e-01
4142.7200000001 9.9942315005e-01
4142.7300000001 1.0009745328e+00
4142.7400000001 9.9959209640e-01
4142.7500000001 1.0009552218e+00
4142.7600000001 1.0033788155e+00
4142.7700000001 9.9866673553e-01
4142.7800000001 9.9911786594e-01
4142.7900000001 9.9652157446e-01
4142.8000000001 9.9623856781e-01
4142.8100000001 1.0029922611e+00
4142.8200000001 1.0032315784e+00
4142.8300000001 9.9880842035e-01
4142.8400000001 1.0024595290e+00
4142.8500000001 9.9581726535e-01
4142.8600000001 9.9914776803e-01
4142.8700000001 9.9795939282e-01
4142.8800000001 1.0042612683e+00
4142.8900000001 9.9673881239e-01
4142.9000000001 1.0002031838e+00
4142.9100000001 1.0010630440e+00
4142.9200000001 9.9983256238e-01
4142.9300000001 1.0013515004e+00
4142.9400000001 9.9886637109e-01
4142.9500000001 1.0010376501e+00
4142.9600000001 1.0006950016e+00
4142.9700000001 9.9787031983e-01
4142.9800000001 1.0045944796e+00
4142.9900000001 1.0001398343e+00
4143.0000000001 1.0000428988e+00
4143.0100000001 9.9955639888e-01
4143.0200000001 1.0035117535e+00
4143.0300000001 1.0047910166e+00
4143.0400000001 1.0011798493e+00
4143.0500000001 9.9883724927e-01
4143.0600000001 9.9950290780e-01
4143.0700000001 1.0021992136e+00
4143.0800000001 9.9456107992e-01
4143.0900000001 9.9821213564e-01
4143.1000000001 9.9902279457e-01
4143.1100000001 9.9691500419e-01
4143.1200000001 9.9923977767e-01
4143.1300000001 1.0000209720e+00
4143.1400000001 1.0007979835e+00
4143.1500000001 9.9730737815e-01
4143.1600000001 1.0013087448e+00
4143.1700000001 9.9840283428e-01
4143.1800000001 9.9968399563e-01
4143.1900000001 9.9791786335e-01
4143.2000000001 1.0035548289e+00
4143.2100000001 9.9900315617e-01
4143.2200000001 1.0008827643e+00
4143.2300000001 9.9866636240e-01
4143.2400000001 1.0026520065e+00
4143.2500000001 9.9899834523e-01
4143.2600000001 9.9936705180e-01
4143.2700000001 1.0016150592e+00
4143.2800000001 1.0004183744e+00
4143.2900000001 1.0020077254e+00
4143.3000000001 1.0010296908e+00
4143.3100000001 1.0028998879e+00
4143.3200000001 1.0015022919e+00
4143.3300000001 9.9827637047e-01
4143.3400000001 9.9874558858e-01
4143.3500000001 9.9924172403e-01
4143.3600000001 1.0028373044e+00
4143.3700000001 1.0009736285e+00
4143.3800000001 1.0026525264e+00
4143.3900000001 1.0020813542e+00
4143.4000000001 9.9532212045e-01
4143.4100000001 1.0012145600e+00
4143.4200000001 9.9916110368e-01
4143.4300000001 9.9745138552e-01
4143.4400000001 9.9860540570e-01
4143.4500000001 1.0001973224e+00
4143.4600000001 9.9892722183e-01
4143.4700000001 1.0043109602e+00
4143.4800000001 9.9957190271e-01
4143.4900000001 9.9947756036e-01
4143.5000000001 9.9901886227e-01
4143.5100000001 1.0016088748e+00
4143.5200000001 9.9908478710e-01
4143.5300000001 9.9942833031e-01
4143.5400000001 1.0003228872e+00
4143.5500000001 1.0020579855e+00
4143.5600000001 1.0023575180e+00
4143.5700000001 9.9694115307e-01
4143.5800000001 9.9846712605e-01
4143.5900000001 1.0032929396e+00
4143.6000000001 9.9927157705e-01
4143.6100000001 1.0015745023e+00
4143.6200000001 1.0013999745e+00
4143.6300000001 1.0006681387e+00
4143.6400000001 1.0018651664e+00
4143.6500000001 1.0011790369e+00
4143.6600000001 9.9808001221e-01
4143.6700000001 9.9888608760e-01
4143.6800000001 1.0017646568e+00
4143.6900000001 1.0018684611e+00
4143.7000000001 9.9894979023e-01
4143.7100000001 9.9997454006e-01
4143.7200000001 1.0008999440e+00
4143.7300000001 9.9966997093e-01
4143.7400000001 9.9903502086e-01
4143.7500000001 9.9943782048e-01
4143.7600000001 9.9999892047e-01
4143.7700000001 1.0024738845e+00
4143.7800000001 1.0012266372e+00
4143.7900000001 1.0026243764e+00
4143.8000000001 9.9968572834e-01
4143.8100000001 1.0022615107e+00
4143.8200000001 1.0013107626e+00
4143.8300000001 9.9889573265e-01
4143.8400000001 1.0014151173e+00
4143.8500000001 1.0024346223e+00
4143.8600000001 9.9811022942e-01
4143.8700000001 1.0010468029e+00
4143.8800000001 1.0034189368e+00
4143.8900000001 9.9701290924e-01
4143.9000000001 9.9890464800e-01
4143.9100000001 1.0013791667e+00
4143.9200000001 9.9937483561e-01
4143.9300000001 9.9555459767e-01
4143.9400000001 9.9848070480e-01
4143.9500000001 1.0001826243e+00
4143.9600000001 9.9657784452e-01
4143.9700000001 9.9959200895e-01
4143.9800000001 1.0023624710e+00
4143.9900000001 9.9907350875e-01
4144.0000000001 1.0013112386e+00
4144.0100000001 1.0027216329e+00
4144.0200000001 1.0033882947e+00
4144.0300000001 9.9971797337e-01
4144.0400000001 1.0016174333e+00
4144.0500000001 1.0015870625e+00
4144.0600000001 9.9967958440e-01
4144.0700000001 1.0002983176e+00
4144.0800000001 1.0003901854e+00
4144.0900000001 9.9976997334e-01
4144.1000000001 1.0001725671e+00
4144.1100000001 9.9799820225e-01
4144.1200000001 1.0001462884e+00
4144.1300000001 1.0009263367e+00
4144.1400000001 1.0023802716e+00
4144.1500000001 9.9819441825e-01
4144.1600000001 1.0005091526e+00
4144.1700000001 9.9857096930e-01
4144.1800000001 1.0000554461e+00
4144.1900000001 1.0001552836e+00
4144.2000000001 9.9837141097e-01
4144.2100000001 9.9755697165e-01
4144.2200000001 1.0009833809e+00
4144.2300000001 1.0010016529e+00
4144.2400000001 9.9952135624e-01
4144.2500000001 1.0009161991e+00
4144.2600000001 9.9940256331e-01
4144.2700000001 1.0016059485e+00
4144.2800000001 1.0007551608e+00
4144.2900000001 1.0013527198e+00
4144.3000000001 9.9754442881e-01
4144.3100000001 9.9895172684e-01
4144.3200000001 9.9775503710e-01
4144.3300000001 1.0018968089e+00
4144.3400000001 9.9788462907e-01
4144.3500000001 9.9905385567e-01
4144.3600000001 1.0026966310e+00
4144.3700000001 9.9897476616e-01
4144.3800000001 9.9882394753e-01
4144.3900000001 1.0001466330e+00
4144.4000000001 1.0017385743e+00
4144.4100000001 1.0024233031e+00
4144.4200000001 1.0039054473e+00
4144.4300000001 1.0045694342e+00
4144.4400000001 9.9916629557e-01
4144.4500000001 9.9908466787e-01
4144.4600000001 1.0003683634e+00
4144.4700000001 9.9876874965e-01
4144.4800000001 9.9678615050e-01
4144.4900000001 1.0012557307e+00
4144.5000000001 1.0011900491e+00
4144.5100000001 1.0007404955e+00
4144.5200000001 1.0026420395e+00
4144.5300000001 9.9806740300e-01
4144.5400000001 1.0019529425e+00
4144.5500000001 9.9857153903e-01
4144.5600000001 1.0012298872e+00
4144.5700000001 1.0028709354e+00
4144.5800000001 1.0007790355e+00
4144.5900000001 9.9783532017e-01
4144.6000000001 1.0027246376e+00
4144.6100000001 9.9938753386e-01
4144.6200000001 9.9836765849e-01
4144.6300000001 9.9964740144e-01
4144.6400000001 9.9964931518e-01
4144.6500000001 1.0007473648e+00
4144.6600000001 1.0037812827e+00
4144.6700000001 1.0020964251e+00
4144.6800000001 9.9980908027e-01
4144.6900000001 9.9972467118e-01
4144.7000000001 1.0007661043e+00
4144.7100000001 1.0007248755e+00
4144.7200000001 1.0030337197e+00
4144.7300000001 1.0018360010e+00
4144.7400000001 1.0023170487e+00
4144.7500000001 1.0017153134e+00
4144.7600000001 9.9752989891e-01
4144.7700000001 9.9796986406e-01
4144.7800000001 1.0016135826e+00
4144.7900000001 9.9642760847e-01
4144.8000000001 9.9785668032e-01
4144.8100000001 1.0034941259e+00
4144.8200000001 1.0042511656e+00
4144.8300000001 1.0010291788e+00
4144.8400000001 9.9889693652e-01
4144.8500000001 9.9869100336e-01
4144.8600000001 1.0017277634e+00
4144.8700000001 1.0027416975e+00
4144.8800000001 1.0003897909e+00
4144.8900000001 1.0003418681e+00
4144.9000000001 9.9860218678e-01
4144.9100000001 1.0015086403e+00
4144.9200000001 9.9891908985e-01
4144.9300000001 1.0044940558e+00
4144.9400000001 1.0004434982e+00
4144.9500000001 1.0008245925e+00
4144.9600000001 9.9877456372e-01
4144.9700000001 1.0042496893e+00
4144.9800000001 1.0007040375e+00
4144.9900000001 1.0018127479e+00
4145.0000000001 1.0015202871e+00
4145.0100000001 9.9854338046e-01
4145.0200000001 1.0023260618e+00
4145.0300000001 9.9689797221e-01
4145.0400000001 9.9793479172e-01
4145.0500000001 1.0023944780e+00
4145.0600000001 9.9931475190e-01
4145.0700000001 9.9719321029e-01
4145.0800000001 9.9946380967e-01
4145.0900000001 9.9704001502e-01
4145.1000000001 1.0036770162e+00
4145.1100000001 1.0007077021e+00
4145.1200000001 1.0017608375e+00
4145.1300000001 9.9976723885e-01
4145.1400000001 9.9846000879e-01
4145.1500000001 9.9642425374e-01
4145.1600000001 9.9938646996e-01
4145.1700000001 9.9874936979e-01
4145.1800000001 9.9864201716e-01
4145.1900000001 1.0016269708e+00
4145.2000000001 9.9892903670e-01
4145.2100000001 9.9935874045e-01
4145.2200000001 1.0008620139e+00
4145.2300000001 1.0004938238e+00
4145.2400000001 9.9984480230e-01
4145.2500000001 9.9917865345e-01
4145.2600000001 1.0018623776e+00
4145.2700000001 1.0027222459e+00
4145.2800000001 9.9867399070e-01
4145.2900000001 9.9878475101e-01
4145.3000000001 9.9991729791e-01
4145.3100000001 9.9850103385e-01
4145.3200000001 9.9575668340e-01
4145.3300000001 1.0019420051e+00
4145.3400000001 9.9898451306e-01
4145.3500000001 9.9636453512e-01
4145.3600000001 9.9536991264e-01
4145.3700000001 9.9709539577e-01
4145.3800000002 1.0028687447e+00
4145.3900000002 9.9990610991e-01
4145.4000000002 1.0021561681e+00
4145.4100000002 9.9912571983e-01
4145.4200000002 1.0005647448e+00
4145.4300000002 9.9826473245e-01
4145.4400000002 9.9813803042e-01
4145.4500000002 1.0000879776e+00
4145.4600000002 1.0042027867e+00
4145.4700000002 1.0012643050e+00
4145.4800000002 1.0017066155e+00
4145.4900000002 9.9940826086e-01
4145.5000000002 1.0024768360e+00
4145.5100000002 1.0009389760e+00
4145.5200000002 9.9893321132e-01
4145.5300000002 9.9641638635e-01
4145.5400000002 1.0006917498e+00
4145.5500000002 1.0046874415e+00
4145.5600000002 1.0018001084e+00
4145.5700000002 9.9904934418e-01
4145.5800000002 9.9717196637e-01
4145.5900000002 1.0008340727e+00
4145.6000000002 9.9931413648e-01
4145.6100000002 1.0021061274e+00
4145.6200000002 9.9946837160e-01
4145.6300000002 9.9701670075e-01
4145.6400000002 1.0029921477e+00
4145.6500000002 9.9912666883e-01
4145.6600000002 1.0033303222e+00
4145.6700000002 1.0022814992e+00
4145.6800000002 9.9935461258e-01
4145.6900000002 9.9761750384e-01
4145.7000000002 9.9958020630e-01
4145.7100000002 9.9994727583e-01
4145.7200000002 1.0021658205e+00
4145.7300000002 1.0005940016e+00
4145.7400000002 9.9840126878e-01
4145.7500000002 9.9774272022e-01
4145.7600000002 9.9748070621e-01
4145.7700000002 1.0005462201e+00
4145.7800000002 9.9873792959e-01
4145.7900000002 1.0012085024e+00
4145.8000000002 9.9885508888e-01
4145.8100000002 9.9763284707e-01
4145.8200000002 9.9891489112e-01
4145.8300000002 1.0006914144e+00
4145.8400000002 9.9951009280e-01
4145.8500000002 1.0019714135e+00
4145.8600000002 9.9889240711e-01
4145.8700000002 9.9919025237e-01
4145.8800000002 1.0015052981e+00
4145.8900000002 9.9954543128e-01
4145.9000000002 1.0006686300e+00
4145.9100000002 1.0001615840e+00
4145.9200000002 1.0018214595e+00
4145.9300000002 9.9690329204e-01
4145.9400000002 9.9744222018e-01
4145.9500000002 9.9903744990e-01
4145.9600000002 9.9769104715e-01
4145.9700000002 9.9931831940e-01
4145.9800000002 1.0005205827e+00
4145.9900000002 1.0008257259e+00
4146.0000000002 1.0025792091e+00
4146.0100000002 9.9894784183e-01
4146.0200000002 1.0007172364e+00
4146.0300000002 9.9938260471e-01
4146.0400000002 1.0003483813e+00
4146.0500000002 1.0014169649e+00
4146.0600000002 1.0010322251e+00
4146.0700000002 1.0004856175e+00
4146.0800000002 1.0023709476e+00
4146.0900000002 9.9841053183e-01
4146.1000000002 1.0014449365e+00
4146.1100000002 9.9771024074e-01
4146.1200000002 1.0028226192e+00
4146.1300000002 9.9739271146e-01
4146.1400000002 1.0034739614e+00
4146.1500000002 9.9788513785e-01
4146.1600000002 9.9867386702e-01
4146.1700000002 9.9859386191e-01
4146.1800000002 1.0021202269e+00
4146.1900000002 9.9818598938e-01
4146.2000000002 9.9974197695e-01
4146.2100000002 1.0012635114e+00
4146.2200000002 1.0016514738e+00
4146.2300000002 1.0001296085e+00
4146.2400000002 1.0020543832e+00
4146.2500000002 9.9542730671e-01
4146.2600000002 1.0010651319e+00
4146.2700000002 1.0008140361e+00
4146.2800000002 1.0015715188e+00
4146.2900000002 1.0024259647e+00
4146.3000000002 1.0011544664e+00
4146.3100000002 1.0010786533e+00
4146.3200000002 1.0006435480e+00
4146.3300000002 9.9993463487e-01
4146.3400000002 1.0025341835e+00
4146.3500000002 1.0026670094e+00
4146.3600000002 9.9980006609e-01
4146.3700000002 9.9946641389e-01
4146.3800000002 1.0035222594e+00
4146.3900000002 1.0011344729e+00
4146.4000000002 1.0031510516e+00
4146.4100000002 9.9764900450e-01
4146.4200000002 1.0025253857e+00
4146.4300000002 1.0005065560e+00
4146.4400000002 1.0017303750e+00
4146.4500000002 1.0056534616e+00
4146.4600000002 9.9774668198e-01
4146.4700000002 9.9979008755e-01
4146.4800000002 9.9808378830e-01
4146.4900000002 9.9900787659e-01
4146.5000000002 9.9664841692e-01
4146.5100000002 9.9997425264e-01
4146.5200000002 1.0001996110e+00
4146.5300000002 1.0004653852e+00
4146.5400000002 1.0007504991e+00
4146.5500000002 9.9931595388e-01
4146.5600000002 9.9883950114e-01
4146.5700000002 1.0024288783e+00
4146.5800000002 1.0049656994e+00
4146.5900000002 1.0009075372e+00
4146.6000000002 9.9712421057e-01
4146.6100000002 9.9851142307e-01
4146.6200000002 1.0005580434e+00
4146.6300000002 9.9842269993e-01
4146.6400000002 1.0026017699e+00
4146.6500000002 9.9746915707e-01
4146.6600000002 1.0016960735e+00
4146.6700000002 1.0015376120e+00
4146.6800000002 9.9692440143e-01
4146.6900000002 9.9901031510e-01
4146.7000000002 1.0004481215e+00
4146.7100000002 9.9887365282e-01
4146.7200000002 9.9899332117e-01
4146.7300000002 1.0000286694e+00
4146.7400000002 9.9693204108e-01
4146.7500000002 1.0014905195e+00
4146.7600000002 9.9878669076e-01
4146.7700000002 9.9921723987e-01
4146.7800000002 1.0014475896e+00
4146.7900000002 1.0012825043e+00
4146.8000000002 1.0019487485e+00
4146.8100000002 9.9942530255e-01
4146.8200000002 1.0007253418e+00
4146.8300000002 1.0010068929e+00
4146.8400000002 1.0012688805e+00
4146.8500000002 9.9902862382e-01
4146.8600000002 1.0006898652e+00
4146.8700000002 9.9825732891e-01
4146.8800000002 9.9882334390e-01
4146.8900000002 9.9724526411e-01
4146.9000000002 9.9985632098e-01
4146.9100000002 9.9980957070e-01
4146.9200000002 1.0020095420e+00
4146.9300000002 9.9812556997e-01
4146.9400000002 1.0016366175e+00
4146.9500000002 9.9828549026e-01
4146.9600000002 1.0008018828e+00
4146.9700000002 1.0001670730e+00
4146.9800000002 1.0011527902e+00
4146.9900000002 1.0026723498e+00
4147.0000000002 9.9756056939e-01
4147.0100000002 1.0012505325e+00
4147.0200000002 1.0007584190e+00
4147.0300000002 1.0021262950e+00
4147.0400000002 1.0033703225e+00
4147.0500000002 1.0020834638e+00
4147.0600000002 1.0008293303e+00
4147.0700000002 1.0005112466e+00
4147.0800000002 9.9816994184e-01
4147.0900000002 1.0018716816e+00
4147.1000000002 9.9852251390e-01
4147.1100000002 9.9879076059e-01
4147.1200000002 9.9740276918e-01
4147.1300000002 1.0002669597e+00
4147.1400000002 1.0004205005e+00
4147.1500000002 1.0028686946e+00
4147.1600000002 1.0028820947e+00
4147.1700000002 1.0035585971e+00
4147.1800000002 9.9937969223e-01
4147.1900000002 1.0006085465e+00
4147.2000000002 9.9720886527e-01
4147.2100000002 1.0002146179e+00
4147.2200000002 1.0005359029e+00
4147.2300000002 1.0014686914e+00
4147.2400000002 9.9617743143e-01
4147.2500000002 9.9764968239e-01
4147.2600000002 1.0013123075e+00
4147.2700000002 1.0013118905e+00
4147.2800000002 1.0007020432e+00
4147.2900000002 1.0032485179e+00
4147.3000000002 9.9879658713e-01
4147.3100000002 9.9761283196e-01
4147.3200000002 1.0027171006e+00
4147.3300000002 9.9969725261e-01
4147.3400000002 9.9886958545e-01
4147.3500000002 1.0014222422e+00
4147.3600000002 9.9947690855e-01
4147.3700000002 1.0010797755e+00
4147.3800000002 1.0017290366e+00
4147.3900000002 9.9825867377e-01
4147.4000000002 9.9873081555e-01
4147.4100000002 1.0021145108e+00
4147.4200000002 1.0010019823e+00
4147.4300000002 1.0030300087e+00
4147.4400000002 1.0024753140e+00
4147.4500000002 1.0044841923e+00
4147.4600000002 1.0014139401e+00
4147.4700000002 1.0009715930e+00
4147.4800000002 9.9943760045e-01
4147.4900000002 1.0009530819e+00
4147.5000000002 1.0012867410e+00
4147.5100000002 1.0019227098e+00
4147.5200000002 9.9643008572e-01
4147.5300000002 1.0005906804e+00
4147.5400000002 9.9616050689e-01
4147.5500000002 1.0032062765e+00
4147.5600000002 9.9947993278e-01
4147.5700000002 9.9836034123e-01
4147.5800000002 1.0017108823e+00
4147.5900000002 9.9825544010e-01
4147.6000000002 9.9890969996e-01
4147.6100000002 1.0004406835e+00
4147.6200000002 9.9791447740e-01
4147.6300000002 9.9679716752e-01
4147.6400000002 1.0028727903e+00
4147.6500000002 9.9927546768e-01
4147.6600000002 1.0010561659e+00
4147.6700000002 1.0009765375e+00
4147.6800000002 9.9969873323e-01
4147.6900000002 9.9955615088e-01
4147.7000000002 1.0023876554e+00
4147.7100000002 1.0029945151e+00
4147.7200000002 1.0022228723e+00
4147.7300000002 1.0017432122e+00
4147.7400000002 1.0037372021e+00
4147.7500000002 9.9684168257e-01
4147.7600000002 1.0024835147e+00
4147.7700000002 9.9878772788e-01
4147.7800000002 1.0040095939e+00
4147.7900000002 1.0008375162e+00
4147.8000000002 1.0015081067e+00
4147.8100000002 9.9797400216e-01
4147.8200000002 9.9915550807e-01
4147.8300000002 1.0010961533e+00
4147.8400000002 9.9899124770e-01
4147.8500000002 9.9901670885e-01
4147.8600000002 1.0031604688e+00
4147.8700000002 9.9976314021e-01
4147.8800000002 9.9828522496e-01
4147.8900000002 1.0017211009e+00
4147.9000000002 9.9983635100e-01
4147.9100000002 1.0013295062e+00
4147.9200000002 1.0011337940e+00
4147.9300000002 9.9778261538e-01
4147.9400000002 9.9907443460e-01
4147.9500000002 9.9682719287e-01
4147.9600000002 9.9682021725e-01
4147.9700000002 9.9876088783e-01
4147.9800000002 9.9844764772e-01
4147.9900000002 9.9805248233e-01
4148.0000000002 9.9653454706e-01
4148.0100000002 9.9857864380e-01
4148.0200000002 1.0018237648e+00
4148.0300000002 1.0004183138e+00
4148.0400000002 9.9977596232e-01
4148.0500000002 9.9819134630e-01
4148.0600000002 9.9906148399e-01
4148.0700000002 9.9745357041e-01
4148.0800000002 1.0016765214e+00
4148.0900000002 9.9736058995e-01
4148.1000000002 9.9882468012e-01
4148.1100000002 1.0022635371e+00
4148.1200000002 1.0029219476e+00
4148.1300000002 1.0006671188e+00
4148.1400000002 9.9946317158e-01
4148.1500000002 9.9849267083e-01
4148.1600000002 9.9829868794e-01
4148.1700000002 1.0023550969e+00
4148.1800000002 1.0031798635e+00
4148.1900000002 9.9894754939e-01
4148.2000000002 9.9914216540e-01
4148.2100000002 1.0004701200e+00
4148.2200000002 1.0023530645e+00
4148.2300000002 9.9763505517e-01
4148.2400000002 1.0007715627e+00
4148.2500000002 9.9487788012e-01
4148.2600000002 9.9887591010e-01
4148.2700000002 1.0011345373e+00
4148.2800000002 1.0071970335e+00
4148.2900000002 1.0024325784e+00
4148.3000000002 9.9897705265e-01
4148.3100000002 9.9731723107e-01
4148.3200000002 1.0018673137e+00
4148.3300000002 1.0028240713e+00
4148.3400000002 1.0048068228e+00
4148.3500000002 1.0012647060e+00
4148.3600000002 9.9836128453e-01
4148.3700000002 9.9935020947e-01
4148.3800000002 9.9683673808e-01
4148.3900000002 1.0023376444e+00
4148.4000000002 1.0006794364e+00
4148.4100000002 9.9740428871e-01
4148.4200000002 9.9913780350e-01
4148.4300000002 9.9918785231e-01
4148.4400000002 1.0014395665e+00
4148.4500000002 1.0034396192e+00
4148.4600000002 1.0004727851e+00
4148.4700000002 9.9876179820e-01
4148.4800000002 9.9868560455e-01
4148.4900000002 9.9918887655e-01
4148.5000000002 1.0016912855e+00
4148.5100000002 1.0010761936e+00
4148.5200000002 1.0041008864e+00
4148.5300000002 1.0019891389e+00
4148.5400000002 1.0025781878e+00
4148.5500000002 9.9739693634e-01
4148.5600000002 9.9782426437e-01
4148.5700000002 1.0002991005e+00
4148.5800000002 9.9946310691e-01
4148.5900000002 1.0007872259e+00
4148.6000000002 1.0012374106e+00
4148.6100000002 1.0006388214e+00
4148.6200000002 1.0007080923e+00
4148.6300000002 1.0024842122e+00
4148.6400000002 9.9979921740e-01
4148.6500000002 1.0002726355e+00
4148.6600000002 1.0008743792e+00
4148.6700000002 9.9828025539e-01
4148.6800000002 9.9927580195e-01
4148.6900000002 9.9864465079e-01
4148.7000000002 1.0050511222e+00
4148.7100000002 1.0011777820e+00
4148.7200000002 1.0004637415e+00
4148.7300000002 9.9902789665e-01
4148.7400000002 1.0008176996e+00
4148.7500000002 1.0015854334e+00
4148.7600000002 9.9997671219e-01
4148.7700000002 1.0013633910e+00
4148.7800000002 9.9924332395e-01
4148.7900000002 1.0030269818e+00
4148.8000000002 1.0009151131e+00
4148.8100000002 1.0026758460e+00
4148.8200000002 9.9868136305e-01
4148.8300000002 1.0018857961e+00
4148.8400000002 9.9920186800e-01
4148.8500000002 1.0035725077e+00
4148.8600000002 1.0027251863e+00
4148.8700000002 1.0000781116e+00
4148.8800000002 1.0017609057e+00
4148.8900000002 1.0017574087e+00
4148.9000000002 9.9827689837e-01
4148.9100000002 1.0000003058e+00
4148.9200000002 9.9757160069e-01
4148.9300000002 9.9845535671e-01
4148.9400000002 1.0009292891e+00
4148.9500000002 1.0004885704e+00
4148.9600000002 1.0010833516e+00
4148.9700000002 1.0006844694e+00
4148.9800000002 9.9842432590e-01
4148.9900000002 1.0020953502e+00
4149.0000000002 9.9992611062e-01
4149.0100000002 9.9806263530e-01
4149.0200000002 1.0011196148e+00
4149.0300000002 1.0014403781e+00
4149.0400000002 9.9821695945e-01
4149.0500000002 1.0002880844e+00
4149.0600000002 9.9983838353e-01
4149.0700000002 9.9966852022e-01
4149.0800000002 9.9935127155e-01
4149.0900000002 1.0008661544e+00
4149.1000000002 1.0000473935e+00
4149.1100000002 9.9758142991e-01
4149.1200000002 9.9892933845e-01
4149.1300000002 9.9762146160e-01
4149.1400000002 1.0027475753e+00
4149.1500000002 9.9900023822e-01
4149.1600000002 1.0001013336e+00
4149.1700000002 9.9673130053e-01
4149.1800000002 9.9867610439e-01
4149.1900000002 9.9733621947e-01
4149.2000000002 9.9902230370e-01
4149.2100000002 1.0030591272e+00
4149.2200000002 1.0022652641e+00
4149.2300000002 9.9981605520e-01
4149.2400000002 9.9884467967e-01
4149.2500000002 1.0026627835e+00
4149.2600000002 9.9939165528e-01
4149.2700000002 1.0019114153e+00
4149.2800000002 1.0009792836e+00
4149.2900000002 1.0044888543e+00
4149.3000000002 9.9916170304e-01
4149.3100000002 9.9771687722e-01
4149.3200000002 1.0007022624e+00
4149.3300000002 1.0017053415e+00
4149.3400000002 1.0017282335e+00
4149.3500000002 9.9839715611e-01
4149.3600000002 1.0018468382e+00
4149.3700000002 9.9706879144e-01
4149.3800000002 1.0005903064e+00
4149.3900000002 9.9895815221e-01
4149.4000000002 9.9858283889e-01
4149.4100000002 9.9533107849e-01
4149.4200000002 1.0008233535e+00
4149.4300000002 9.9728219957e-01
4149.4400000002 9.9952118940e-01
4149.4500000002 9.9972302001e-01
4149.4600000002 1.0025690050e+00
4149.4700000002 9.9845617211e-01
4149.4800000002 1.0020545456e+00
4149.4900000002 9.9847106761e-01
4149.5000000002 1.0012212837e+00
4149.5100000002 1.0001633477e+00
4149.5200000002 9.9907963004e-01
4149.5300000002 9.9811938079e-01
4149.5400000002 1.0017926781e+00
4149.5500000002 1.0031586986e+00
4149.5600000002 1.0025572288e+00
4149.5700000002 1.0006842308e+00
4149.5800000002 9.9829503102e-01
4149.5900000002 1.0011219543e+00
4149.6000000002 9.9795786923e-01
4149.6100000002 1.0008392299e+00
4149.6200000002 9.9906139198e-01
4149.6300000002 1.0001801505e+00
4149.6400000002 9.9842268058e-01
4149.6500000002 1.0013502854e+00
4149.6600000002 9.9821957183e-01
4149.6700000002 1.0011774911e+00
4149.6800000002 1.0008386686e+00
4149.6900000002 9.9988794006e-01
4149.7000000002 9.9904908868e-01
4149.7100000002 9.9775435923e-01
4149.7200000002 9.9862253739e-01
4149.7300000002 9.9838865220e-01
4149.7400000002 1.0004637926e+00
4149.7500000002 9.9827184176e-01
4149.7600000002 9.9806272600e-01
4149.7700000002 9.9818222413e-01
4149.7800000002 1.0006425761e+00
4149.7900000002 9.9749137080e-01
4149.8000000002 9.9833188077e-01
4149.8100000002 1.0005282422e+00
4149.8200000002 9.9976911380e-01
4149.8300000002 1.0014634733e+00
4149.8400000002 1.0018257592e+00
4149.8500000002 1.0004870787e+00
4149.8600000002 9.9928985416e-01
4149.8700000002 9.9533855120e-01
4149.8800000002 9.9927833644e-01
4149.8900000002 9.9863443736e-01
4149.9000000002 9.9900061178e-01
4149.9100000002 1.0003820532e+00
4149.9200000002 9.9762026630e-01
4149.9300000002 1.0037444147e+00
4149.9400000002 1.0017239080e+00
4149.9500000002 9.9923047231e-01
4149.9600000003 1.0010801907e+00
4149.9700000003 1.0030165884e+00
4149.9800000003 1.0031949806e+00
4149.9900000003 1.0019015432e+00
4150.0000000003 9.9984384621e-01
4150.0100000003 9.9906544083e-01
4150.0200000003 1.0009346072e+00
4150.0300000003 1.0014207369e+00
4150.0400000003 9.9729968806e-01
4150.0500000003 1.0003498671e+00
4150.0600000003 1.0025512516e+00
4150.0700000003 1.0008912765e+00
4150.0800000003 1.0014574424e+00
4150.0900000003 1.0019044164e+00
4150.1000000003 1.0011797614e+00
4150.1100000003 1.0007910317e+00
4150.1200000003 9.9800722822e-01
4150.1300000003 1.0008554121e+00
4150.1400000003 9.9923394569e-01
4150.1500000003 9.9999672963e-01
4150.1600000003 9.9988147659e-01
4150.1700000003 9.9638412280e-01
4150.1800000003 9.9944009884e-01
4150.1900000003 1.0011802506e+00
4150.2000000003 1.0008702622e+00
4150.2100000003 9.9626776982e-01
4150.2200000003 1.0019728385e+00
4150.2300000003 9.9897867835e-01
4150.2400000003 1.0010929742e+00
4150.2500000003 9.9880292444e-01
4150.2600000003 9.9880719966e-01
4150.2700000003 1.0005919091e+00
4150.2800000003 9.9983043825e-01
4150.2900000003 1.0022769564e+00
4150.3000000003 9.9917045249e-01
4150.3100000003 1.0015557288e+00
4150.3200000003 9.9777464757e-01
4150.3300000003 1.0002456154e+00
4150.3400000003 1.0013036363e+00
4150.3500000003 1.0027939337e+00
4150.3600000003 1.0025758524e+00
4150.3700000003 9.9962686516e-01
4150.3800000003 1.0014166139e+00
4150.3900000003 9.9884866031e-01
4150.4000000003 1.0001115428e+00
4150.4100000003 9.9962728476e-01
4150.4200000003 9.9943132177e-01
4150.4300000003 1.0005729107e+00
4150.4400000003 9.9968157055e-01
4150.4500000003 1.0032563475e+00
4150.4600000003 1.0008658009e+00
4150.4700000003 1.0017642286e+00
4150.4800000003 9.9929798915e-01
4150.4900000003 9.9946602170e-01
4150.5000000003 1.0021045391e+00
4150.5100000003 1.0040662143e+00
4150.5200000003 9.9761469325e-01
4150.5300000003 9.9747401738e-01
4150.5400000003 1.0000063129e+00
4150.5500000003 1.0018217089e+00
4150.5600000003 9.9775533472e-01
4150.5700000003 1.0008034372e+00
4150.5800000003 9.9862732294e-01
4150.5900000003 9.9841821087e-01
4150.6000000003 9.9607636508e-01
4150.6100000003 9.9956284717e-01
4150.6200000003 1.0035170696e+00
4150.6300000003 9.9848835624e-01
4150.6400000003 9.9991040342e-01
4150.6500000003 1.0014413206e+00
4150.6600000003 9.9738692900e-01
4150.6700000003 1.0004000902e+00
4150.6800000003 1.0004428366e+00
4150.6900000003 1.0007421989e+00
4150.7000000003 9.9961363770e-01
4150.7100000003 1.0010850445e+00
4150.7200000003 1.0015736110e+00
4150.7300000003 1.0026624918e+00
4150.7400000003 1.0029230697e+00
4150.7500000003 9.9966344370e-01
4150.7600000003 1.0025338922e+00
4150.7700000003 9.9754977419e-01
4150.7800000003 9.9850133456e-01
4150.7900000003 1.0000299162e+00
4150.8000000003 9.9524143175e-01
4150.8100000003 1.0034203060e+00
4150.8200000003 1.0006661849e+00
4150.8300000003 1.0021773270e+00
4150.8400000003 1.0018900069e+00
4150.8500000003 1.0016019512e+00
4150.8600000003 9.9731337010e-01
4150.8700000003 1.0010355027e+00
4150.8800000003 1.0002985958e+00
4150.8900000003 1.0022289171e+00
4150.9000000003 1.0014100177e+00
4150.9100000003 9.9862418880e-01
4150.9200000003 9.9893732149e-01
4150.9300000003 9.9954024197e-01
4150.9400000003 1.0003633683e+00
4150.9500000003 1.0013191185e+00
4150.9600000003 1.0027556132e+00
4150.9700000003 9.9666406608e-01
4150.9800000003 9.9948185463e-01
4150.9900000003 9.9718947755e-01
4151.0000000003 1.0001781415e+00
4151.0100000003 1.0037102555e+00
4151.0200000003 1.0013180979e+00
4151.0300000003 1.0008696778e+00
4151.0400000003 9.9814064621e-01
4151.0500000003 1.0003597559e+00
4151.0600000003 9.9771139335e-01
4151.0700000003 9.9918127039e-01
4151.0800000003 1.0017132798e+00
4151.0900000003 9.9816523395e-01
4151.1000000003 9.9600651475e-01
4151.1100000003 9.9901575754e-01
4151.1200000003 1.0002538807e+00
4151.1300000003 1.0028694650e+00
4151.1400000003 9.9959035840e-01
4151.1500000003 9.9861716600e-01
4151.1600000003 1.0029950767e+00
4151.1700000003 9.9837281099e-01
4151.1800000003 9.9969283203e-01
4151.1900000003 9.9973133729e-01
4151.2000000003 1.0011865780e+00
4151.2100000003 1.0001279925e+00
4151.2200000003 1.0025936098e+00
4151.2300000003 1.0036976653e+00
4151.2400000003 9.9843122433e-01
4151.2500000003 9.9804552429e-01
4151.2600000003 1.0009713807e+00
4151.2700000003 1.0000097765e+00
4151.2800000003 9.9860317768e-01
4151.2900000003 9.9855603048e-01
4151.3000000003 9.9871300603e-01
4151.3100000003 1.0006174531e+00
4151.3200000003 9.9845892673e-01
4151.3300000003 9.9833878478e-01
4151.3400000003 1.0005203122e+00
4151.3500000003 1.0021470959e+00
4151.3600000003 1.0017608691e+00
4151.3700000003 1.0018764861e+00
4151.3800000003 1.0007532871e+00
4151.3900000003 1.0020955807e+00
4151.4000000003 9.9820421679e-01
4151.4100000003 9.9902973908e-01
4151.4200000003 9.9982519377e-01
4151.4300000003 1.0015557424e+00
4151.4400000003 9.9733693037e-01
4151.4500000003 1.0015487720e+00
4151.4600000003 1.0005465625e+00
4151.4700000003 9.9990859517e-01
4151.4800000003 9.9580107730e-01
4151.4900000003 9.9932091163e-01
4151.5000000003 9.9850167159e-01
4151.5100000003 1.0008980938e+00
4151.5200000003 9.9906761134e-01
4151.5300000003 1.0014865883e+00
4151.5400000003 1.0009911129e+00
4151.5500000003 9.9655057038e-01
4151.5600000003 9.9794239883e-01
4151.5700000003 9.9806166335e-01
4151.5800000003 9.9876154411e-01
4151.5900000003 1.0016543617e+00
4151.6000000003 1.0015826793e+00
4151.6100000003 1.0013845844e+00
4151.6200000003 1.0011935107e+00
4151.6300000003 9.9899086093e-01
4151.6400000003 9.9707805709e-01
4151.6500000003 1.0016345069e+00
4151.6600000003 9.9918984538e-01
4151.6700000003 1.0015704274e+00
4151.6800000003 9.9866644226e-01
4151.6900000003 1.0000468117e+00
4151.7000000003 1.0009890240e+00
4151.7100000003 9.9736349094e-01
4151.7200000003 9.9864883071e-01
4151.7300000003 9.9766141463e-01
4151.7400000003 9.9861666016e-01
4151.7500000003 9.9525721297e-01
4151.7600000003 1.0017078883e+00
4151.7700000003 1.0016114158e+00
4151.7800000003 9.9644483049e-01
4151.7900000003 1.0011724139e+00
4151.8000000003 9.9989549654e-01
4151.8100000003 9.9898034109e-01
4151.8200000003 1.0010924102e+00
4151.8300000003 1.0021954782e+00
4151.8400000003 9.9831310616e-01
4151.8500000003 1.0003821500e+00
4151.8600000003 1.0028247834e+00
4151.8700000003 1.0016110693e+00
4151.8800000003 9.9819792800e-01
4151.8900000003 1.0004045637e+00
4151.9000000003 1.0001542669e+00
4151.9100000003 9.9857636807e-01
4151.9200000003 1.0026496135e+00
4151.9300000003 1.0007461920e+00
4151.9400000003 1.0039895872e+00
4151.9500000003 9.9850017027e-01
4151.9600000003 9.9993831021e-01
4151.9700000003 9.9863487976e-01
4151.9800000003 9.9851150246e-01
4151.9900000003 1.0033162027e+00
4152.0000000003 1.0034017480e+00
4152.0100000003 1.0003267464e+00
4152.0200000003 1.0000529300e+00
4152.0300000003 9.9914149844e-01
4152.0400000003 9.9816646237e-01
4152.0500000003 1.0025872764e+00
4152.0600000003 1.0010627229e+00
4152.0700000003 1.0014520734e+00
4152.0800000003 9.9985086919e-01
4152.0900000003 9.9943468564e-01
4152.1000000003 1.0023164802e+00
4152.1100000003 9.9926337751e-01
4152.1200000003 9.9618761344e-01
4152.1300000003 9.9661306188e-01
4152.1400000003 1.0019738283e+00
4152.1500000003 1.0038431260e+00
4152.1600000003 9.9982143935e-01
4152.1700000003 9.9922963603e-01
4152.1800000003 1.0028379315e+00
4152.1900000003 9.9725618676e-01
4152.2000000003 9.9816133444e-01
4152.2100000003 1.0004654090e+00
4152.2200000003 9.9915341082e-01
4152.2300000003 1.0040248010e+00
4152.2400000003 9.9986507019e-01
4152.2500000003 1.0016897052e+00
4152.2600000003 1.0005860555e+00
4152.2700000003 9.9873031245e-01
4152.2800000003 9.9927356770e-01
4152.2900000003 9.9767818200e-01
4152.3000000003 9.9847249411e-01
4152.3100000003 9.9919352058e-01
4152.3200000003 1.0050615360e+00
4152.3300000003 9.9886325769e-01
4152.3400000003 1.0000528419e+00
4152.3500000003 1.0013606713e+00
4152.3600000003 1.0000093247e+00
4152.3700000003 9.9924539107e-01
4152.3800000003 9.9625395801e-01
4152.3900000003 9.9910069156e-01
4152.4000000003 1.0010042229e+00
4152.4100000003 1.0016624415e+00
4152.4200000003 1.0004909437e+00
4152.4300000003 9.9959551206e-01
4152.4400000003 9.9928853047e-01
4152.4500000003 9.9626900553e-01
4152.4600000003 1.0001614566e+00
4152.4700000003 9.9945461498e-01
4152.4800000003 1.0015537835e+00
4152.4900000003 1.0015813253e+00
4152.5000000003 1.0024470905e+00
4152.5100000003 9.9444906066e-01
4152.5200000003 1.0009492072e+00
4152.5300000003 1.0015027539e+00
4152.5400000003 9.9889770147e-01
4152.5500000003 9.9820199044e-01
4152.5600000003 1.0001705982e+00
4152.5700000003 9.9890237531e-01
4152.5800000003 9.9706449807e-01
4152.5900000003 9.9975088225e-01
4152.6000000003 9.9826560089e-01
4152.6100000003 1.0003727855e+00
4152.6200000003 9.9554156380e-01
4152.6300000003 1.0006194780e+00
4152.6400000003 9.9993980515e-01
4152.6500000003 1.0043211983e+00
4152.6600000003 9.9897984460e-01
4152.6700000003 9.9762987028e-01
4152.6800000003 9.9988117193e-01
4152.6900000003 1.0003278139e+00
4152.7000000003 9.9883694960e-01
4152.7100000003 9.9925504542e-01
4152.7200000003 9.9888473616e-01
4152.7300000003 9.9848032374e-01
4152.7400000003 1.0010238584e+00
4152.7500000003 9.9950867006e-01
4152.7600000003 1.0003233948e+00
4152.7700000003 1.0033027721e+00
4152.7800000003 1.0017766345e+00
4152.7900000003 1.0006651241e+00
4152.8000000003 1.0041041241e+00
4152.8100000003 1.0000645403e+00
4152.8200000003 1.0002269145e+00
4152.8300000003 9.9982756013e-01
4152.8400000003 9.9763209062e-01
4152.8500000003 1.0025406820e+00
4152.8600000003 1.0004051576e+00
4152.8700000003 9.9758447478e-01
4152.8800000003 9.9934402364e-01
4152.8900000003 9.9984448389e-01
4152.9000000003 9.9625109682e-01
4152.9100000003 1.0009798298e+00
4152.9200000003 1.0003269459e+00
4152.9300000003 1.0034699551e+00
4152.9400000003 9.9942483261e-01
4152.9500000003 1.0015610971e+00
4152.9600000003 9.9851415716e-01
4152.9700000003 9.9863905669e-01
4152.9800000003 9.9689720887e-01
4152.9900000003 1.0007262823e+00
4153.0000000003 1.0016322129e+00
4153.0100000003 1.0000182414e+00
4153.0200000003 1.0031452968e+00
4153.0300000003 9.9915903569e-01
4153.0400000003 1.0008786512e+00
4153.0500000003 9.9861181333e-01
4153.0600000003 9.9835266527e-01
4153.0700000003 1.0024936221e+00
4153.0800000003 9.9885433141e-01
4153.0900000003 1.0008967701e+00
4153.1000000003 9.9922159938e-01
4153.1100000003 1.0012115305e+00
4153.1200000003 9.9945867963e-01
4153.1300000003 1.0011730082e+00
4153.1400000003 1.0004992196e+00
4153.1500000003 9.9949947889e-01
4153.1600000003 9.9991452824e-01
4153.1700000003 9.9995377201e-01
4153.1800000003 1.0001368564e+00
4153.1900000003 9.9965567949e-01
4153.2000000003 9.9758381303e-01
4153.2100000003 9.9593265857e-01
4153.2200000003 1.0003291009e+00
4153.2300000003 1.0045823755e+00
4153.2400000003 1.0019364462e+00
4153.2500000003 9.9878866664e-01
4153.2600000003 9.9806390833e-01
4153.2700000003 9.9839530797e-01
4153.2800000003 1.0024571804e+00
4153.2900000003 9.9982910494e-01
4153.3000000003 1.0047795492e+00
4153.3100000003 9.9994579625e-01
4153.3200000003 9.9719595954e-01
4153.3300000003 1.0042100095e+00
4153.3400000003 1.0021612800e+00
4153.3500000003 1.0000465690e+00
4153.3600000003 1.0036998969e+00
4153.3700000003 1.0044377575e+00
4153.3800000003 1.0002636330e+00
4153.3900000003 1.0009335291e+00
4153.4000000003 1.0044552710e+00
4153.4100000003 9.9905143836e-01
4153.4200000003 1.0009825423e+00
4153.4300000003 1.0022365168e+00
4153.4400000003 9.9908329585e-01
4153.4500000003 1.0025588703e+00
4153.4600000003 9.9849409290e-01
4153.4700000003 1.0031041570e+00
4153.4800000003 1.0019632287e+00
4153.4900000003 1.0010183178e+00
4153.5000000003 1.0013653992e+00
4153.5100000003 1.0005872635e+00
4153.5200000003 9.9681508767e-01
4153.5300000003 1.0038185049e+00
4153.5400000003 9.9906802779e-01
4153.5500000003 1.0007551272e+00
4153.5600000003 1.0010728864e+00
4153.5700000003 1.0005329042e+00
4153.5800000003 9.9808587596e-01
4153.5900000003 9.9972846631e-01
4153.6000000003 9.9753696925e-01
4153.6100000003 9.9816816480e-01
4153.6200000003 1.0000699950e+00
4153.6300000003 1.0012821789e+00
4153.6400000003 1.0019425545e+00
4153.6500000003 9.9794882563e-01
4153.6600000003 9.9898026870e-01
4153.6700000003 1.0025045120e+00
4153.6800000003 9.9772547727e-01
4153.6900000003 1.0024625059e+00
4153.7000000003 1.0018685551e+00
4153.7100000003 1.0007587096e+00
4153.7200000003 9.9904326052e-01
4153.7300000003 1.0028764179e+00
4153.7400000003 1.0006736824e+00
4153.7500000003 9.9901827354e-01
4153.7600000003 9.9713159490e-01
4153.7700000003 1.0032339468e+00
4153.7800000003 9.9690698073e-01
4153.7900000003 1.0008180848e+00
4153.8000000003 9.9949720545e-01
4153.8100000003 1.0012049419e+00
4153.8200000003 9.9875981896e-01
4153.8300000003 9.9878926654e-01
4153.8400000003 9.9926217575e-01
4153.8500000003 1.0007647568e+00
4153.8600000003 1.0022152027e+00
4153.8700000003 1.0020240531e+00
4153.8800000003 1.0012344870e+00
4153.8900000003 1.0058337452e+00
4153.9000000003 9.9970469947e-01
4153.9100000003 9.9746021701e-01
4153.9200000003 9.9687871851e-01
4153.9300000003 1.0017330847e+00
4153.9400000003 9.9924946543e-01
4153.9500000003 1.0004031447e+00
4153.9600000003 1.0007447984e+00
4153.9700000003 1.0018029659e+00
4153.9800000003 9.9789172792e-01
4153.9900000003 1.0019393413e+00
4154.0000000003 1.0011389205e+00
4154.0100000003 1.0018865225e+00
4154.0200000003 9.9872079690e-01
4154.0300000003 9.9921339865e-01
4154.0400000003 9.9642468344e-01
4154.0500000003 9.9748374047e-01
4154.0600000003 9.9967518219e-01
4154.0700000003 9.9790169909e-01
4154.0800000003 9.9770055673e-01
4154.0900000003 9.9659689919e-01
4154.1000000003 9.9895983048e-01
4154.1100000003 1.0002326559e+00
4154.1200000003 1.0014843414e+00
4154.1300000003 9.9994584958e-01
4154.1400000003 9.9990805824e-01
4154.1500000003 9.9216173003e-01
4154.1600000003 1.0007441800e+00
4154.1700000003 1.0024852744e+00
4154.1800000003 1.0005729079e+00
4154.1900000003 9.9895457953e-01
4154.2000000003 9.9969101599e-01
4154.2100000003 9.9828272236e-01
4154.2200000003 9.9846058517e-01
4154.2300000003 1.0023621585e+00
4154.2400000003 1.0002056648e+00
4154.2500000003 9.9968589649e-01
4154.2600000003 9.9546607593e-01
4154.2700000003 9.9979034105e-01
4154.2800000003 1.0020909803e+00
4154.2900000003 9.9807733413e-01
4154.3000000003 9.9707237761e-01
4154.3100000003 9.9807995721e-01
4154.3200000003 1.0033521018e+00
4154.3300000003 9.9991419704e-01
4154.3400000003 9.9875328686e-01
4154.3500000003 9.9807248807e-01
4154.3600000003 9.9602653975e-01
4154.3700000003 1.0022720357e+00
4154.3800000003 9.9916829389e-01
4154.3900000003 9.9954425966e-01
4154.4000000003 1.0008633764e+00
4154.4100000003 9.9893571150e-01
4154.4200000003 9.9861993020e-01
4154.4300000003 9.9928824163e-01
4154.4400000003 1.0011447936e+00
4154.4500000003 9.9770143621e-01
4154.4600000003 1.0008353931e+00
4154.4700000003 9.9635527718e-01
4154.4800000003 1.0017593086e+00
4154.4900000003 1.0006320823e+00
4154.5000000003 9.9864819042e-01
4154.5100000003 9.9957104494e-01
4154.5200000003 1.0004383985e+00
4154.5300000003 1.0006005475e+00
4154.5400000004 1.0005334148e+00
4154.5500000004 1.0023733354e+00
4154.5600000004 9.9983529820e-01
4154.5700000004 9.9948867328e-01
4154.5800000004 9.9817200134e-01
4154.5900000004 9.9885251753e-01
4154.6000000004 9.9845271369e-01
4154.6100000004 9.9910229062e-01
4154.6200000004 9.9750446083e-01
4154.6300000004 1.0020079254e+00
4154.6400000004 1.0004270687e+00
4154.6500000004 1.0019858927e+00
4154.6600000004 1.0008313178e+00
4154.6700000004 1.0011528272e+00
4154.6800000004 1.0000736472e+00
4154.6900000004 9.9937874464e-01
4154.7000000004 1.0013797347e+00
4154.7100000004 1.0001735216e+00
4154.7200000004 9.9837296822e-01
4154.7300000004 9.9912561285e-01
4154.7400000004 9.9824239945e-01
4154.7500000004 1.0033467850e+00
4154.7600000004 1.0011684241e+00
4154.7700000004 9.9979860773e-01
4154.7800000004 1.0063676328e+00
4154.7900000004 9.9821525248e-01
4154.8000000004 9.9848960871e-01
4154.8100000004 1.0011094128e+00
4154.8200000004 9.9960192218e-01
4154.8300000004 1.0017804313e+00
4154.8400000004 9.9375271982e-01
4154.8500000004 1.0011367367e+00
4154.8600000004 1.0006923150e+00
4154.8700000004 1.0033670208e+00
4154.8800000004 1.0014501608e+00
4154.8900000004 1.0011604108e+00
4154.9000000004 1.0048197965e+00
4154.9100000004 9.9930595161e-01
4154.9200000004 9.9841306558e-01
4154.9300000004 9.9982335949e-01
4154.9400000004 1.0009764655e+00
4154.9500000004 1.0017738703e+00
4154.9600000004 9.9876548715e-01
4154.9700000004 9.9934869938e-01
4154.9800000004 9.9861318140e-01
4154.9900000004 9.9971139890e-01
4155.0000000004 1.0057233080e+00
4155.0100000004 9.9891085976e-01
4155.0200000004 9.9707034994e-01
4155.0300000004 9.9692416389e-01
4155.0400000004 1.0032471126e+00
4155.0500000004 1.0013144274e+00
4155.0600000004 9.9940864581e-01
4155.0700000004 1.0002866794e+00
4155.0800000004 1.0024625594e+00
4155.0900000004 1.0013532473e+00
4155.1000000004 1.0010899998e+00
4155.1100000004 1.0005779742e+00
4155.1200000004 1.0021324958e+00
4155.1300000004 1.0010234215e+00
4155.1400000004 1.0011175021e+00
4155.1500000004 1.0035021227e+00
4155.1600000004 9.9811361487e-01
4155.1700000004 9.9976843768e-01
4155.1800000004 1.0008847880e+00
4155.1900000004 9.9684970707e-01
4155.2000000004 1.0006195143e+00
4155.2100000004 1.0026345592e+00
4155.2200000004 1.0014855147e+00
4155.2300000004 1.0025477847e+00
4155.2400000004 1.0004885169e+00
4155.2500000004 1.0005468832e+00
4155.2600000004 1.0014851989e+00
4155.2700000004 1.0006785065e+00
4155.2800000004 9.9977294991e-01
4155.2900000004 9.9739784499e-01
4155.3000000004 1.0000225376e+00
4155.3100000004 1.0014287457e+00
4155.3200000004 1.0023020484e+00
4155.3300000004 1.0044308048e+00
4155.3400000004 1.0009658929e+00
4155.3500000004 9.9933699032e-01
4155.3600000004 9.9667739507e-01
4155.3700000004 1.0012165231e+00
4155.3800000004 9.9921866372e-01
4155.3900000004 9.9943552729e-01
4155.4000000004 9.9999850883e-01
4155.4100000004 9.9935633037e-01
4155.4200000004 1.0005383337e+00
4155.4300000004 9.9935617810e-01
4155.4400000004 1.0003200641e+00
4155.4500000004 1.0029934463e+00
4155.4600000004 9.9765999906e-01
4155.4700000004 9.9557337655e-01
4155.4800000004 9.9872097167e-01
4155.4900000004 9.9888210024e-01
4155.5000000004 1.0007756477e+00
4155.5100000004 1.0001300167e+00
4155.5200000004 9.9900951145e-01
4155.5300000004 1.0005941363e+00
4155.5400000004 9.9976193120e-01
4155.5500000004 9.9770641354e-01
4155.5600000004 9.9965206777e-01
4155.5700000004 1.0008833187e+00
4155.5800000004 9.9839337563e-01
4155.5900000004 9.9874486412e-01
4155.6000000004 1.0003957418e+00
4155.6100000004 1.0014792316e+00
4155.6200000004 1.0036347659e+00
4155.6300000004 1.0026013219e+00
4155.6400000004 1.0029453261e+00
4155.6500000004 1.0019524931e+00
4155.6600000004 1.0007003916e+00
4155.6700000004 9.9921224134e-01
4155.6800000004 9.9625848758e-01
4155.6900000004 1.0012879986e+00
4155.7000000004 1.0004573166e+00
4155.7100000004 1.0005593466e+00
4155.7200000004 1.0030166564e+00
4155.7300000004 9.9961462918e-01
4155.7400000004 9.9644540344e-01
4155.7500000004 9.9876297153e-01
4155.7600000004 1.0001059666e+00
4155.7700000004 1.0024662465e+00
4155.7800000004 9.9733939910e-01
4155.7900000004 1.0017930077e+00
4155.8000000004 1.0016870905e+00
4155.8100000004 1.0020335077e+00
4155.8200000004 9.9993280192e-01
4155.8300000004 9.9935466730e-01
4155.8400000004 1.0029496988e+00
4155.8500000004 9.9945033575e-01
4155.8600000004 1.0029858896e+00
4155.8700000004 1.0005943080e+00
4155.8800000004 1.0000960999e+00
4155.8900000004 1.0035478217e+00
4155.9000000004 1.0000436619e+00
4155.9100000004 9.9922895601e-01
4155.9200000004 1.0007440394e+00
4155.9300000004 9.9910982981e-01
4155.9400000004 1.0006407865e+00
4155.9500000004 9.9643495242e-01
4155.9600000004 1.0004874210e+00
4155.9700000004 9.9647224913e-01
4155.9800000004 1.0032219371e+00
4155.9900000004 1.0031297229e+00
4156.0000000004 9.9934586262e-01
4156.0100000004 1.0020394505e+00
4156.0200000004 1.0021228246e+00
4156.0300000004 9.9887504958e-01
4156.0400000004 9.9846175170e-01
4156.0500000004 9.9851689188e-01
4156.0600000004 9.9964379316e-01
4156.0700000004 9.9733933354e-01
4156.0800000004 1.0010540738e+00
4156.0900000004 9.9958811357e-01
4156.1000000004 9.9786827962e-01
4156.1100000004 1.0009510433e+00
4156.1200000004 1.0007655135e+00
4156.1300000004 9.9856649468e-01
4156.1400000004 9.9296387027e-01
4156.1500000004 1.0007212087e+00
4156.1600000004 9.9874944817e-01
4156.1700000004 9.9734165024e-01
4156.1800000004 1.0019948693e+00
4156.1900000004 9.9883979311e-01
4156.2000000004 9.9994011957e-01
4156.2100000004 1.0026255468e+00
4156.2200000004 1.0004934899e+00
4156.2300000004 9.9854153518e-01
4156.2400000004 9.9877739546e-01
4156.2500000004 1.0043174600e+00
4156.2600000004 9.9635725495e-01
4156.2700000004 1.0010495207e+00
4156.2800000004 9.9954186870e-01
4156.2900000004 9.9623076855e-01
4156.3000000004 1.0018368983e+00
4156.3100000004 1.0020689534e+00
4156.3200000004 1.0005106894e+00
4156.3300000004 1.0010434560e+00
4156.3400000004 1.0017285006e+00
4156.3500000004 1.0018545012e+00
4156.3600000004 9.9975757381e-01
4156.3700000004 1.0015327113e+00
4156.3800000004 1.0002428812e+00
4156.3900000004 9.9851235332e-01
4156.4000000004 9.9819610799e-01
4156.4100000004 1.0017220958e+00
4156.4200000004 9.9770232875e-01
4156.4300000004 9.9757906667e-01
4156.4400000004 1.0013512335e+00
4156.4500000004 1.0000767736e+00
4156.4600000004 9.9708031640e-01
4156.4700000004 9.9596597818e-01
4156.4800000004 9.9977087598e-01
4156.4900000004 9.9764710598e-01
4156.5000000004 9.9917937956e-01
4156.5100000004 9.9856427097e-01
4156.5200000004 9.9867042630e-01
4156.5300000004 9.9765428510e-01
4156.5400000004 9.9848676749e-01
4156.5500000004 9.9825133302e-01
4156.5600000004 1.0000345737e+00
4156.5700000004 1.0004285288e+00
4156.5800000004 9.9952881143e-01
4156.5900000004 9.9839051413e-01
4156.6000000004 9.9683808255e-01
4156.6100000004 9.9806047404e-01
4156.6200000004 9.9924618451e-01
4156.6300000004 9.9539512361e-01
4156.6400000004 9.9948089361e-01
4156.6500000004 1.0014882676e+00
4156.6600000004 1.0007234320e+00
4156.6700000004 9.9954946026e-01
4156.6800000004 1.0037519321e+00
4156.6900000004 9.9730281935e-01
4156.7000000004 9.9988789073e-01
4156.7100000004 1.0019275742e+00
4156.7200000004 9.9913789099e-01
4156.7300000004 1.0005811093e+00
4156.7400000004 1.0008294936e+00
4156.7500000004 9.9974925011e-01
4156.7600000004 1.0003145581e+00
4156.7700000004 9.9921083606e-01
4156.7800000004 1.0001255078e+00
4156.7900000004 1.0030893025e+00
4156.8000000004 9.9849113289e-01
4156.8100000004 1.0006324582e+00
4156.8200000004 9.9981741653e-01
4156.8300000004 1.0027248328e+00
4156.8400000004 9.9819318425e-01
4156.8500000004 1.0011710822e+00
4156.8600000004 9.9855638877e-01
4156.8700000004 1.0009240481e+00
4156.8800000004 1.0003466787e+00
4156.8900000004 9.9953456609e-01
4156.9000000004 1.0010249100e+00
4156.9100000004 9.9958713314e-01
4156.9200000004 1.0011900022e+00
4156.9300000004 1.0010222056e+00
4156.9400000004 9.9912975363e-01
4156.9500000004 1.0038421390e+00
4156.9600000004 9.9972853919e-01
4156.9700000004 1.0034471058e+00
4156.9800000004 1.0030568876e+00
4156.9900000004 9.9886496482e-01
4157.0000000004 9.9776994749e-01
4157.0100000004 1.0010911518e+00
4157.0200000004 1.0041432835e+00
4157.0300000004 9.9753034133e-01
4157.0400000004 9.9981650733e-01
4157.0500000004 1.0020428406e+00
4157.0600000004 9.9816636555e-01
4157.0700000004 1.0000115523e+00
4157.0800000004 1.0022851387e+00
4157.0900000004 1.0001290305e+00
4157.1000000004 9.9725768908e-01
4157.1100000004 1.0010427964e+00
4157.1200000004 1.0017022779e+00
4157.1300000004 1.0008165338e+00
4157.1400000004 1.0038090236e+00
4157.1500000004 9.9979771984e-01
4157.1600000004 1.0016381981e+00
4157.1700000004 9.9919481312e-01
4157.1800000004 9.9983269957e-01
4157.1900000004 1.0000869669e+00
4157.2000000004 9.9611119341e-01
4157.2100000004 9.9807298609e-01
4157.2200000004 9.9998795220e-01
4157.2300000004 9.9948783611e-01
4157.2400000004 9.9911838463e-01
4157.2500000004 1.0000835071e+00
4157.2600000004 9.9843956716e-01
4157.2700000004 1.0013270695e+00
4157.2800000004 1.0026776013e+00
4157.2900000004 9.9951508758e-01
4157.3000000004 1.0017227102e+00
4157.3100000004 9.9672280408e-01
4157.3200000004 9.9816674330e-01
4157.3300000004 1.0012308400e+00
4157.3400000004 1.0006733842e+00
4157.3500000004 1.0002066759e+00
4157.3600000004 9.9871687848e-01
4157.3700000004 1.0006014070e+00
4157.3800000004 1.0015214545e+00
4157.3900000004 9.9780725652e-01
4157.4000000004 1.0004275849e+00
4157.4100000004 9.9881971950e-01
4157.4200000004 9.9944345894e-01
4157.4300000004 9.9634370756e-01
4157.4400000004 9.9824510456e-01
4157.4500000004 1.0034414794e+00
4157.4600000004 1.0001936108e+00
4157.4700000004 1.0006999497e+00
4157.4800000004 9.9827027017e-01
4157.4900000004 9.9955178983e-01
4157.5000000004 1.0019768697e+00
4157.5100000004 9.9688316070e-01
4157.5200000004 9.9855396472e-01
4157.5300000004 9.9788743953e-01
4157.5400000004 9.9861100337e-01
4157.5500000004 9.9957543293e-01
4157.5600000004 9.9910756037e-01
4157.5700000004 9.9835267321e-01
4157.5800000004 1.0022545585e+00
4157.5900000004 1.0006950356e+00
4157.6000000004 1.0006041738e+00
4157.6100000004 1.0003899106e+00
4157.6200000004 9.9610233384e-01
4157.6300000004 9.9887280675e-01
4157.6400000004 9.9905311919e-01
4157.6500000004 1.0012482072e+00
4157.6600000004 9.9873862269e-01
4157.6700000004 9.9807680087e-01
4157.6800000004 9.9949515047e-01
4157.6900000004 9.9672230550e-01
4157.7000000004 1.0005476918e+00
4157.7100000004 1.0030108295e+00
4157.7200000004 1.0019717783e+00
4157.7300000004 9.9764641707e-01
4157.7400000004 9.9858585699e-01
4157.7500000004 1.0021169394e+00
4157.7600000004 1.0011493401e+00
4157.7700000004 1.0013436526e+00
4157.7800000004 9.9974783788e-01
4157.7900000004 1.0016024016e+00
4157.8000000004 1.0015188716e+00
4157.8100000004 9.9996311238e-01
4157.8200000004 1.0008721706e+00
4157.8300000004 9.9482551902e-01
4157.8400000004 9.9877445481e-01
4157.8500000004 1.0014342622e+00
4157.8600000004 1.0009721348e+00
4157.8700000004 1.0012173907e+00
4157.8800000004 9.9950737587e-01
4157.8900000004 9.9882245138e-01
4157.9000000004 9.9973289890e-01
4157.9100000004 9.9911311818e-01
4157.9200000004 1.0012019415e+00
4157.9300000004 9.9807426267e-01
4157.9400000004 1.0032618757e+00
4157.9500000004 1.0015484956e+00
4157.9600000004 1.0019939381e+00
4157.9700000004 9.9763441450e-01
4157.9800000004 9.9474187883e-01
4157.9900000004 1.0008662157e+00
4158.0000000004 9.9954456085e-01
4158.0100000004 9.9953616021e-01
4158.0200000004 9.9772070419e-01
4158.0300000004 9.9936108411e-01
4158.0400000004 9.9807446995e-01
4158.0500000004 1.0010210560e+00
4158.0600000004 1.0020163344e+00
4158.0700000004 1.0002353534e+00
4158.0800000004 1.0031468249e+00
4158.0900000004 1.0014477249e+00
4158.1000000004 9.9917873871e-01
4158.1100000004 1.0028896857e+00
4158.1200000004 9.9628657285e-01
4158.1300000004 1.0025571697e+00
4158.1400000004 9.9714580396e-01
4158.1500000004 1.0025252159e+00
4158.1600000004 1.0016759196e+00
4158.1700000004 1.0006653267e+00
4158.1800000004 1.0009089277e+00
4158.1900000004 9.9975649716e-01
4158.2000000004 9.9467883637e-01
4158.2100000004 1.0012019356e+00
4158.2200000004 1.0033010300e+00
4158.2300000004 1.0010015985e+00
4158.2400000004 9.9917426195e-01
4158.2500000004 9.9922495811e-01
4158.2600000004 9.9925526453e-01
4158.2700000004 1.0034174517e+00
4158.2800000004 9.9637484208e-01
4158.2900000004 9.9871938635e-01
4158.3000000004 9.9747922619e-01
4158.3100000004 9.9930171493e-01
4158.3200000004 1.0014383702e+00
4158.3300000004 9.9963685280e-01
4158.3400000004 9.9982130633e-01
4158.3500000004 1.0009031455e+00
4158.3600000004 9.9895290318e-01
4158.3700000004 9.9839088717e-01
4158.3800000004 1.0001017815e+00
4158.3900000004 1.0014068660e+00
4158.4000000004 1.0010047679e+00
4158.4100000004 1.0031871656e+00
4158.4200000004 1.0008217317e+00
4158.4300000004 1.0028743123e+00
4158.4400000004 9.9799058090e-01
4158.4500000004 9.9851342139e-01
4158.4600000004 9.9934400591e-01
4158.4700000004 9.9705978330e-01
4158.4800000004 9.9629773234e-01
4158.4900000004 1.0012532692e+00
4158.5000000004 1.0042612371e+00
4158.5100000004 1.0028654226e+00
4158.5200000004 9.9932591181e-01
4158.5300000004 1.0021300512e+00
4158.5400000004 1.0006435585e+00
4158.5500000004 1.0015475319e+00
4158.5600000004 9.9856912438e-01
4158.5700000004 1.0015034547e+00
4158.5800000004 1.0002308338e+00
4158.5900000004 9.9797795692e-01
4158.6000000004 1.0029399814e+00
4158.6100000004 9.9523731449e-01
4158.6200000004 1.0011325941e+00
4158.6300000004 1.0001979749e+00
4158.6400000004 9.9724621959e-01
4158.6500000004 1.0011869930e+00
4158.6600000004 9.9890246453e-01
4158.6700000004 9.9928104597e-01
4158.6800000004 1.0007658448e+00
4158.6900000004 9.9723870013e-01
4158.7000000004 9.9888363896e-01
4158.7100000004 9.9826188230e-01
4158.7200000004 9.9785820919e-01
4158.7300000004 9.9993809889e-01
4158.7400000004 9.9950761186e-01
4158.7500000004 9.9831741749e-01
4158.7600000004 1.0009449029e+00
4158.7700000004 9.9970991145e-01
4158.7800000004 1.0009838737e+00
4158.7900000004 9.9915694329e-01
4158.8000000004 9.9919370602e-01
4158.8100000004 1.0023222003e+00
4158.8200000004 1.0033529719e+00
4158.8300000004 9.9827488985e-01
4158.8400000004 1.0023529187e+00
4158.8500000004 1.0012398349e+00
4158.8600000004 1.0017626391e+00
4158.8700000004 9.9803172997e-01
4158.8800000004 9.9947577572e-01
4158.8900000004 9.9800476317e-01
4158.9000000004 1.0007323362e+00
4158.9100000004 1.0035640628e+00
4158.9200000004 9.9883935331e-01
4158.9300000004 9.9953421955e-01
4158.9400000004 1.0004974746e+00
4158.9500000004 9.9978184332e-01
4158.9600000004 1.0005047922e+00
4158.9700000004 9.9749560811e-01
4158.9800000004 9.9883970777e-01
4158.9900000004 9.9700993635e-01
4159.0000000004 9.9910862186e-01
4159.0100000004 9.9848258720e-01
4159.0200000004 9.9667675106e-01
4159.0300000004 1.0021112341e+00
4159.0400000004 1.0039573490e+00
4159.0500000004 9.9880511683e-01
4159.0600000004 9.9795266257e-01
4159.0700000004 1.0005200275e+00
4159.0800000004 9.9856094890e-01
4159.0900000004 9.9660793672e-01
4159.1000000004 9.9948114299e-01
4159.1100000004 1.0001156042e+00
4159.1200000005 9.9801589738e-01
4159.1300000005 9.9851304407e-01
4159.1400000005 1.0033351993e+00
4159.1500000005 1.0032434200e+00
4159.1600000005 9.9806342338e-01
4159.1700000005 1.0008004400e+00
4159.1800000005 9.9900324704e-01
4159.1900000005 9.9650504585e-01
4159.2000000005 1.0040486883e+00
4159.2100000005 9.9808610270e-01
4159.2200000005 1.0004068775e+00
4159.2300000005 9.9829270140e-01
4159.2400000005 1.0003538251e+00
4159.2500000005 1.0008799292e+00
4159.2600000005 9.9863923553e-01
4159.2700000005 9.9985616271e-01
4159.2800000005 9.9736097307e-01
4159.2900000005 1.0034785555e+00
4159.3000000005 9.9687751143e-01
4159.3100000005 1.0024835789e+00
4159.3200000005 1.0001172018e+00
4159.3300000005 1.0028653919e+00
4159.3400000005 9.9944184380e-01
4159.3500000005 9.9809112058e-01
4159.3600000005 9.9975034154e-01
4159.3700000005 1.0005786124e+00
4159.3800000005 1.0011754808e+00
4159.3900000005 1.0021487998e+00
4159.4000000005 1.0021853109e+00
4159.4100000005 9.9845234811e-01
4159.4200000005 9.9986427805e-01
4159.4300000005 9.9534638898e-01
4159.4400000005 1.0019219520e+00
4159.4500000005 1.0016797886e+00
4159.4600000005 1.0020742726e+00
4159.4700000005 1.0002887774e+00
4159.4800000005 9.9726118310e-01
4159.4900000005 9.9924408113e-01
4159.5000000005 1.0032888223e+00
4159.5100000005 1.0010881138e+00
4159.5200000005 9.9804012062e-01
4159.5300000005 1.0006450438e+00
4159.5400000005 1.0021380012e+00
4159.5500000005 1.0024588584e+00
4159.5600000005 1.0012275288e+00
4159.5700000005 9.9752334482e-01
4159.5800000005 1.0020328391e+00
4159.5900000005 9.9972991927e-01
4159.6000000005 1.0000625633e+00
4159.6100000005 9.9861603321e-01
4159.6200000005 9.9976092031e-01
4159.6300000005 9.9914036178e-01
4159.6400000005 1.0003016935e+00
4159.6500000005 9.9684703849e-01
4159.6600000005 1.0038233219e+00
4159.6700000005 1.0020142869e+00
4159.6800000005 1.0022099695e+00
4159.6900000005 9.9671555957e-01
4159.7000000005 9.9964420343e-01
4159.7100000005 1.0041207832e+00
4159.7200000005 1.0018150228e+00
4159.7300000005 1.0015903079e+00
4159.7400000005 1.0012485284e+00
4159.7500000005 1.0046475205e+00
4159.7600000005 1.0029715265e+00
4159.7700000005 1.0012335712e+00
4159.7800000005 1.0005025345e+00
4159.7900000005 9.9971311204e-01
4159.8000000005 1.0008745569e+00
4159.8100000005 1.0003233057e+00
4159.8200000005 1.0021621986e+00
4159.8300000005 9.9881620947e-01
4159.8400000005 1.0021237445e+00
4159.8500000005 1.0026790194e+00
4159.8600000005 9.9987352757e-01
4159.8700000005 9.9834115646e-01
4159.8800000005 1.0034214516e+00
4159.8900000005 1.0000674641e+00
4159.9000000005 1.0020161696e+00
4159.9100000005 9.9825640135e-01
4159.9200000005 9.9679479260e-01
4159.9300000005 1.0005086729e+00
4159.9400000005 1.0007670790e+00
4159.9500000005 9.9962670938e-01
4159.9600000005 1.0016541300e+00
4159.9700000005 1.0040702590e+00
4159.9800000005 1.0021549647e+00
4159.9900000005 9.9725778747e-01
4160.0000000005 1.0004444218e+00
4160.0100000005 9.9966338846e-01
4160.0200000005 1.0010541909e+00
4160.0300000005 9.9685961809e-01
4160.0400000005 9.9614128456e-01
4160.0500000005 1.0012024160e+00
4160.0600000005 9.9928722390e-01
4160.0700000005 9.9950014909e-01
4160.0800000005 9.9836667412e-01
4160.0900000005 9.9800074951e-01
4160.1000000005 1.0015455175e+00
4160.1100000005 1.0014429996e+00
4160.1200000005 9.9862308392e-01
4160.1300000005 9.9576623966e-01
4160.1400000005 9.9704877950e-01
4160.1500000005 9.9872253798e-01
4160.1600000005 1.0016619267e+00
4160.1700000005 1.0002298156e+00
4160.1800000005 1.0014077022e+00
4160.1900000005 1.0027378899e+00
4160.2000000005 1.0007233901e+00
4160.2100000005 9.9897236700e-01
4160.2200000005 9.9836878137e-01
4160.2300000005 9.9909958073e-01
4160.2400000005 1.0018065696e+00
4160.2500000005 9.9607295459e-01
4160.2600000005 9.9940638526e-01
4160.2700000005 1.0010569988e+00
4160.2800000005 1.0013768372e+00
4160.2900000005 1.0020269242e+00
4160.3000000005 1.0043495127e+00
4160.3100000005 1.0028723346e+00
4160.3200000005 9.9734005044e-01
4160.3300000005 1.0000855840e+00
4160.3400000005 9.9812377254e-01
4160.3500000005 9.9918953237e-01
4160.3600000005 1.0007811299e+00
4160.3700000005 9.9997628745e-01
4160.3800000005 1.0001600297e+00
4160.3900000005 9.9850524500e-01
4160.4000000005 1.0010334702e+00
4160.4100000005 9.9864061024e-01
4160.4200000005 1.0002588384e+00
4160.4300000005 9.9913717496e-01
4160.4400000005 1.0008381227e+00
4160.4500000005 9.9724492609e-01
4160.4600000005 1.0014041101e+00
4160.4700000005 1.0039445628e+00
4160.4800000005 1.0011123023e+00
4160.4900000005 9.9631724653e-01
4160.5000000005 1.0032403406e+00
4160.5100000005 9.9878955219e-01
4160.5200000005 9.9973526337e-01
4160.5300000005 1.0008677683e+00
4160.5400000005 1.0009799717e+00
4160.5500000005 1.0011222287e+00
4160.5600000005 9.9522886232e-01
4160.5700000005 9.9771226360e-01
4160.5800000005 9.9910956626e-01
4160.5900000005 1.0017986642e+00
4160.6000000005 1.0015724514e+00
4160.6100000005 1.0030183146e+00
4160.6200000005 9.9932831756e-01
4160.6300000005 9.9857599601e-01
4160.6400000005 9.9854606014e-01
4160.6500000005 1.0001819913e+00
4160.6600000005 9.9912538376e-01
4160.6700000005 9.9953682830e-01
4160.6800000005 9.9929325506e-01
4160.6900000005 1.0029877821e+00
4160.7000000005 1.0000391020e+00
4160.7100000005 9.9650205134e-01
4160.7200000005 9.9996494928e-01
4160.7300000005 1.0023088256e+00
4160.7400000005 9.9809978662e-01
4160.7500000005 9.9705173358e-01
4160.7600000005 9.9847632556e-01
4160.7700000005 9.9824325736e-01
4160.7800000005 1.0003041185e+00
4160.7900000005 1.0003035073e+00
4160.8000000005 1.0017458124e+00
4160.8100000005 9.9958575057e-01
4160.8200000005 1.0008353633e+00
4160.8300000005 1.0014885729e+00
4160.8400000005 9.9748422055e-01
4160.8500000005 1.0049739629e+00
4160.8600000005 9.9947493101e-01
4160.8700000005 9.9996109049e-01
4160.8800000005 1.0015686152e+00
4160.8900000005 1.0034623014e+00
4160.9000000005 9.9798714783e-01
4160.9100000005 9.9865918682e-01
4160.9200000005 9.9859998578e-01
4160.9300000005 1.0002835507e+00
4160.9400000005 1.0017020950e+00
4160.9500000005 9.9609237044e-01
4160.9600000005 9.9935383957e-01
4160.9700000005 1.0041292602e+00
4160.9800000005 1.0008005934e+00
4160.9900000005 1.0012607320e+00
4161.0000000005 9.9883670960e-01
4161.0100000005 9.9733590573e-01
4161.0200000005 9.9811718567e-01
4161.0300000005 1.0006577038e+00
4161.0400000005 1.0016876517e+00
4161.0500000005 1.0000007982e+00
4161.0600000005 1.0004665566e+00
4161.0700000005 1.0001698086e+00
4161.0800000005 9.9994364213e-01
4161.0900000005 1.0011175891e+00
4161.1000000005 1.0039963726e+00
4161.1100000005 9.9864267237e-01
4161.1200000005 1.0017635733e+00
4161.1300000005 9.9626680490e-01
4161.1400000005 9.9885547839e-01
4161.1500000005 9.9634578488e-01
4161.1600000005 1.0010907063e+00
4161.1700000005 9.9769655206e-01
4161.1800000005 1.0004948371e+00
4161.1900000005 1.0010153611e+00
4161.2000000005 9.9924676245e-01
4161.2100000005 1.0041408185e+00
4161.2200000005 9.9762191289e-01
4161.2300000005 1.0018553872e+00
4161.2400000005 9.9810131982e-01
4161.2500000005 1.0024619476e+00
4161.2600000005 1.0010193599e+00
4161.2700000005 1.0022934539e+00
4161.2800000005 9.9765459118e-01
4161.2900000005 1.0013846720e+00
4161.3000000005 1.0031411064e+00
4161.3100000005 9.9964690039e-01
4161.3200000005 9.9838209745e-01
4161.3300000005 9.9967920568e-01
4161.3400000005 9.9875913992e-01
4161.3500000005 9.9678062569e-01
4161.3600000005 9.9746168119e-01
4161.3700000005 9.9408257960e-01
4161.3800000005 9.9819721148e-01
4161.3900000005 9.9801488471e-01
4161.4000000005 1.0007750051e+00
4161.4100000005 1.0030627476e+00
4161.4200000005 9.9922153731e-01
4161.4300000005 1.0028423658e+00
4161.4400000005 9.9981561555e-01
4161.4500000005 1.0018469578e+00
4161.4600000005 1.0024125191e+00
4161.4700000005 1.0030926580e+00
4161.4800000005 9.9972178959e-01
4161.4900000005 9.9936479521e-01
4161.5000000005 9.9855509112e-01
4161.5100000005 9.9753172654e-01
4161.5200000005 1.0030940361e+00
4161.5300000005 1.0019214325e+00
4161.5400000005 9.9823981600e-01
4161.5500000005 9.9813596847e-01
4161.5600000005 9.9924880417e-01
4161.5700000005 1.0014684316e+00
4161.5800000005 9.9920130490e-01
4161.5900000005 1.0025569820e+00
4161.6000000005 9.9862323175e-01
4161.6100000005 9.9868604201e-01
4161.6200000005 9.9503339028e-01
4161.6300000005 9.9919443282e-01
4161.6400000005 9.9729285515e-01
4161.6500000005 1.0040681639e+00
4161.6600000005 1.0005843039e+00
4161.6700000005 1.0009662740e+00
4161.6800000005 1.0035031848e+00
4161.6900000005 1.0003620616e+00
4161.7000000005 1.0009632219e+00
4161.7100000005 1.0005456264e+00
4161.7200000005 9.9745521913e-01
4161.7300000005 1.0039663999e+00
4161.7400000005 9.9883934970e-01
4161.7500000005 1.0007919576e+00
4161.7600000005 9.9618260687e-01
4161.7700000005 1.0012174871e+00
4161.7800000005 1.0031654924e+00
4161.7900000005 1.0026718510e+00
4161.8000000005 1.0030025729e+00
4161.8100000005 1.0017520403e+00
4161.8200000005 1.0006126441e+00
4161.8300000005 9.9968175546e-01
4161.8400000005 1.0004043817e+00
4161.8500000005 1.0018434790e+00
4161.8600000005 9.9899279640e-01
4161.8700000005 9.9902056237e-01
4161.8800000005 9.9837939020e-01
4161.8900000005 9.9618085727e-01
4161.9000000005 9.9861954147e-01
4161.9100000005 1.0000508128e+00
4161.9200000005 1.0020572372e+00
4161.9300000005 1.0025813478e+00
4161.9400000005 1.0003518687e+00
4161.9500000005 1.0020045679e+00
4161.9600000005 1.0014352201e+00
4161.9700000005 9.9955601456e-01
4161.9800000005 1.0012206927e+00
4161.9900000005 1.0036275559e+00
4162.0000000005 9.9962194849e-01
4162.0100000005 9.9995261685e-01
4162.0200000005 1.0018842948e+00
4162.0300000005 1.0012047514e+00
4162.0400000005 9.9792505702e-01
4162.0500000005 9.9909753926e-01
4162.0600000005 1.0016479252e+00
4162.0700000005 9.9703404153e-01
4162.0800000005 9.9918507236e-01
4162.0900000005 9.9799424265e-01
4162.1000000005 9.9960027096e-01
4162.1100000005 1.0034724019e+00
4162.1200000005 9.9922855361e-01
4162.1300000005 1.0029646391e+00
4162.1400000005 9.9955051670e-01
4162.1500000005 1.0054629681e+00
4162.1600000005 1.0032529177e+00
4162.1700000005 1.0021541993e+00
4162.1800000005 9.9763960848e-01
4162.1900000005 9.9576851673e-01
4162.2000000005 9.9696578137e-01
4162.2100000005 1.0018087963e+00
4162.2200000005 9.9825964788e-01
4162.2300000005 1.0001567937e+00
4162.2400000005 9.9980972100e-01
4162.2500000005 9.9961582897e-01
4162.2600000005 9.9767341640e-01
4162.2700000005 9.9919939978e-01
4162.2800000005 1.0013341031e+00
4162.2900000005 1.0027017950e+00
4162.3000000005 9.9901780262e-01
4162.3100000005 1.0019477740e+00
4162.3200000005 9.9630430182e-01
4162.3300000005 1.0011886010e+00
4162.3400000005 1.0017505205e+00
4162.3500000005 1.0045199888e+00
4162.3600000005 1.0044626234e+00
4162.3700000005 1.0038653345e+00
4162.3800000005 9.9710301570e-01
4162.3900000005 9.9889455498e-01
4162.4000000005 1.0008084278e+00
4162.4100000005 1.0015240014e+00
4162.4200000005 1.0018312078e+00
4162.4300000005 9.9904496240e-01
4162.4400000005 1.0013602234e+00
4162.4500000005 1.0003119250e+00
4162.4600000005 9.9932327639e-01
4162.4700000005 9.9881386131e-01
4162.4800000005 9.9967483534e-01
4162.4900000005 1.0007487102e+00
4162.5000000005 1.0023062279e+00
4162.5100000005 9.9834887630e-01
4162.5200000005 9.9565593733e-01
4162.5300000005 1.0015980756e+00
4162.5400000005 1.0001645930e+00
4162.5500000005 1.0003292445e+00
4162.5600000005 1.0002203528e+00
4162.5700000005 1.0012400533e+00
4162.5800000005 9.9760043379e-01
4162.5900000005 1.0010701965e+00
4162.6000000005 9.9801315172e-01
4162.6100000005 1.0012710613e+00
4162.6200000005 9.9814579152e-01
4162.6300000005 9.9861313724e-01
4162.6400000005 1.0002505801e+00
4162.6500000005 9.9899217985e-01
4162.6600000005 9.9920327724e-01
4162.6700000005 9.9678073305e-01
4162.6800000005 9.9895202519e-01
4162.6900000005 9.9774236821e-01
4162.7000000005 9.9916586583e-01
4162.7100000005 1.0041556835e+00
4162.7200000005 1.0009962150e+00
4162.7300000005 9.9789369190e-01
4162.7400000005 9.9729190639e-01
4162.7500000005 9.9846239532e-01
4162.7600000005 9.9975098331e-01
4162.7700000005 9.9874031904e-01
4162.7800000005 9.9784500263e-01
4162.7900000005 1.0001586663e+00
4162.8000000005 9.9918096047e-01
4162.8100000005 9.9861104492e-01
4162.8200000005 1.0032124803e+00
4162.8300000005 1.0009705568e+00
4162.8400000005 9.9671366196e-01
4162.8500000005 9.9557245335e-01
4162.8600000005 9.9878770566e-01
4162.8700000005 1.0003726989e+00
4162.8800000005 1.0015152475e+00
4162.8900000005 1.0000667320e+00
4162.9000000005 1.0017957917e+00
4162.9100000005 9.9876613071e-01
4162.9200000005 9.9907284243e-01
4162.9300000005 9.9955479840e-01
4162.9400000005 9.9878952787e-01
4162.9500000005 9.9932269957e-01
4162.9600000005 1.0004717175e+00
4162.9700000005 1.0011079476e+00
4162.9800000005 1.0003625319e+00
4162.9900000005 9.9867037341e-01
4163.0000000005 9.9649521347e-01
4163.0100000005 1.0008173392e+00
4163.0200000005 1.0004904423e+00
4163.0300000005 9.9962217701e-01
4163.0400000005 9.9732157544e-01
4163.0500000005 1.0027589303e+00
4163.0600000005 1.0009673322e+00
4163.0700000005 9.9682255367e-01
4163.0800000005 1.0020323327e+00
4163.0900000005 1.0010682718e+00
4163.1000000005 9.9773603992e-01
4163.1100000005 9.9741719449e-01
4163.1200000005 9.9805856772e-01
4163.1300000005 9.9937591456e-01
4163.1400000005 9.9966377173e-01
4163.1500000005 9.9671771669e-01
4163.1600000005 1.0020733538e+00
4163.1700000005 1.0023208394e+00
4163.1800000005 1.0010862808e+00
4163.1900000005 1.0043507935e+00
4163.2000000005 9.9968646223e-01
4163.2100000005 9.9813674198e-01
4163.2200000005 9.9657123284e-01
4163.2300000005 9.9763555608e-01
4163.2400000005 9.9707091969e-01
4163.2500000005 9.9985283292e-01
4163.2600000005 1.0025333500e+00
4163.2700000005 9.9922564433e-01
4163.2800000005 1.0001146031e+00
4163.2900000005 9.9924995874e-01
4163.3000000005 9.9747630002e-01
4163.3100000005 9.9839481358e-01
4163.3200000005 1.0017231771e+00
4163.3300000005 1.0015974544e+00
4163.3400000005 1.0016226025e+00
4163.3500000005 1.0005701741e+00
4163.3600000005 9.9971512315e-01
4163.3700000005 1.0038736565e+00
4163.3800000005 9.9986462426e-01
4163.3900000005 9.9825775229e-01
4163.4000000005 9.9781679388e-01
4163.4100000005 1.0000509285e+00
4163.4200000005 9.9677594337e-01
4163.4300000005 1.0010293955e+00
4163.4400000005 9.9623278558e-01
4163.4500000005 1.0027956537e+00
4163.4600000005 1.0018109743e+00
4163.4700000005 1.0016950931e+00
4163.4800000005 1.0002224655e+00
4163.4900000005 9.9819036200e-01
4163.5000000005 9.9804192414e-01
4163.5100000005 9.9947662850e-01
4163.5200000005 1.0001009724e+00
4163.5300000005 9.9825308947e-01
4163.5400000005 9.9826637884e-01
4163.5500000005 1.0012770766e+00
4163.5600000005 1.0066199543e+00
4163.5700000005 1.0032615287e+00
4163.5800000005 9.9489472807e-01
4163.5900000005 9.9776204680e-01
4163.6000000005 9.9796418749e-01
4163.6100000005 1.0002722821e+00
4163.6200000005 1.0000834383e+00
4163.6300000005 9.9954496400e-01
4163.6400000005 1.0026682589e+00
4163.6500000005 1.0013747635e+00
4163.6600000005 1.0007561533e+00
4163.6700000005 1.0003078974e+00
4163.6800000005 9.9864464907e-01
4163.6900000005 1.0011533292e+00
4163.7000000006 9.9795496266e-01
4163.7100000006 9.9994637610e-01
4163.7200000006 9.9756990523e-01
4163.7300000006 1.0012075834e+00
4163.7400000006 1.0002596407e+00
4163.7500000006 1.0022390349e+00
4163.7600000006 9.9913234318e-01
4163.7700000006 9.9858413791e-01
4163.7800000006 1.0015896494e+00
4163.7900000006 1.0006383403e+00
4163.8000000006 9.9986305687e-01
4163.8100000006 9.9776171148e-01
4163.8200000006 1.0041679494e+00
4163.8300000006 1.0005170767e+00
4163.8400000006 9.9845979998e-01
4163.8500000006 1.0038480511e+00
4163.8600000006 9.9769919996e-01
4163.8700000006 1.0024689895e+00
4163.8800000006 1.0012326707e+00
4163.8900000006 1.0020330158e+00
4163.9000000006 9.9973468393e-01
4163.9100000006 1.0028700089e+00
4163.9200000006 9.9912875582e-01
4163.9300000006 9.9801072542e-01
4163.9400000006 1.0019387720e+00
4163.9500000006 9.9820334601e-01
4163.9600000006 9.9988280078e-01
4163.9700000006 1.0022112825e+00
4163.9800000006 1.0017004733e+00
4163.9900000006 9.9972126869e-01
4164.0000000006 1.0001240869e+00
4164.0100000006 9.9841339320e-01
4164.0200000006 1.0003332263e+00
4164.0300000006 9.9990420515e-01
4164.0400000006 1.0015955521e+00
4164.0500000006 9.9842966362e-01
4164.0600000006 9.9922272678e-01
4164.0700000006 1.0019417776e+00
4164.0800000006 9.9733373845e-01
4164.0900000006 1.0002665533e+00
4164.1000000006 1.0006424794e+00
4164.1100000006 1.0013615640e+00
4164.1200000006 9.9774225069e-01
4164.1300000006 1.0002440682e+00
4164.1400000006 1.0007336975e+00
4164.1500000006 9.9761847514e-01
4164.1600000006 1.0011631211e+00
4164.1700000006 1.0010923047e+00
4164.1800000006 9.9946550570e-01
4164.1900000006 1.0006304615e+00
4164.2000000006 1.0019728601e+00
4164.2100000006 1.0002778767e+00
4164.2200000006 1.0000901778e+00
4164.2300000006 9.9958954493e-01
4164.2400000006 1.0016179384e+00
4164.2500000006 9.9898525484e-01
4164.2600000006 9.9960283103e-01
4164.2700000006 1.0029312549e+00
4164.2800000006 9.9864089892e-01
4164.2900000006 1.0036892883e+00
4164.3000000006 9.9964563684e-01
4164.3100000006 9.9913496708e-01
4164.3200000006 1.0017037294e+00
4164.3300000006 1.0015261292e+00
4164.3400000006 9.9862411274e-01
4164.3500000006 1.0011237003e+00
4164.3600000006 9.9776458479e-01
4164.3700000006 9.9781448995e-01
4164.3800000006 1.0010167398e+00
4164.3900000006 9.9590367500e-01
4164.4000000006 1.0019618474e+00
4164.4100000006 9.9944671053e-01
4164.4200000006 9.9821304511e-01
4164.4300000006 9.9836216866e-01
4164.4400000006 9.9908127276e-01
4164.4500000006 1.0001930591e+00
4164.4600000006 1.0001007883e+00
4164.4700000006 9.9796624987e-01
4164.4800000006 1.0000299328e+00
4164.4900000006 9.9763418895e-01
4164.5000000006 1.0018023518e+00
4164.5100000006 1.0005148558e+00
4164.5200000006 9.9918669104e-01
4164.5300000006 1.0022041962e+00
4164.5400000006 9.9813455121e-01
4164.5500000006 1.0000290099e+00
4164.5600000006 1.0022823323e+00
4164.5700000006 9.9873147151e-01
4164.5800000006 1.0011498085e+00
4164.5900000006 9.9821271381e-01
4164.6000000006 9.9982114955e-01
4164.6100000006 9.9948313569e-01
4164.6200000006 1.0019972889e+00
4164.6300000006 9.9968375933e-01
4164.6400000006 9.9735168475e-01
4164.6500000006 1.0003850623e+00
4164.6600000006 1.0007271264e+00
4164.6700000006 1.0033596240e+00
4164.6800000006 9.9815828302e-01
4164.6900000006 1.0013975981e+00
4164.7000000006 9.9792806155e-01
4164.7100000006 9.9995490280e-01
4164.7200000006 1.0008799549e+00
4164.7300000006 1.0041109376e+00
4164.7400000006 1.0017566994e+00
4164.7500000006 9.9809939528e-01
4164.7600000006 9.9946234688e-01
4164.7700000006 1.0000124887e+00
4164.7800000006 9.9909673186e-01
4164.7900000006 9.9596304996e-01
4164.8000000006 9.9934808656e-01
4164.8100000006 9.9727267999e-01
4164.8200000006 9.9782289855e-01
4164.8300000006 9.9942851465e-01
4164.8400000006 1.0021003895e+00
4164.8500000006 1.0052592444e+00
4164.8600000006 9.9947423667e-01
4164.8700000006 9.9730939154e-01
4164.8800000006 9.9944786768e-01
4164.8900000006 9.9868261985e-01
4164.9000000006 1.0005066933e+00
4164.9100000006 1.0002595908e+00
4164.9200000006 1.0017400311e+00
4164.9300000006 1.0014130652e+00
4164.9400000006 1.0030505862e+00
4164.9500000006 9.9977037398e-01
4164.9600000006 1.0028670064e+00
4164.9700000006 1.0020855253e+00
4164.9800000006 9.9624455221e-01
4164.9900000006 1.0033304085e+00
4165.0000000006 9.9992972084e-01
4165.0100000006 1.0013770720e+00
4165.0200000006 1.0013049373e+00
4165.0300000006 9.9923708949e-01
4165.0400000006 1.0025932157e+00
4165.0500000006 9.9906986622e-01
4165.0600000006 9.9928548510e-01
4165.0700000006 9.9608253960e-01
4165.0800000006 1.0026697410e+00
4165.0900000006 9.9980236113e-01
4165.1000000006 1.0001724580e+00
4165.1100000006 9.9979036018e-01
4165.1200000006 1.0027350176e+00
4165.1300000006 9.9988351399e-01
4165.1400000006 9.9732436465e-01
4165.1500000006 1.0012850183e+00
4165.1600000006 1.0000703226e+00
4165.1700000006 1.0021637757e+00
4165.1800000006 9.9900159434e-01
4165.1900000006 9.9779007133e-01
4165.2000000006 1.0023454084e+00
4165.2100000006 9.9948968045e-01
4165.2200000006 1.0021011295e+00
4165.2300000006 1.0005807066e+00
4165.2400000006 1.0038517743e+00
4165.2500000006 1.0013706175e+00
4165.2600000006 1.0011556646e+00
4165.2700000006 9.9889900043e-01
4165.2800000006 1.0010631396e+00
4165.2900000006 9.9985555105e-01
4165.3000000006 1.0014516978e+00
4165.3100000006 9.9853986463e-01
4165.3200000006 1.0053275468e+00
4165.3300000006 9.9662156384e-01
4165.3400000006 1.0006639943e+00
4165.3500000006 9.9916734302e-01
4165.3600000006 9.9548686426e-01
4165.3700000006 1.0018751652e+00
4165.3800000006 1.0033523329e+00
4165.3900000006 1.0006790368e+00
4165.4000000006 9.9796457964e-01
4165.4100000006 9.9895976862e-01
4165.4200000006 9.9713820297e-01
4165.4300000006 9.9886492101e-01
4165.4400000006 1.0007855452e+00
4165.4500000006 1.0010148001e+00
4165.4600000006 1.0000613913e+00
4165.4700000006 1.0009733648e+00
4165.4800000006 1.0015934781e+00
4165.4900000006 9.9869551744e-01
4165.5000000006 1.0046088974e+00
4165.5100000006 1.0005657557e+00
4165.5200000006 1.0014674095e+00
4165.5300000006 1.0020411664e+00
4165.5400000006 1.0015362347e+00
4165.5500000006 9.9890849184e-01
4165.5600000006 9.9967997865e-01
4165.5700000006 1.0011516895e+00
4165.5800000006 1.0011536946e+00
4165.5900000006 9.9709677649e-01
4165.6000000006 9.9945146578e-01
4165.6100000006 1.0005501579e+00
4165.6200000006 1.0035921293e+00
4165.6300000006 1.0023312316e+00
4165.6400000006 9.9977271633e-01
4165.6500000006 1.0012010136e+00
4165.6600000006 9.9784774934e-01
4165.6700000006 1.0000431070e+00
4165.6800000006 9.9830990237e-01
4165.6900000006 9.9823961783e-01
4165.7000000006 1.0012367512e+00
4165.7100000006 9.9604045346e-01
4165.7200000006 1.0004365954e+00
4165.7300000006 1.0028324394e+00
4165.7400000006 1.0008195899e+00
4165.7500000006 1.0016926501e+00
4165.7600000006 9.9784967642e-01
4165.7700000006 9.9990274375e-01
4165.7800000006 9.9746636687e-01
4165.7900000006 9.9751667003e-01
4165.8000000006 1.0017382039e+00
4165.8100000006 1.0037190043e+00
4165.8200000006 1.0010213546e+00
4165.8300000006 1.0022264221e+00
4165.8400000006 1.0005477716e+00
4165.8500000006 9.9900649901e-01
4165.8600000006 9.9620536616e-01
4165.8700000006 1.0005368431e+00
4165.8800000006 1.0012541734e+00
4165.8900000006 1.0003774716e+00
4165.9000000006 9.9970722171e-01
4165.9100000006 9.9996638381e-01
4165.9200000006 9.9873997669e-01
4165.9300000006 9.9994848475e-01
4165.9400000006 9.9756530431e-01
4165.9500000006 9.9921639622e-01
4165.9600000006 9.9874907273e-01
4165.9700000006 9.9990944118e-01
4165.9800000006 1.0004178798e+00
4165.9900000006 9.9703573327e-01
4166.0000000006 9.9595670543e-01
4166.0100000006 9.9728425480e-01
4166.0200000006 9.9785165362e-01
4166.0300000006 9.9912109981e-01
4166.0400000006 1.0000379988e+00
4166.0500000006 9.9697206295e-01
4166.0600000006 9.9983797669e-01
4166.0700000006 9.9964550068e-01
4166.0800000006 1.0035807904e+00
4166.0900000006 9.9978010594e-01
4166.1000000006 9.9897865816e-01
4166.1100000006 1.0003307134e+00
4166.1200000006 9.9636229363e-01
4166.1300000006 9.9770903135e-01
4166.1400000006 9.9786149143e-01
4166.1500000006 1.0012061547e+00
4166.1600000006 1.0007866223e+00
4166.1700000006 1.0052643146e+00
4166.1800000006 1.0009083769e+00
4166.1900000006 1.0001338250e+00
4166.2000000006 9.9675980476e-01
4166.2100000006 1.0013423400e+00
4166.2200000006 1.0012417352e+00
4166.2300000006 1.0018545591e+00
4166.2400000006 1.0005885539e+00
4166.2500000006 1.0038632865e+00
4166.2600000006 1.0048348839e+00
4166.2700000006 1.0015779067e+00
4166.2800000006 9.9839493928e-01
4166.2900000006 1.0001943984e+00
4166.3000000006 1.0012553342e+00
4166.3100000006 1.0042089615e+00
4166.3200000006 1.0016122718e+00
4166.3300000006 9.9953621318e-01
4166.3400000006 9.9964966816e-01
4166.3500000006 1.0018737891e+00
4166.3600000006 9.9902560811e-01
4166.3700000006 1.0016547273e+00
4166.3800000006 1.0005510187e+00
4166.3900000006 1.0006753523e+00
4166.4000000006 9.9937266560e-01
4166.4100000006 1.0002649361e+00
4166.4200000006 1.0002788382e+00
4166.4300000006 9.9989168681e-01
4166.4400000006 1.0030679187e+00
4166.4500000006 1.0019358061e+00
4166.4600000006 1.0015758920e+00
4166.4700000006 9.9910700684e-01
4166.4800000006 1.0001643261e+00
4166.4900000006 9.9922653170e-01
4166.5000000006 1.0008410485e+00
4166.5100000006 1.0021686799e+00
4166.5200000006 9.9855668847e-01
4166.5300000006 1.0000175371e+00
4166.5400000006 9.9746145505e-01
4166.5500000006 9.9966467743e-01
4166.5600000006 1.0008555059e+00
4166.5700000006 9.9859725161e-01
4166.5800000006 9.9913964751e-01
4166.5900000006 1.0007307369e+00
4166.6000000006 9.9905217649e-01
4166.6100000006 9.9855881379e-01
4166.6200000006 9.9995680950e-01
4166.6300000006 9.9905360595e-01
4166.6400000006 9.9864383984e-01
4166.6500000006 1.0025249293e+00
4166.6600000006 9.9732539878e-01
4166.6700000006 9.9786032292e-01
4166.6800000006 9.9780253431e-01
4166.6900000006 1.0010425933e+00
4166.7000000006 9.9949370352e-01
4166.7100000006 9.9819976591e-01
4166.7200000006 9.9998076787e-01
4166.7300000006 9.9790078699e-01
4166.7400000006 1.0000878813e+00
4166.7500000006 9.9856411436e-01
4166.7600000006 9.9821041891e-01
4166.7700000006 1.0004872170e+00
4166.7800000006 9.9713459903e-01
4166.7900000006 9.9813709507e-01
4166.8000000006 9.9830632914e-01
4166.8100000006 9.9874825133e-01
4166.8200000006 9.9869189181e-01
4166.8300000006 9.9853216153e-01
4166.8400000006 9.9647294424e-01
4166.8500000006 9.9737847940e-01
4166.8600000006 9.9998896647e-01
4166.8700000006 1.0018872612e+00
4166.8800000006 1.0011568299e+00
4166.8900000006 1.0042448175e+00
4166.9000000006 1.0009407824e+00
4166.9100000006 9.9645183642e-01
4166.9200000006 9.9702397023e-01
4166.9300000006 9.9972961694e-01
4166.9400000006 9.9881165447e-01
4166.9500000006 1.0010772042e+00
4166.9600000006 9.9756581546e-01
4166.9700000006 1.0037763291e+00
4166.9800000006 9.9437817013e-01
4166.9900000006 9.9898488730e-01
4167.0000000006 9.9937204850e-01
4167.0100000006 9.9796886515e-01
4167.0200000006 1.0006793411e+00
4167.0300000006 9.9782092189e-01
4167.0400000006 9.9902636338e-01
4167.0500000006 9.9868836855e-01
4167.0600000006 9.9859970646e-01
4167.0700000006 9.9893606431e-01
4167.0800000006 1.0000050595e+00
4167.0900000006 1.0006814506e+00
4167.1000000006 1.0023659635e+00
4167.1100000006 1.0015902038e+00
4167.1200000006 1.0009116319e+00
4167.1300000006 9.9962475168e-01
4167.1400000006 9.9935707177e-01
4167.1500000006 9.9879692415e-01
4167.1600000006 1.0001301844e+00
4167.1700000006 9.9919407997e-01
4167.1800000006 9.9956858881e-01
4167.1900000006 1.0007622772e+00
4167.2000000006 9.9765130605e-01
4167.2100000006 9.9878519446e-01
4167.2200000006 9.9910817970e-01
4167.2300000006 1.0036288449e+00
4167.2400000006 1.0048683700e+00
4167.2500000006 1.0033541176e+00
4167.2600000006 1.0006476166e+00
4167.2700000006 1.0032847543e+00
4167.2800000006 1.0003354851e+00
4167.2900000006 1.0007642896e+00
4167.3000000006 9.9769788125e-01
4167.3100000006 1.0020905210e+00
4167.3200000006 1.0003637514e+00
4167.3300000006 9.9853268635e-01
4167.3400000006 9.9974869386e-01
4167.3500000006 1.0005760426e+00
4167.3600000006 9.9855923092e-01
4167.3700000006 1.0023575819e+00
4167.3800000006 1.0003464046e+00
4167.3900000006 9.9820665096e-01
4167.4000000006 1.0046784645e+00
4167.4100000006 1.0020326894e+00
4167.4200000006 1.0028364474e+00
4167.4300000006 9.9939919005e-01
4167.4400000006 9.9710162670e-01
4167.4500000006 9.9777511067e-01
4167.4600000006 9.9861397758e-01
4167.4700000006 1.0029588109e+00
4167.4800000006 1.0000871928e+00
4167.4900000006 1.0015058096e+00
4167.5000000006 1.0011183386e+00
4167.5100000006 9.9878519045e-01
4167.5200000006 9.9977635600e-01
4167.5300000006 9.9793104371e-01
4167.5400000006 9.9679179281e-01
4167.5500000006 1.0003172280e+00
4167.5600000006 9.9637500926e-01
4167.5700000006 9.9969327405e-01
4167.5800000006 1.0018274389e+00
4167.5900000006 1.0010284895e+00
4167.6000000006 9.9930761393e-01
4167.6100000006 9.9822766338e-01
4167.6200000006 9.9832657649e-01
4167.6300000006 1.0007162253e+00
4167.6400000006 9.9780280107e-01
4167.6500000006 9.9919866276e-01
4167.6600000006 1.0002042583e+00
4167.6700000006 1.0000506876e+00
4167.6800000006 1.0017518082e+00
4167.6900000006 1.0032627773e+00
4167.7000000006 9.9941339749e-01
4167.7100000006 1.0020773934e+00
4167.7200000006 9.9761310405e-01
4167.7300000006 1.0001447593e+00
4167.7400000006 9.9866652783e-01
4167.7500000006 9.9764678228e-01
4167.7600000006 1.0023891383e+00
4167.7700000006 1.0008807340e+00
4167.7800000006 1.0010261592e+00
4167.7900000006 9.9974389961e-01
4167.8000000006 1.0004783805e+00
4167.8100000006 9.9688772405e-01
4167.8200000006 1.0017112178e+00
4167.8300000006 1.0012385651e+00
4167.8400000006 1.0006611625e+00
4167.8500000006 1.0042905761e+00
4167.8600000006 1.0016772225e+00
4167.8700000006 1.0027133262e+00
4167.8800000006 9.9826999890e-01
4167.8900000006 9.9955790964e-01
4167.9000000006 1.0001077369e+00
4167.9100000006 1.0020283627e+00
4167.9200000006 9.9869733957e-01
4167.9300000006 9.9945531740e-01
4167.9400000006 9.9957768419e-01
4167.9500000006 9.9901900024e-01
4167.9600000006 9.9986483412e-01
4167.9700000006 1.0047510065e+00
4167.9800000006 9.9859491986e-01
4167.9900000006 1.0012998294e+00
4168.0000000006 1.0018328346e+00
4168.0100000006 1.0008341983e+00
4168.0200000006 9.9833405745e-01
4168.0300000006 9.9831853967e-01
4168.0400000006 1.0027312114e+00
4168.0500000006 9.9697886979e-01
4168.0600000006 1.0008592761e+00
4168.0700000006 9.9863799100e-01
4168.0800000006 9.9947727628e-01
4168.0900000006 9.9925767999e-01
4168.1000000006 1.0030532075e+00
4168.1100000006 1.0015315442e+00
4168.1200000006 9.9965173585e-01
4168.1300000006 1.0009410091e+00
4168.1400000006 9.9702306219e-01
4168.1500000006 1.0009449040e+00
4168.1600000006 9.9927047565e-01
4168.1700000006 9.9840563338e-01
4168.1800000006 1.0018287787e+00
4168.1900000006 1.0015066172e+00
4168.2000000006 1.0002529466e+00
4168.2100000006 9.9443943338e-01
4168.2200000006 1.0000629681e+00
4168.2300000006 9.9818898203e-01
4168.2400000006 9.9852488655e-01
4168.2500000006 1.0015759595e+00
4168.2600000006 1.0009833168e+00
4168.2700000006 1.0001704159e+00
4168.2800000007 1.0019546111e+00
4168.2900000007 9.9921307302e-01
4168.3000000007 9.9925741118e-01
4168.3100000007 9.9843389892e-01
4168.3200000007 9.9906481186e-01
4168.3300000007 1.0001932667e+00
4168.3400000007 1.0017068671e+00
4168.3500000007 9.9751054688e-01
4168.3600000007 1.0003114415e+00
4168.3700000007 9.9765702459e-01
4168.3800000007 1.0014879870e+00
4168.3900000007 1.0015201510e+00
4168.4000000007 1.0001927923e+00
4168.4100000007 1.0000476676e+00
4168.4200000007 9.9781862115e-01
4168.4300000007 9.9887842917e-01
4168.4400000007 9.9549237386e-01
4168.4500000007 1.0009140138e+00
4168.4600000007 9.9587626755e-01
4168.4700000007 9.9900294900e-01
4168.4800000007 9.9715899933e-01
4168.4900000007 9.9840409336e-01
4168.5000000007 9.9889040661e-01
4168.5100000007 1.0001394540e+00
4168.5200000007 1.0005392314e+00
4168.5300000007 1.0003923809e+00
4168.5400000007 1.0020895784e+00
4168.5500000007 1.0002160659e+00
4168.5600000007 9.9687841726e-01
4168.5700000007 1.0000048419e+00
4168.5800000007 1.0026595483e+00
4168.5900000007 9.9975729170e-01
4168.6000000007 9.9727030901e-01
4168.6100000007 1.0005380412e+00
4168.6200000007 9.9880272523e-01
4168.6300000007 1.0009585342e+00
4168.6400000007 9.9937971992e-01
4168.6500000007 1.0045096991e+00
4168.6600000007 9.9888364075e-01
4168.6700000007 9.9980402448e-01
4168.6800000007 9.9683346936e-01
4168.6900000007 9.9806801619e-01
4168.7000000007 9.9869028969e-01
4168.7100000007 9.9740411722e-01
4168.7200000007 1.0007590318e+00
4168.7300000007 9.9951855136e-01
4168.7400000007 1.0001588905e+00
4168.7500000007 1.0023280926e+00
4168.7600000007 1.0007300212e+00
4168.7700000007 9.9931746383e-01
4168.7800000007 9.9838410191e-01
4168.7900000007 9.9991213680e-01
4168.8000000007 1.0001728683e+00
4168.8100000007 1.0023895918e+00
4168.8200000007 9.9986266064e-01
4168.8300000007 9.9664144205e-01
4168.8400000007 9.9823995759e-01
4168.8500000007 9.9851272570e-01
4168.8600000007 9.9956203946e-01
4168.8700000007 1.0011692210e+00
4168.8800000007 1.0023159271e+00
4168.8900000007 9.9702960648e-01
4168.9000000007 9.9577615917e-01
4168.9100000007 1.0004483899e+00
4168.9200000007 9.9908296795e-01
4168.9300000007 9.9815219236e-01
4168.9400000007 9.9714275069e-01
4168.9500000007 9.9685887037e-01
4168.9600000007 1.0004542856e+00
4168.9700000007 9.9974791373e-01
4168.9800000007 1.0003395596e+00
4168.9900000007 9.9850204371e-01
4169.0000000007 9.9923609224e-01
4169.0100000007 1.0013801824e+00
4169.0200000007 1.0008412918e+00
4169.0300000007 9.9915094270e-01
4169.0400000007 9.9715478108e-01
4169.0500000007 9.9947161802e-01
4169.0600000007 9.9652391223e-01
4169.0700000007 1.0006123472e+00
4169.0800000007 1.0041843236e+00
4169.0900000007 1.0030329973e+00
4169.1000000007 9.9892744145e-01
4169.1100000007 9.9737484393e-01
4169.1200000007 9.9626038923e-01
4169.1300000007 9.9583309091e-01
4169.1400000007 9.9915593989e-01
4169.1500000007 9.9914697435e-01
4169.1600000007 9.9713965101e-01
4169.1700000007 9.9736878977e-01
4169.1800000007 1.0027822315e+00
4169.1900000007 1.0004661632e+00
4169.2000000007 1.0036648004e+00
4169.2100000007 9.9727611759e-01
4169.2200000007 9.9790212753e-01
4169.2300000007 9.9795741151e-01
4169.2400000007 1.0010924734e+00
4169.2500000007 1.0012006754e+00
4169.2600000007 9.9810290044e-01
4169.2700000007 9.9849408872e-01
4169.2800000007 9.9576357903e-01
4169.2900000007 1.0017722214e+00
4169.3000000007 1.0006926166e+00
4169.3100000007 1.0011835325e+00
4169.3200000007 9.9949641593e-01
4169.3300000007 1.0000137642e+00
4169.3400000007 1.0020888307e+00
4169.3500000007 1.0003892955e+00
4169.3600000007 9.9945346969e-01
4169.3700000007 9.9772654740e-01
4169.3800000007 1.0004609109e+00
4169.3900000007 9.9801660397e-01
4169.4000000007 1.0005555425e+00
4169.4100000007 9.9791901019e-01
4169.4200000007 9.9961887091e-01
4169.4300000007 1.0000824757e+00
4169.4400000007 1.0006480362e+00
4169.4500000007 1.0029809533e+00
4169.4600000007 9.9868414351e-01
4169.4700000007 9.9928816411e-01
4169.4800000007 1.0018453031e+00
4169.4900000007 1.0030185145e+00
4169.5000000007 1.0015446966e+00
4169.5100000007 9.9929023249e-01
4169.5200000007 9.9972153850e-01
4169.5300000007 9.9635309804e-01
4169.5400000007 9.9655102466e-01
4169.5500000007 1.0014278296e+00
4169.5600000007 1.0020212945e+00
4169.5700000007 9.9950684765e-01
4169.5800000007 1.0014028141e+00
4169.5900000007 9.9619185746e-01
4169.6000000007 1.0056322058e+00
4169.6100000007 9.9791387158e-01
4169.6200000007 1.0014419856e+00
4169.6300000007 1.0013492519e+00
4169.6400000007 9.9789363132e-01
4169.6500000007 9.9895657155e-01
4169.6600000007 1.0004088574e+00
4169.6700000007 1.0006738414e+00
4169.6800000007 1.0017657020e+00
4169.6900000007 9.9895826549e-01
4169.7000000007 1.0013026238e+00
4169.7100000007 1.0026800600e+00
4169.7200000007 1.0000717370e+00
4169.7300000007 9.9884652094e-01
4169.7400000007 9.9854523690e-01
4169.7500000007 9.9623410365e-01
4169.7600000007 9.9780871908e-01
4169.7700000007 9.9973509205e-01
4169.7800000007 9.9764990500e-01
4169.7900000007 9.9674192061e-01
4169.8000000007 9.9692360480e-01
4169.8100000007 1.0018009511e+00
4169.8200000007 9.9951838010e-01
4169.8300000007 1.0018142182e+00
4169.8400000007 1.0000108585e+00
4169.8500000007 9.9854797835e-01
4169.8600000007 1.0023229539e+00
4169.8700000007 9.9937011670e-01
4169.8800000007 9.9785410072e-01
4169.8900000007 1.0040090386e+00
4169.9000000007 1.0008702932e+00
4169.9100000007 9.9937781940e-01
4169.9200000007 9.9875293882e-01
4169.9300000007 1.0008623312e+00
4169.9400000007 9.9881437459e-01
4169.9500000007 1.0004597299e+00
4169.9600000007 1.0018090116e+00
4169.9700000007 1.0040954947e+00
4169.9800000007 1.0013756736e+00
4169.9900000007 9.9627033518e-01
4170.0000000007 1.0043304888e+00
4170.0100000007 1.0004957962e+00
4170.0200000007 1.0014948931e+00
4170.0300000007 9.9920155728e-01
4170.0400000007 1.0038194642e+00
4170.0500000007 1.0022052591e+00
4170.0600000007 1.0022951116e+00
4170.0700000007 1.0005438718e+00
4170.0800000007 1.0013253455e+00
4170.0900000007 1.0003281671e+00
4170.1000000007 1.0024669174e+00
4170.1100000007 9.9982515011e-01
4170.1200000007 9.9915311099e-01
4170.1300000007 9.9728933428e-01
4170.1400000007 1.0017203774e+00
4170.1500000007 9.9873736870e-01
4170.1600000007 9.9661189560e-01
4170.1700000007 1.0013825722e+00
4170.1800000007 9.9646637162e-01
4170.1900000007 9.9984581744e-01
4170.2000000007 9.9995876675e-01
4170.2100000007 9.9606768634e-01
4170.2200000007 9.9921732278e-01
4170.2300000007 9.9911183240e-01
4170.2400000007 1.0003325546e+00
4170.2500000007 9.9940681389e-01
4170.2600000007 9.9469612208e-01
4170.2700000007 1.0000125782e+00
4170.2800000007 9.9861384755e-01
4170.2900000007 9.9740659966e-01
4170.3000000007 1.0018698149e+00
4170.3100000007 9.9484849216e-01
4170.3200000007 9.9963987068e-01
4170.3300000007 9.9946144814e-01
4170.3400000007 9.9974522537e-01
4170.3500000007 1.0001286298e+00
4170.3600000007 1.0041279892e+00
4170.3700000007 1.0016972478e+00
4170.3800000007 9.9692476663e-01
4170.3900000007 1.0012130223e+00
4170.4000000007 1.0040528916e+00
4170.4100000007 1.0031428723e+00
4170.4200000007 9.9614131937e-01
4170.4300000007 1.0014468150e+00
4170.4400000007 1.0029645231e+00
4170.4500000007 1.0018603903e+00
4170.4600000007 9.9644688068e-01
4170.4700000007 1.0028345266e+00
4170.4800000007 1.0003021130e+00
4170.4900000007 9.9878203681e-01
4170.5000000007 1.0030792626e+00
4170.5100000007 9.9753310339e-01
4170.5200000007 1.0004004388e+00
4170.5300000007 1.0012025091e+00
4170.5400000007 1.0004976693e+00
4170.5500000007 1.0004211865e+00
4170.5600000007 1.0025586830e+00
4170.5700000007 9.9799004370e-01
4170.5800000007 9.9966409143e-01
4170.5900000007 1.0022914943e+00
4170.6000000007 9.9905026346e-01
4170.6100000007 1.0003876906e+00
4170.6200000007 9.9919057059e-01
4170.6300000007 9.9961592542e-01
4170.6400000007 9.9830044033e-01
4170.6500000007 1.0043055875e+00
4170.6600000007 9.9727535342e-01
4170.6700000007 9.9792834573e-01
4170.6800000007 1.0012572294e+00
4170.6900000007 9.9889291771e-01
4170.7000000007 9.9851005967e-01
4170.7100000007 9.9972990175e-01
4170.7200000007 1.0000258228e+00
4170.7300000007 9.9708964464e-01
4170.7400000007 1.0006824014e+00
4170.7500000007 1.0000794510e+00
4170.7600000007 1.0009419788e+00
4170.7700000007 9.9794355619e-01
4170.7800000007 1.0009826360e+00
4170.7900000007 9.9887554014e-01
4170.8000000007 9.9941570780e-01
4170.8100000007 9.9561421189e-01
4170.8200000007 9.9797658378e-01
4170.8300000007 1.0008756197e+00
4170.8400000007 1.0006534590e+00
4170.8500000007 1.0059414772e+00
4170.8600000007 1.0007611283e+00
4170.8700000007 1.0009269879e+00
4170.8800000007 1.0016452303e+00
4170.8900000007 1.0030456183e+00
4170.9000000007 1.0001960045e+00
4170.9100000007 9.9750376784e-01
4170.9200000007 1.0005719253e+00
4170.9300000007 9.9856034277e-01
4170.9400000007 1.0012474508e+00
4170.9500000007 9.9699739646e-01
4170.9600000007 1.0000767204e+00
4170.9700000007 9.9817274767e-01
4170.9800000007 1.0000781312e+00
4170.9900000007 9.9969640148e-01
4171.0000000007 1.0022821678e+00
4171.0100000007 9.9732790405e-01
4171.0200000007 1.0029276441e+00
4171.0300000007 1.0017028542e+00
4171.0400000007 9.9880684299e-01
4171.0500000007 1.0034378818e+00
4171.0600000007 9.9860711354e-01
4171.0700000007 9.9921858273e-01
4171.0800000007 1.0019924319e+00
4171.0900000007 9.9435354746e-01
4171.1000000007 1.0019593640e+00
4171.1100000007 1.0016188537e+00
4171.1200000007 1.0014019471e+00
4171.1300000007 9.9894207206e-01
4171.1400000007 1.0034155928e+00
4171.1500000007 9.9964559860e-01
4171.1600000007 9.9799421520e-01
4171.1700000007 1.0015396645e+00
4171.1800000007 1.0021888513e+00
4171.1900000007 1.0005326662e+00
4171.2000000007 9.9828728853e-01
4171.2100000007 1.0039352327e+00
4171.2200000007 1.0016932398e+00
4171.2300000007 1.0009618931e+00
4171.2400000007 9.9913708665e-01
4171.2500000007 1.0002004551e+00
4171.2600000007 9.9790389475e-01
4171.2700000007 1.0009720175e+00
4171.2800000007 9.9956495430e-01
4171.2900000007 1.0008406724e+00
4171.3000000007 9.9664446906e-01
4171.3100000007 1.0017581136e+00
4171.3200000007 1.0019334431e+00
4171.3300000007 1.0011763180e+00
4171.3400000007 1.0000339428e+00
4171.3500000007 1.0017594618e+00
4171.3600000007 9.9894121480e-01
4171.3700000007 1.0025857985e+00
4171.3800000007 9.9789158331e-01
4171.3900000007 9.9492144535e-01
4171.4000000007 9.9866089440e-01
4171.4100000007 1.0003735281e+00
4171.4200000007 9.9737592358e-01
4171.4300000007 1.0015178641e+00
4171.4400000007 9.9859899493e-01
4171.4500000007 9.9861802321e-01
4171.4600000007 9.9918382664e-01
4171.4700000007 9.9625928649e-01
4171.4800000007 9.9912836805e-01
4171.4900000007 1.0006598029e+00
4171.5000000007 1.0018553432e+00
4171.5100000007 1.0013735433e+00
4171.5200000007 1.0060498792e+00
4171.5300000007 9.9721315126e-01
4171.5400000007 9.9850248645e-01
4171.5500000007 9.9940155804e-01
4171.5600000007 9.9918246127e-01
4171.5700000007 1.0017696912e+00
4171.5800000007 1.0028071276e+00
4171.5900000007 9.9818487815e-01
4171.6000000007 1.0013823474e+00
4171.6100000007 1.0004559069e+00
4171.6200000007 1.0032365090e+00
4171.6300000007 1.0010127619e+00
4171.6400000007 1.0004421749e+00
4171.6500000007 9.9922719831e-01
4171.6600000007 1.0012828370e+00
4171.6700000007 9.9689548714e-01
4171.6800000007 1.0005031220e+00
4171.6900000007 1.0001839035e+00
4171.7000000007 1.0010822303e+00
4171.7100000007 9.9999823667e-01
4171.7200000007 1.0024539489e+00
4171.7300000007 9.9878962965e-01
4171.7400000007 1.0011302477e+00
4171.7500000007 9.9986108524e-01
4171.7600000007 1.0007980865e+00
4171.7700000007 1.0014407406e+00
4171.7800000007 9.9729296933e-01
4171.7900000007 9.9844414636e-01
4171.8000000007 1.0016685177e+00
4171.8100000007 1.0001862860e+00
4171.8200000007 9.9837762734e-01
4171.8300000007 9.9830304583e-01
4171.8400000007 1.0006584475e+00
4171.8500000007 1.0000272910e+00
4171.8600000007 1.0039603307e+00
4171.8700000007 9.9940340265e-01
4171.8800000007 9.9657510334e-01
4171.8900000007 9.9694274855e-01
4171.9000000007 1.0039014771e+00
4171.9100000007 9.9981733203e-01
4171.9200000007 9.9720272716e-01
4171.9300000007 1.0009643657e+00
4171.9400000007 9.9576270047e-01
4171.9500000007 9.9822468534e-01
4171.9600000007 1.0011884763e+00
4171.9700000007 1.0015993856e+00
4171.9800000007 9.9900154792e-01
4171.9900000007 1.0010438699e+00
4172.0000000007 1.0008624187e+00
4172.0100000007 1.0030840791e+00
4172.0200000007 9.9814379317e-01
4172.0300000007 9.9783687204e-01
4172.0400000007 1.0001204180e+00
4172.0500000007 9.9764734180e-01
4172.0600000007 9.9972714661e-01
4172.0700000007 1.0001250560e+00
4172.0800000007 1.0015393515e+00
4172.0900000007 1.0005285529e+00
4172.1000000007 9.9958245486e-01
4172.1100000007 1.0036432174e+00
4172.1200000007 9.9693827095e-01
4172.1300000007 9.9913286739e-01
4172.1400000007 1.0002708516e+00
4172.1500000007 1.0011910107e+00
4172.1600000007 9.9875402152e-01
4172.1700000007 1.0040621672e+00
4172.1800000007 1.0040825331e+00
4172.1900000007 1.0016054545e+00
4172.2000000007 1.0060994498e+00
4172.2100000007 9.9943629564e-01
4172.2200000007 1.0046100188e+00
4172.2300000007 9.9692195724e-01
4172.2400000007 9.9938680644e-01
4172.2500000007 1.0026899682e+00
4172.2600000007 1.0006782599e+00
4172.2700000007 1.0004399213e+00
4172.2800000007 9.9802070196e-01
4172.2900000007 9.9956644473e-01
4172.3000000007 1.0021855365e+00
4172.3100000007 1.0023201404e+00
4172.3200000007 9.9919492212e-01
4172.3300000007 9.9992018662e-01
4172.3400000007 9.9881278018e-01
4172.3500000007 1.0042073018e+00
4172.3600000007 9.9936629780e-01
4172.3700000007 1.0003921270e+00
4172.3800000007 9.9902957997e-01
4172.3900000007 1.0027540246e+00
4172.4000000007 9.9993792128e-01
4172.4100000007 1.0006454042e+00
4172.4200000007 9.9837970418e-01
4172.4300000007 9.9825562465e-01
4172.4400000007 1.0072283782e+00
4172.4500000007 9.9815613293e-01
4172.4600000007 9.9997192425e-01
4172.4700000007 1.0020929812e+00
4172.4800000007 9.9800949260e-01
4172.4900000007 1.0012628534e+00
4172.5000000007 1.0001446952e+00
4172.5100000007 1.0031223208e+00
4172.5200000007 9.9820369693e-01
4172.5300000007 1.0006131912e+00
4172.5400000007 9.9729972754e-01
4172.5500000007 1.0039364679e+00
4172.5600000007 9.9941768445e-01
4172.5700000007 9.9475330375e-01
4172.5800000007 9.9829343948e-01
4172.5900000007 1.0000070200e+00
4172.6000000007 1.0018397810e+00
4172.6100000007 9.9781796302e-01
4172.6200000007 9.9536921662e-01
4172.6300000007 1.0004520628e+00
4172.6400000007 9.9988676171e-01
4172.6500000007 1.0000070372e+00
4172.6600000007 9.9661565138e-01
4172.6700000007 1.0015710360e+00
4172.6800000007 1.0004069343e+00
4172.6900000007 1.0025467420e+00
4172.7000000007 9.9842526326e-01
4172.7100000007 9.9672785217e-01
4172.7200000007 9.9806180745e-01
4172.7300000007 9.9982617291e-01
4172.7400000007 9.9972649854e-01
4172.7500000007 9.9981495151e-01
4172.7600000007 9.9918080192e-01
4172.7700000007 9.9973722619e-01
4172.7800000007 9.9586673255e-01
4172.7900000007 1.0022638994e+00
4172.8000000007 1.0003652625e+00
4172.8100000007 9.9955516141e-01
4172.8200000007 1.0010853132e+00
4172.8300000007 1.0012363347e+00
4172.8400000007 1.0010924239e+00
4172.8500000007 1.0025159211e+00
4172.8600000008 9.9926099215e-01
4172.8700000008 9.9689134702e-01
4172.8800000008 9.9909824349e-01
4172.8900000008 1.0003844253e+00
4172.9000000008 1.0009101726e+00
4172.9100000008 9.9966414152e-01
4172.9200000008 9.9841099755e-01
4172.9300000008 9.9803229659e-01
4172.9400000008 9.9986587830e-01
4172.9500000008 9.9731615822e-01
4172.9600000008 9.9976762711e-01
4172.9700000008 1.0018491935e+00
4172.9800000008 9.9482899874e-01
4172.9900000008 1.0007183132e+00
4173.0000000008 9.9758679906e-01
4173.0100000008 9.9838670481e-01
4173.0200000008 1.0016191917e+00
4173.0300000008 9.9867896610e-01
4173.0400000008 1.0021310642e+00
4173.0500000008 9.9921817268e-01
4173.0600000008 1.0019131493e+00
4173.0700000008 1.0024998915e+00
4173.0800000008 9.9654109811e-01
4173.0900000008 1.0011031999e+00
4173.1000000008 1.0021778820e+00
4173.1100000008 1.0015305018e+00
4173.1200000008 1.0034328591e+00
4173.1300000008 9.9873212140e-01
4173.1400000008 1.0002137202e+00
4173.1500000008 9.9986201250e-01
4173.1600000008 1.0015115399e+00
4173.1700000008 1.0026898525e+00
4173.1800000008 9.9981582257e-01
4173.1900000008 1.0019972379e+00
4173.2000000008 9.9527479618e-01
4173.2100000008 9.9914206662e-01
4173.2200000008 1.0003202403e+00
4173.2300000008 1.0027522774e+00
4173.2400000008 9.9899097244e-01
4173.2500000008 9.9812572129e-01
4173.2600000008 9.9553232716e-01
4173.2700000008 1.0023582822e+00
4173.2800000008 9.9750222622e-01
4173.2900000008 9.9992095145e-01
4173.3000000008 9.9736930611e-01
4173.3100000008 9.9709978837e-01
4173.3200000008 9.9697973999e-01
4173.3300000008 9.9976280109e-01
4173.3400000008 1.0005025405e+00
4173.3500000008 9.9953650823e-01
4173.3600000008 1.0016754090e+00
4173.3700000008 9.9659628205e-01
4173.3800000008 1.0018935558e+00
4173.3900000008 1.0009955085e+00
4173.4000000008 1.0009084999e+00
4173.4100000008 9.9791808396e-01
4173.4200000008 9.9970066980e-01
4173.4300000008 9.9924728439e-01
4173.4400000008 9.9867636366e-01
4173.4500000008 1.0004580061e+00
4173.4600000008 1.0004100047e+00
4173.4700000008 1.0016574791e+00
4173.4800000008 1.0017406215e+00
4173.4900000008 9.9918136884e-01
4173.5000000008 9.9784617653e-01
4173.5100000008 9.9903150677e-01
4173.5200000008 1.0006889770e+00
4173.5300000008 9.9979355570e-01
4173.5400000008 9.9831554779e-01
4173.5500000008 1.0002194148e+00
4173.5600000008 9.9854449229e-01
4173.5700000008 9.9996102201e-01
4173.5800000008 1.0020042973e+00
4173.5900000008 9.9902914524e-01
4173.6000000008 1.0016954706e+00
4173.6100000008 1.0001271682e+00
4173.6200000008 9.9720953667e-01
4173.6300000008 1.0006712687e+00
4173.6400000008 9.9778677547e-01
4173.6500000008 9.9717961346e-01
4173.6600000008 9.9849927665e-01
4173.6700000008 9.9900090752e-01
4173.6800000008 1.0000507021e+00
4173.6900000008 1.0015685751e+00
4173.7000000008 1.0001287602e+00
4173.7100000008 9.9997188971e-01
4173.7200000008 9.9927411640e-01
4173.7300000008 1.0033839866e+00
4173.7400000008 9.9858203725e-01
4173.7500000008 1.0008841477e+00
4173.7600000008 9.9939825082e-01
4173.7700000008 9.9708773256e-01
4173.7800000008 9.9891196609e-01
4173.7900000008 9.9877113750e-01
4173.8000000008 9.9752078369e-01
4173.8100000008 1.0011771440e+00
4173.8200000008 9.9864896506e-01
4173.8300000008 9.9858827933e-01
4173.8400000008 9.9647521701e-01
4173.8500000008 1.0004591984e+00
4173.8600000008 1.0032523241e+00
4173.8700000008 1.0034721531e+00
4173.8800000008 1.0004867100e+00
4173.8900000008 9.9891770934e-01
4173.9000000008 9.9989766784e-01
4173.9100000008 9.9977803289e-01
4173.9200000008 9.9823718320e-01
4173.9300000008 9.9980047415e-01
4173.9400000008 1.0010997198e+00
4173.9500000008 1.0017105909e+00
4173.9600000008 9.9979015970e-01
4173.9700000008 1.0013631750e+00
4173.9800000008 9.9250388891e-01
4173.9900000008 9.9944351961e-01
4174.0000000008 9.9878857241e-01
4174.0100000008 1.0019185056e+00
4174.0200000008 9.9878000523e-01
4174.0300000008 1.0001250495e+00
4174.0400000008 9.9618792314e-01
4174.0500000008 1.0009106830e+00
4174.0600000008 1.0005243715e+00
4174.0700000008 1.0022672673e+00
4174.0800000008 9.9607680035e-01
4174.0900000008 1.0039908199e+00
4174.1000000008 1.0014163601e+00
4174.1100000008 9.9853082400e-01
4174.1200000008 1.0004121916e+00
4174.1300000008 9.9894751244e-01
4174.1400000008 1.0027002119e+00
4174.1500000008 9.9841685752e-01
4174.1600000008 9.9959773294e-01
4174.1700000008 9.9812258946e-01
4174.1800000008 9.9938280974e-01
4174.1900000008 9.9882976692e-01
4174.2000000008 9.9995359014e-01
4174.2100000008 1.0014303435e+00
4174.2200000008 1.0051235191e+00
4174.2300000008 9.9782865784e-01
4174.2400000008 9.9923769210e-01
4174.2500000008 9.9940474291e-01
4174.2600000008 9.9818640797e-01
4174.2700000008 9.9726432351e-01
4174.2800000008 9.9828111612e-01
4174.2900000008 9.9844535380e-01
4174.3000000008 9.9948203064e-01
4174.3100000008 1.0022076435e+00
4174.3200000008 1.0001592627e+00
4174.3300000008 1.0009957171e+00
4174.3400000008 9.9696639547e-01
4174.3500000008 1.0005075129e+00
4174.3600000008 9.9635108805e-01
4174.3700000008 1.0007796908e+00
4174.3800000008 9.9881481840e-01
4174.3900000008 1.0018137978e+00
4174.4000000008 1.0002559365e+00
4174.4100000008 9.9983301584e-01
4174.4200000008 9.9945873987e-01
4174.4300000008 1.0002314789e+00
4174.4400000008 9.9906008308e-01
4174.4500000008 1.0018679709e+00
4174.4600000008 9.9807327095e-01
4174.4700000008 1.0021281990e+00
4174.4800000008 1.0002517813e+00
4174.4900000008 1.0030814647e+00
4174.5000000008 9.9654556067e-01
4174.5100000008 9.9981176066e-01
4174.5200000008 9.9715992213e-01
4174.5300000008 1.0006063382e+00
4174.5400000008 9.9859324019e-01
4174.5500000008 9.9849072935e-01
4174.5600000008 9.9666475525e-01
4174.5700000008 1.0003246211e+00
4174.5800000008 1.0009821509e+00
4174.5900000008 1.0002972035e+00
4174.6000000008 9.9989157488e-01
4174.6100000008 9.9549708907e-01
4174.6200000008 1.0019745856e+00
4174.6300000008 1.0001601505e+00
4174.6400000008 1.0004627109e+00
4174.6500000008 1.0009018522e+00
4174.6600000008 1.0020775812e+00
4174.6700000008 1.0028415589e+00
4174.6800000008 9.9777679695e-01
4174.6900000008 9.9992451929e-01
4174.7000000008 1.0015462882e+00
4174.7100000008 9.9810267344e-01
4174.7200000008 1.0018899225e+00
4174.7300000008 1.0011665378e+00
4174.7400000008 9.9905723639e-01
4174.7500000008 1.0001543332e+00
4174.7600000008 9.9771842960e-01
4174.7700000008 9.9803374800e-01
4174.7800000008 1.0006112809e+00
4174.7900000008 9.9737979651e-01
4174.8000000008 9.9873598102e-01
4174.8100000008 9.9944596362e-01
4174.8200000008 9.9763671957e-01
4174.8300000008 9.9968976391e-01
4174.8400000008 1.0009888423e+00
4174.8500000008 9.9990497760e-01
4174.8600000008 9.9663415584e-01
4174.8700000008 9.9799405345e-01
4174.8800000008 9.9898849598e-01
4174.8900000008 1.0004767682e+00
4174.9000000008 9.9728782861e-01
4174.9100000008 9.9959486236e-01
4174.9200000008 9.9925026438e-01
4174.9300000008 9.9745136564e-01
4174.9400000008 9.9870578482e-01
4174.9500000008 1.0011036465e+00
4174.9600000008 1.0023640754e+00
4174.9700000008 9.9944131544e-01
4174.9800000008 9.9874290378e-01
4174.9900000008 9.9761126998e-01
4175.0000000008 9.9979664362e-01
4175.0100000008 9.9795080397e-01
4175.0200000008 1.0006465595e+00
4175.0300000008 9.9905640665e-01
4175.0400000008 1.0007929628e+00
4175.0500000008 9.9807072380e-01
4175.0600000008 1.0015760037e+00
4175.0700000008 9.9951589756e-01
4175.0800000008 9.9908469473e-01
4175.0900000008 9.9910753270e-01
4175.1000000008 1.0010101940e+00
4175.1100000008 1.0002307196e+00
4175.1200000008 9.9835648410e-01
4175.1300000008 9.9981886835e-01
4175.1400000008 9.9784611038e-01
4175.1500000008 1.0005406531e+00
4175.1600000008 1.0006547240e+00
4175.1700000008 9.9754766884e-01
4175.1800000008 9.9928540247e-01
4175.1900000008 9.9928727333e-01
4175.2000000008 1.0021182832e+00
4175.2100000008 9.9793490331e-01
4175.2200000008 9.9676701699e-01
4175.2300000008 9.9768982491e-01
4175.2400000008 9.9786577845e-01
4175.2500000008 9.9630455330e-01
4175.2600000008 9.9807351977e-01
4175.2700000008 9.9610614091e-01
4175.2800000008 1.0023685546e+00
4175.2900000008 1.0030733933e+00
4175.3000000008 1.0031236196e+00
4175.3100000008 9.9832753610e-01
4175.3200000008 9.9989598066e-01
4175.3300000008 9.9953644941e-01
4175.3400000008 9.9998816315e-01
4175.3500000008 9.9990105912e-01
4175.3600000008 9.9854805094e-01
4175.3700000008 9.9812034158e-01
4175.3800000008 1.0009974347e+00
4175.3900000008 9.9972896308e-01
4175.4000000008 9.9969610762e-01
4175.4100000008 1.0021806360e+00
4175.4200000008 1.0007493685e+00
4175.4300000008 1.0007621064e+00
4175.4400000008 9.9849678230e-01
4175.4500000008 9.9864847334e-01
4175.4600000008 1.0016362153e+00
4175.4700000008 9.9877801763e-01
4175.4800000008 1.0008352900e+00
4175.4900000008 9.9814654921e-01
4175.5000000008 1.0014817655e+00
4175.5100000008 9.9903793694e-01
4175.5200000008 9.9988098317e-01
4175.5300000008 9.9950299317e-01
4175.5400000008 1.0020045359e+00
4175.5500000008 1.0008178574e+00
4175.5600000008 9.9703814182e-01
4175.5700000008 9.9868161772e-01
4175.5800000008 9.9803373456e-01
4175.5900000008 9.9958477235e-01
4175.6000000008 1.0009885597e+00
4175.6100000008 1.0022737392e+00
4175.6200000008 9.9792423986e-01
4175.6300000008 9.9733730898e-01
4175.6400000008 1.0037445411e+00
4175.6500000008 1.0015324543e+00
4175.6600000008 1.0004649921e+00
4175.6700000008 1.0021224356e+00
4175.6800000008 9.9863103773e-01
4175.6900000008 9.9295950060e-01
4175.7000000008 1.0026624286e+00
4175.7100000008 9.9781359215e-01
4175.7200000008 9.9999375895e-01
4175.7300000008 9.9850738155e-01
4175.7400000008 1.0022288745e+00
4175.7500000008 1.0005924505e+00
4175.7600000008 9.9858442356e-01
4175.7700000008 1.0019619148e+00
4175.7800000008 1.0009948001e+00
4175.7900000008 9.9754539233e-01
4175.8000000008 9.9804919103e-01
4175.8100000008 9.9629509753e-01
4175.8200000008 1.0022679118e+00
4175.8300000008 1.0031992322e+00
4175.8400000008 9.9687579445e-01
4175.8500000008 1.0008979358e+00
4175.8600000008 9.9918047189e-01
4175.8700000008 9.9990077787e-01
4175.8800000008 1.0015725326e+00
4175.8900000008 1.0015776220e+00
4175.9000000008 9.9944179678e-01
4175.9100000008 1.0006016421e+00
4175.9200000008 9.9891376407e-01
4175.9300000008 9.9760416704e-01
4175.9400000008 9.9682716844e-01
4175.9500000008 9.9759436164e-01
4175.9600000008 1.0000698548e+00
4175.9700000008 9.9779667439e-01
4175.9800000008 1.0007162341e+00
4175.9900000008 9.9822284263e-01
4176.0000000008 1.0019634490e+00
4176.0100000008 1.0008656251e+00
4176.0200000008 1.0021091986e+00
4176.0300000008 9.9811977134e-01
4176.0400000008 9.9834986586e-01
4176.0500000008 9.9997293128e-01
4176.0600000008 9.9745189784e-01
4176.0700000008 9.9756851364e-01
4176.0800000008 1.0030913968e+00
4176.0900000008 9.9999640858e-01
4176.1000000008 1.0003566202e+00
4176.1100000008 9.9762996012e-01
4176.1200000008 9.9557647240e-01
4176.1300000008 9.9858214970e-01
4176.1400000008 1.0000127031e+00
4176.1500000008 9.9962677920e-01
4176.1600000008 9.9963936777e-01
4176.1700000008 9.9597006876e-01
4176.1800000008 1.0019074835e+00
4176.1900000008 9.9746518930e-01
4176.2000000008 1.0021800739e+00
4176.2100000008 9.9915451962e-01
4176.2200000008 9.9772765837e-01
4176.2300000008 1.0002929166e+00
4176.2400000008 9.9775911314e-01
4176.2500000008 9.9924473237e-01
4176.2600000008 9.9722621504e-01
4176.2700000008 1.0008777891e+00
4176.2800000008 1.0042370752e+00
4176.2900000008 1.0007660814e+00
4176.3000000008 9.9721719263e-01
4176.3100000008 9.9600134831e-01
4176.3200000008 9.9894120393e-01
4176.3300000008 1.0015305328e+00
4176.3400000008 1.0042153774e+00
4176.3500000008 9.9831263093e-01
4176.3600000008 1.0003776877e+00
4176.3700000008 1.0021497223e+00
4176.3800000008 9.9807216315e-01
4176.3900000008 9.9987357009e-01
4176.4000000008 1.0002907816e+00
4176.4100000008 9.9585869493e-01
4176.4200000008 9.9635488295e-01
4176.4300000008 1.0006279171e+00
4176.4400000008 9.9646853079e-01
4176.4500000008 1.0012901323e+00
4176.4600000008 9.9973896730e-01
4176.4700000008 9.9840711067e-01
4176.4800000008 9.9891546266e-01
4176.4900000008 9.9928000847e-01
4176.5000000008 9.9886167284e-01
4176.5100000008 9.9930682787e-01
4176.5200000008 9.9883304415e-01
4176.5300000008 1.0009938227e+00
4176.5400000008 1.0005567970e+00
4176.5500000008 9.9677433606e-01
4176.5600000008 1.0010049152e+00
4176.5700000008 9.9881132751e-01
4176.5800000008 9.9952735246e-01
4176.5900000008 1.0017968985e+00
4176.6000000008 9.9959759122e-01
4176.6100000008 9.9934974851e-01
4176.6200000008 1.0041989028e+00
4176.6300000008 1.0031645254e+00
4176.6400000008 9.9386932461e-01
4176.6500000008 1.0007033647e+00
4176.6600000008 1.0020728102e+00
4176.6700000008 9.9929362019e-01
4176.6800000008 1.0007304100e+00
4176.6900000008 1.0028461820e+00
4176.7000000008 9.9860441282e-01
4176.7100000008 1.0004822844e+00
4176.7200000008 1.0003694426e+00
4176.7300000008 1.0015595681e+00
4176.7400000008 9.9778013751e-01
4176.7500000008 9.9767634984e-01
4176.7600000008 9.9612513929e-01
4176.7700000008 9.9813483634e-01
4176.7800000008 1.0009263530e+00
4176.7900000008 9.9891973064e-01
4176.8000000008 9.9843021559e-01
4176.8100000008 1.0016283715e+00
4176.8200000008 9.9736627078e-01
4176.8300000008 1.0014619632e+00
4176.8400000008 9.9594095523e-01
4176.8500000008 1.0016397861e+00
4176.8600000008 9.9829305883e-01
4176.8700000008 1.0034403042e+00
4176.8800000008 1.0001431216e+00
4176.8900000008 9.9741746412e-01
4176.9000000008 9.9585150464e-01
4176.9100000008 9.9722762090e-01
4176.9200000008 9.9993495497e-01
4176.9300000008 1.0021820392e+00
4176.9400000008 1.0006248671e+00
4176.9500000008 1.0007432820e+00
4176.9600000008 9.9903683777e-01
4176.9700000008 1.0014028822e+00
4176.9800000008 9.9727125337e-01
4176.9900000008 9.9947516066e-01
4177.0000000008 1.0002173198e+00
4177.0100000008 9.9820258299e-01
4177.0200000008 1.0002092193e+00
4177.0300000008 9.9803984767e-01
4177.0400000008 9.9931451498e-01
4177.0500000008 1.0014041560e+00
4177.0600000008 9.9898850243e-01
4177.0700000008 1.0002066393e+00
4177.0800000008 9.9566923172e-01
4177.0900000008 9.9668601326e-01
4177.1000000008 1.0016537677e+00
4177.1100000008 9.9799482212e-01
4177.1200000008 1.0013448564e+00
4177.1300000008 1.0001103988e+00
4177.1400000008 9.9863143462e-01
4177.1500000008 9.9691249996e-01
4177.1600000008 9.9772421978e-01
4177.1700000008 9.9779401682e-01
4177.1800000008 9.9467577422e-01
4177.1900000008 9.9892756770e-01
4177.2000000008 9.9743846787e-01
4177.2100000008 9.9750557312e-01
4177.2200000008 1.0006707486e+00
4177.2300000008 1.0024634975e+00
4177.2400000008 9.9700138976e-01
4177.2500000008 1.0011299770e+00
4177.2600000008 9.9921376174e-01
4177.2700000008 1.0011593735e+00
4177.2800000008 1.0013523244e+00
4177.2900000008 1.0010762189e+00
4177.3000000008 9.9837480055e-01
4177.3100000008 1.0007262000e+00
4177.3200000008 1.0004423078e+00
4177.3300000008 9.9327917817e-01
4177.3400000008 9.9994116539e-01
4177.3500000008 9.9950014502e-01
4177.3600000008 9.9906359343e-01
4177.3700000008 9.9864503015e-01
4177.3800000008 9.9992863682e-01
4177.3900000008 9.9847678202e-01
4177.4000000008 9.9707767524e-01
4177.4100000008 1.0006941912e+00
4177.4200000008 1.0009084097e+00
4177.4300000008 9.9893861410e-01
4177.4400000008 1.0022589642e+00
4177.4500000009 9.9934235125e-01
4177.4600000009 1.0023285936e+00
4177.4700000009 1.0032771275e+00
4177.4800000009 9.9566660989e-01
4177.4900000009 9.9922232397e-01
4177.5000000009 1.0019897449e+00
4177.5100000009 9.9728428835e-01
4177.5200000009 1.0001842914e+00
4177.5300000009 1.0033910972e+00
4177.5400000009 9.9752021383e-01
4177.5500000009 1.0023018221e+00
4177.5600000009 9.9858634555e-01
4177.5700000009 9.9871781627e-01
4177.5800000009 1.0002653766e+00
4177.5900000009 1.0000058589e+00
4177.6000000009 9.9980801110e-01
4177.6100000009 9.9667382428e-01
4177.6200000009 1.0012587371e+00
4177.6300000009 9.9953275496e-01
4177.6400000009 9.9790791609e-01
4177.6500000009 9.9952421239e-01
4177.6600000009 1.0000310129e+00
4177.6700000009 9.9257449602e-01
4177.6800000009 9.9742399144e-01
4177.6900000009 1.0000337393e+00
4177.7000000009 1.0001660663e+00
4177.7100000009 9.9764069456e-01
4177.7200000009 9.9424640971e-01
4177.7300000009 9.9935633716e-01
4177.7400000009 9.9827470370e-01
4177.7500000009 1.0004658018e+00
4177.7600000009 9.9656320710e-01
4177.7700000009 9.9865838846e-01
4177.7800000009 9.9560970512e-01
4177.7900000009 1.0018539613e+00
4177.8000000009 9.9764446907e-01
4177.8100000009 1.0011717324e+00
4177.8200000009 9.9931579098e-01
4177.8300000009 1.0001778336e+00
4177.8400000009 9.9771272085e-01
4177.8500000009 1.0002931066e+00
4177.8600000009 1.0015083883e+00
4177.8700000009 9.9707006168e-01
4177.8800000009 9.9906197981e-01
4177.8900000009 9.9756239472e-01
4177.9000000009 9.9815193321e-01
4177.9100000009 1.0025015098e+00
4177.9200000009 9.9856554222e-01
4177.9300000009 1.0005926124e+00
4177.9400000009 1.0009956358e+00
4177.9500000009 9.9337343702e-01
4177.9600000009 9.9948879608e-01
4177.9700000009 9.9721770407e-01
4177.9800000009 1.0022932888e+00
4177.9900000009 9.9965585909e-01
4178.0000000009 1.0021432694e+00
4178.0100000009 1.0006801756e+00
4178.0200000009 1.0006855808e+00
4178.0300000009 9.9970183348e-01
4178.0400000009 9.9911604081e-01
4178.0500000009 9.9943661171e-01
4178.0600000009 9.9643379301e-01
4178.0700000009 1.0004906346e+00
4178.0800000009 9.9969138228e-01
4178.0900000009 9.9987151534e-01
4178.1000000009 1.0005304130e+00
4178.1100000009 1.0014704459e+00
4178.1200000009 9.9683578981e-01
4178.1300000009 9.9853716288e-01
4178.1400000009 1.0014700446e+00
4178.1500000009 9.9809702734e-01
4178.1600000009 9.9758700703e-01
4178.1700000009 9.9945564168e-01
4178.1800000009 1.0002575122e+00
4178.1900000009 9.9720710615e-01
4178.2000000009 9.9909694170e-01
4178.2100000009 1.0011290851e+00
4178.2200000009 9.9848427318e-01
4178.2300000009 1.0007391511e+00
4178.2400000009 1.0016970552e+00
4178.2500000009 1.0012552001e+00
4178.2600000009 9.9920224149e-01
4178.2700000009 9.9811413549e-01
4178.2800000009 1.0000917477e+00
4178.2900000009 9.9891980839e-01
4178.3000000009 9.9968725195e-01
4178.3100000009 1.0029625211e+00
4178.3200000009 1.0004203980e+00
4178.3300000009 9.9793922054e-01
4178.3400000009 9.9832642051e-01
4178.3500000009 9.9836299071e-01
4178.3600000009 9.9558105714e-01
4178.3700000009 9.9608422389e-01
4178.3800000009 9.9781675217e-01
4178.3900000009 1.0014630403e+00
4178.4000000009 9.9715536941e-01
4178.4100000009 9.9845699831e-01
4178.4200000009 9.9883615883e-01
4178.4300000009 9.9903470090e-01
4178.4400000009 9.9604315176e-01
4178.4500000009 1.0022205254e+00
4178.4600000009 1.0017442905e+00
4178.4700000009 9.9950305595e-01
4178.4800000009 9.9886367346e-01
4178.4900000009 9.9804987115e-01
4178.5000000009 1.0008959650e+00
4178.5100000009 1.0020627782e+00
4178.5200000009 9.9766126690e-01
4178.5300000009 1.0001974161e+00
4178.5400000009 9.9780064495e-01
4178.5500000009 9.9977508376e-01
4178.5600000009 1.0033630918e+00
4178.5700000009 9.9836660073e-01
4178.5800000009 9.9746764478e-01
4178.5900000009 9.9864560725e-01
4178.6000000009 1.0001527276e+00
4178.6100000009 9.9396403963e-01
4178.6200000009 1.0037243357e+00
4178.6300000009 1.0015217970e+00
4178.6400000009 1.0011581430e+00
4178.6500000009 9.9865587418e-01
4178.6600000009 9.9922408183e-01
4178.6700000009 9.9716363289e-01
4178.6800000009 9.9833432946e-01
4178.6900000009 9.9831654081e-01
4178.7000000009 9.9913849571e-01
4178.7100000009 1.0050114810e+00
4178.7200000009 9.9820006841e-01
4178.7300000009 1.0006612612e+00
4178.7400000009 9.9877727580e-01
4178.7500000009 9.9822973141e-01
4178.7600000009 1.0036626945e+00
4178.7700000009 9.9907229613e-01
4178.7800000009 9.9935595456e-01
4178.7900000009 1.0007211604e+00
4178.8000000009 9.9640624185e-01
4178.8100000009 1.0002247914e+00
4178.8200000009 9.9642708623e-01
4178.8300000009 9.9883555344e-01
4178.8400000009 1.0009763883e+00
4178.8500000009 1.0011917179e+00
4178.8600000009 9.9787721364e-01
4178.8700000009 9.9904560764e-01
4178.8800000009 1.0005830106e+00
4178.8900000009 9.9880671906e-01
4178.9000000009 1.0001195441e+00
4178.9100000009 9.9968236461e-01
4178.9200000009 1.0005510629e+00
4178.9300000009 1.0028525041e+00
4178.9400000009 9.9929705360e-01
4178.9500000009 1.0005746395e+00
4178.9600000009 1.0010219325e+00
4178.9700000009 9.9752506149e-01
4178.9800000009 9.9936964567e-01
4178.9900000009 9.9864528839e-01
4179.0000000009 1.0002899296e+00
4179.0100000009 9.9970741705e-01
4179.0200000009 9.9876564770e-01
4179.0300000009 1.0014106510e+00
4179.0400000009 9.9821157851e-01
4179.0500000009 9.9924578584e-01
4179.0600000009 9.9601801741e-01
4179.0700000009 1.0023465577e+00
4179.0800000009 9.9856097726e-01
4179.0900000009 9.9742185602e-01
4179.1000000009 9.9830266734e-01
4179.1100000009 9.9807516728e-01
4179.1200000009 1.0003792628e+00
4179.1300000009 1.0008686778e+00
4179.1400000009 9.9758878558e-01
4179.1500000009 9.9747219501e-01
4179.1600000009 9.9800186684e-01
4179.1700000009 9.9952168386e-01
4179.1800000009 9.9750333133e-01
4179.1900000009 1.0019762495e+00
4179.2000000009 1.0019038912e+00
4179.2100000009 9.9898211920e-01
4179.2200000009 9.9872175966e-01
4179.2300000009 1.0011287259e+00
4179.2400000009 9.9970976093e-01
4179.2500000009 1.0008034497e+00
4179.2600000009 9.9939740487e-01
4179.2700000009 9.9777744985e-01
4179.2800000009 9.9955532309e-01
4179.2900000009 9.9857849676e-01
4179.3000000009 1.0030901762e+00
4179.3100000009 9.9929671009e-01
4179.3200000009 1.0005486129e+00
4179.3300000009 1.0012806812e+00
4179.3400000009 1.0024218281e+00
4179.3500000009 9.9894625944e-01
4179.3600000009 9.9985246148e-01
4179.3700000009 9.9971150128e-01
4179.3800000009 9.9826873208e-01
4179.3900000009 9.9788570575e-01
4179.4000000009 1.0003870474e+00
4179.4100000009 9.9965288261e-01
4179.4200000009 9.9599153391e-01
4179.4300000009 9.9827825885e-01
4179.4400000009 9.9875868417e-01
4179.4500000009 9.9787335544e-01
4179.4600000009 9.9597094905e-01
4179.4700000009 1.0000547623e+00
4179.4800000009 1.0002526593e+00
4179.4900000009 1.0011354086e+00
4179.5000000009 9.9835261138e-01
4179.5100000009 9.9602269430e-01
4179.5200000009 9.9858652044e-01
4179.5300000009 1.0003612232e+00
4179.5400000009 9.9904187270e-01
4179.5500000009 1.0024184734e+00
4179.5600000009 9.9788050370e-01
4179.5700000009 1.0019715764e+00
4179.5800000009 9.9612943249e-01
4179.5900000009 1.0003693402e+00
4179.6000000009 1.0000525838e+00
4179.6100000009 9.9671200223e-01
4179.6200000009 1.0016807864e+00
4179.6300000009 1.0036738666e+00
4179.6400000009 9.9971204207e-01
4179.6500000009 1.0016615734e+00
4179.6600000009 9.9865788910e-01
4179.6700000009 1.0020909127e+00
4179.6800000009 9.9892161684e-01
4179.6900000009 1.0000412477e+00
4179.7000000009 9.9905388316e-01
4179.7100000009 9.9780956933e-01
4179.7200000009 9.9902615091e-01
4179.7300000009 9.9788150609e-01
4179.7400000009 9.9720689392e-01
4179.7500000009 9.9738098562e-01
4179.7600000009 9.9956922660e-01
4179.7700000009 1.0015728039e+00
4179.7800000009 9.9907610737e-01
4179.7900000009 9.9602750968e-01
4179.8000000009 9.9994728074e-01
4179.8100000009 9.9893405924e-01
4179.8200000009 1.0008267081e+00
4179.8300000009 9.9913423880e-01
4179.8400000009 9.9800237489e-01
4179.8500000009 9.9912975634e-01
4179.8600000009 1.0004373392e+00
4179.8700000009 9.9883098082e-01
4179.8800000009 1.0013277504e+00
4179.8900000009 1.0007100044e+00
4179.9000000009 9.9671864916e-01
4179.9100000009 1.0002748412e+00
4179.9200000009 1.0006655205e+00
4179.9300000009 1.0014063751e+00
4179.9400000009 9.9955317228e-01
4179.9500000009 1.0012388068e+00
4179.9600000009 9.9911690199e-01
4179.9700000009 1.0020017800e+00
4179.9800000009 9.9974850409e-01
4179.9900000009 9.9894350140e-01
4180.0000000009 9.9859053281e-01
4180.0100000009 1.0014899662e+00
4180.0200000009 9.9613892769e-01
4180.0300000009 1.0007600432e+00
4180.0400000009 9.9911536877e-01
4180.0500000009 1.0006581699e+00
4180.0600000009 9.9881823022e-01
4180.0700000009 9.9862273590e-01
4180.0800000009 1.0027036240e+00
4180.0900000009 9.9911728470e-01
4180.1000000009 1.0013106359e+00
4180.1100000009 1.0004861720e+00
4180.1200000009 9.9963529695e-01
4180.1300000009 9.9699670820e-01
4180.1400000009 9.9796023263e-01
4180.1500000009 9.9965891935e-01
4180.1600000009 9.9763761635e-01
4180.1700000009 1.0002179384e+00
4180.1800000009 9.9835212158e-01
4180.1900000009 9.9948667757e-01
4180.2000000009 9.9802048713e-01
4180.2100000009 1.0004667297e+00
4180.2200000009 9.9942574698e-01
4180.2300000009 9.9943230405e-01
4180.2400000009 9.9669398985e-01
4180.2500000009 9.9910646574e-01
4180.2600000009 9.9871052777e-01
4180.2700000009 9.9945028643e-01
4180.2800000009 9.9856109554e-01
4180.2900000009 9.9775925708e-01
4180.3000000009 1.0036128310e+00
4180.3100000009 1.0006778421e+00
4180.3200000009 1.0012218953e+00
4180.3300000009 9.9902785964e-01
4180.3400000009 9.9951451963e-01
4180.3500000009 9.9711640563e-01
4180.3600000009 9.9924012670e-01
4180.3700000009 1.0016244157e+00
4180.3800000009 9.9798494994e-01
4180.3900000009 1.0015216969e+00
4180.4000000009 1.0000576868e+00
4180.4100000009 9.9766610099e-01
4180.4200000009 1.0001884830e+00
4180.4300000009 9.9888108358e-01
4180.4400000009 1.0014247716e+00
4180.4500000009 9.9805470739e-01
4180.4600000009 9.9839581530e-01
4180.4700000009 1.0010798021e+00
4180.4800000009 9.9865949870e-01
4180.4900000009 1.0015720390e+00
4180.5000000009 1.0000167074e+00
4180.5100000009 1.0012665510e+00
4180.5200000009 9.9738605920e-01
4180.5300000009 9.9806798360e-01
4180.5400000009 9.9780491185e-01
4180.5500000009 9.9755733495e-01
4180.5600000009 9.9946670503e-01
4180.5700000009 9.9966792737e-01
4180.5800000009 9.9815210523e-01
4180.5900000009 1.0008038920e+00
4180.6000000009 9.9926367767e-01
4180.6100000009 9.9905314333e-01
4180.6200000009 9.9755266112e-01
4180.6300000009 9.9909729970e-01
4180.6400000009 9.9642325044e-01
4180.6500000009 9.9391121944e-01
4180.6600000009 9.9782005804e-01
4180.6700000009 1.0005679225e+00
4180.6800000009 9.9692285584e-01
4180.6900000009 9.9679710054e-01
4180.7000000009 1.0005698310e+00
4180.7100000009 9.9884176791e-01
4180.7200000009 9.9778934618e-01
4180.7300000009 9.9786279256e-01
4180.7400000009 9.9999523898e-01
4180.7500000009 9.9914328170e-01
4180.7600000009 9.9709585549e-01
4180.7700000009 9.9769588377e-01
4180.7800000009 1.0011787808e+00
4180.7900000009 1.0003159797e+00
4180.8000000009 9.9957380805e-01
4180.8100000009 1.0044350996e+00
4180.8200000009 1.0012776220e+00
4180.8300000009 1.0003678999e+00
4180.8400000009 9.9799781520e-01
4180.8500000009 9.9880218497e-01
4180.8600000009 1.0009214363e+00
4180.8700000009 1.0000184884e+00
4180.8800000009 1.0009427178e+00
4180.8900000009 1.0012475411e+00
4180.9000000009 9.9601183425e-01
4180.9100000009 1.0008408653e+00
4180.9200000009 1.0036613300e+00
4180.9300000009 9.9937940701e-01
4180.9400000009 1.0007261894e+00
4180.9500000009 1.0011498346e+00
4180.9600000009 9.9782723420e-01
4180.9700000009 9.9970587354e-01
4180.9800000009 9.9407800688e-01
4180.9900000009 9.9731375444e-01
4181.0000000009 9.9850705853e-01
4181.0100000009 9.9760738875e-01
4181.0200000009 1.0017288845e+00
4181.0300000009 1.0004157825e+00
4181.0400000009 9.9596264846e-01
4181.0500000009 9.9991540759e-01
4181.0600000009 1.0001195150e+00
4181.0700000009 1.0004805905e+00
4181.0800000009 9.9612436360e-01
4181.0900000009 9.9677006502e-01
4181.1000000009 1.0004613968e+00
4181.1100000009 1.0009584405e+00
4181.1200000009 9.9657302203e-01
4181.1300000009 1.0001022903e+00
4181.1400000009 9.9597830788e-01
4181.1500000009 9.9565763638e-01
4181.1600000009 9.9784799349e-01
4181.1700000009 9.9944803989e-01
4181.1800000009 9.9793232924e-01
4181.1900000009 1.0002561004e+00
4181.2000000009 1.0014359760e+00
4181.2100000009 9.9804258463e-01
4181.2200000009 9.9971045275e-01
4181.2300000009 9.9878549345e-01
4181.2400000009 1.0006153296e+00
4181.2500000009 9.9841243988e-01
4181.2600000009 9.9527743293e-01
4181.2700000009 9.9930052280e-01
4181.2800000009 9.9950837698e-01
4181.2900000009 9.9820297907e-01
4181.3000000009 9.9783743990e-01
4181.3100000009 1.0033699100e+00
4181.3200000009 9.9755073996e-01
4181.3300000009 9.9980448677e-01
4181.3400000009 1.0005214707e+00
4181.3500000009 1.0000944632e+00
4181.3600000009 1.0038056953e+00
4181.3700000009 1.0009930402e+00
4181.3800000009 9.9767482329e-01
4181.3900000009 1.0012915509e+00
4181.4000000009 9.9896630913e-01
4181.4100000009 9.9692423089e-01
4181.4200000009 1.0035924853e+00
4181.4300000009 9.9944542498e-01
4181.4400000009 9.9852217946e-01
4181.4500000009 9.9976429266e-01
4181.4600000009 9.9547263046e-01
4181.4700000009 9.9925781784e-01
4181.4800000009 9.9119738514e-01
4181.4900000009 9.9796409754e-01
4181.5000000009 1.0001072009e+00
4181.5100000009 1.0004068198e+00
4181.5200000009 9.9757137182e-01
4181.5300000009 9.9676851534e-01
4181.5400000009 9.9935781523e-01
4181.5500000009 9.9998009517e-01
4181.5600000009 9.9888756750e-01
4181.5700000009 9.9713971036e-01
4181.5800000009 9.9953152012e-01
4181.5900000009 1.0010569606e+00
4181.6000000009 9.9802460670e-01
4181.6100000009 1.0025854166e+00
4181.6200000009 9.9559668714e-01
4181.6300000009 1.0026843637e+00
4181.6400000009 9.9809924003e-01
4181.6500000009 1.0024288892e+00
4181.6600000009 1.0030014381e+00
4181.6700000009 1.0003523619e+00
4181.6800000009 9.9844008485e-01
4181.6900000009 9.9754976737e-01
4181.7000000009 1.0008626874e+00
4181.7100000009 9.9925515867e-01
4181.7200000009 9.9881987853e-01
4181.7300000009 9.9862792707e-01
4181.7400000009 9.9624371158e-01
4181.7500000009 1.0005413589e+00
4181.7600000009 1.0023226102e+00
4181.7700000009 9.9602993168e-01
4181.7800000009 1.0005854416e+00
4181.7900000009 9.9761432639e-01
4181.8000000009 9.9831849129e-01
4181.8100000009 9.9982648985e-01
4181.8200000009 1.0022192239e+00
4181.8300000009 9.9818390821e-01
4181.8400000009 9.9657625750e-01
4181.8500000009 1.0000959405e+00
4181.8600000009 9.9786104367e-01
4181.8700000009 1.0029494775e+00
4181.8800000009 9.9880163929e-01
4181.8900000009 9.9738205665e-01
4181.9000000009 9.9823624306e-01
4181.9100000009 1.0002309111e+00
4181.9200000009 9.9776545092e-01
4181.9300000009 9.9679042985e-01
4181.9400000009 1.0021153625e+00
4181.9500000009 9.9647963929e-01
4181.9600000009 9.9788126072e-01
4181.9700000009 9.9905441326e-01
4181.9800000009 1.0000463994e+00
4181.9900000009 9.9927505414e-01
4182.0000000009 9.9887029493e-01
4182.0100000009 9.9616309614e-01
4182.0200000009 9.9980435927e-01
4182.0300000010 9.9484123643e-01
4182.0400000010 9.9944638338e-01
4182.0500000010 1.0027243733e+00
4182.0600000010 1.0006062274e+00
4182.0700000010 9.9828260763e-01
4182.0800000010 9.9733407222e-01
4182.0900000010 1.0051635919e+00
4182.1000000010 9.9810237392e-01
4182.1100000010 9.9996231881e-01
4182.1200000010 1.0001222215e+00
4182.1300000010 9.9965520692e-01
4182.1400000010 9.9925282448e-01
4182.1500000010 9.9685750984e-01
4182.1600000010 1.0031854412e+00
4182.1700000010 9.9884115614e-01
4182.1800000010 9.9847202738e-01
4182.1900000010 9.9959286444e-01
4182.2000000010 1.0006975936e+00
4182.2100000010 1.0030301172e+00
4182.2200000010 1.0003233211e+00
4182.2300000010 1.0024223021e+00
4182.2400000010 1.0013348955e+00
4182.2500000010 9.9710235425e-01
4182.2600000010 1.0022560877e+00
4182.2700000010 9.9583930592e-01
4182.2800000010 9.9917037248e-01
4182.2900000010 9.9717610987e-01
4182.3000000010 9.9804813226e-01
4182.3100000010 1.0006825863e+00
4182.3200000010 9.9906320802e-01
4182.3300000010 9.9913070548e-01
4182.3400000010 9.9396513075e-01
4182.3500000010 9.9631739172e-01
4182.3600000010 1.0020121567e+00
4182.3700000010 9.9918432163e-01
4182.3800000010 9.9885594773e-01
4182.3900000010 1.0009077585e+00
4182.4000000010 1.0016835644e+00
4182.4100000010 9.9654514780e-01
4182.4200000010 9.9538206680e-01
4182.4300000010 1.0001874261e+00
4182.4400000010 9.9813769807e-01
4182.4500000010 1.0008033120e+00
4182.4600000010 1.0038289067e+00
4182.4700000010 9.9975024891e-01
4182.4800000010 9.9627752934e-01
4182.4900000010 9.9754488741e-01
4182.5000000010 1.0026486722e+00
4182.5100000010 9.9900448401e-01
4182.5200000010 9.9597779145e-01
4182.5300000010 1.0015755687e+00
4182.5400000010 9.9995136928e-01
4182.5500000010 9.9778749791e-01
4182.5600000010 9.9850407932e-01
4182.5700000010 1.0000658977e+00
4182.5800000010 9.9683087990e-01
4182.5900000010 9.9756788344e-01
4182.6000000010 9.9974468016e-01
4182.6100000010 9.9943114248e-01
4182.6200000010 9.9868586447e-01
4182.6300000010 9.9725308165e-01
4182.6400000010 1.0007363862e+00
4182.6500000010 9.9899255589e-01
4182.6600000010 9.9482244348e-01
4182.6700000010 9.9681250930e-01
4182.6800000010 9.9640669802e-01
4182.6900000010 1.0013406157e+00
4182.7000000010 9.9825186642e-01
4182.7100000010 9.9813349074e-01
4182.7200000010 9.9939218349e-01
4182.7300000010 1.0012330712e+00
4182.7400000010 9.9741048639e-01
4182.7500000010 9.9890798237e-01
4182.7600000010 1.0005935962e+00
4182.7700000010 1.0009062518e+00
4182.7800000010 9.9690909974e-01
4182.7900000010 9.9986833748e-01
4182.8000000010 9.9740748981e-01
4182.8100000010 1.0033529153e+00
4182.8200000010 1.0027596148e+00
4182.8300000010 1.0011877985e+00
4182.8400000010 1.0003631625e+00
4182.8500000010 9.9801244443e-01
4182.8600000010 9.9974149016e-01
4182.8700000010 9.9733241440e-01
4182.8800000010 9.9908151571e-01
4182.8900000010 9.9810816190e-01
4182.9000000010 9.9618100930e-01
4182.9100000010 9.9780631555e-01
4182.9200000010 9.9916016042e-01
4182.9300000010 9.9559862615e-01
4182.9400000010 9.9963542581e-01
4182.9500000010 9.9453644908e-01
4182.9600000010 9.9782731567e-01
4182.9700000010 1.0016561111e+00
4182.9800000010 9.9900817520e-01
4182.9900000010 9.9997752027e-01
4183.0000000010 9.9553999820e-01
4183.0100000010 9.9949742072e-01
4183.0200000010 9.9820488209e-01
4183.0300000010 9.9926278905e-01
4183.0400000010 9.9814862989e-01
4183.0500000010 9.9925576345e-01
4183.0600000010 1.0009348964e+00
4183.0700000010 9.9696972982e-01
4183.0800000010 1.0008011521e+00
4183.0900000010 9.9738297146e-01
4183.1000000010 9.9956788224e-01
4183.1100000010 9.9818598462e-01
4183.1200000010 9.9414395794e-01
4183.1300000010 9.9592771160e-01
4183.1400000010 9.9905932743e-01
4183.1500000010 9.9702067372e-01
4183.1600000010 9.9762694299e-01
4183.1700000010 9.9930909213e-01
4183.1800000010 9.9651838825e-01
4183.1900000010 1.0000639828e+00
4183.2000000010 9.9683311424e-01
4183.2100000010 9.9437504241e-01
4183.2200000010 9.9781696264e-01
4183.2300000010 9.9430574787e-01
4183.2400000010 9.9679430296e-01
4183.2500000010 9.9739676292e-01
4183.2600000010 9.9765749101e-01
4183.2700000010 9.9863859363e-01
4183.2800000010 9.9977077369e-01
4183.2900000010 9.9991003233e-01
4183.3000000010 9.9984673838e-01
4183.3100000010 9.9638134342e-01
4183.3200000010 9.9607638156e-01
4183.3300000010 1.0020520555e+00
4183.3400000010 1.0006868634e+00
4183.3500000010 9.9736590734e-01
4183.3600000010 9.9798362265e-01
4183.3700000010 9.9528509371e-01
4183.3800000010 9.9582308386e-01
4183.3900000010 9.9598369968e-01
4183.4000000010 9.9984007108e-01
4183.4100000010 1.0019556746e+00
4183.4200000010 9.9883823889e-01
4183.4300000010 1.0002871444e+00
4183.4400000010 9.9817409193e-01
4183.4500000010 1.0003028942e+00
4183.4600000010 1.0020376492e+00
4183.4700000010 1.0011174261e+00
4183.4800000010 9.9800776568e-01
4183.4900000010 9.9881669248e-01
4183.5000000010 9.9876676772e-01
4183.5100000010 1.0014432349e+00
4183.5200000010 9.9813431408e-01
4183.5300000010 9.9975222395e-01
4183.5400000010 9.9717924863e-01
4183.5500000010 1.0009454817e+00
4183.5600000010 9.9798574528e-01
4183.5700000010 9.9943537429e-01
4183.5800000010 9.9844716518e-01
4183.5900000010 9.9873631883e-01
4183.6000000010 9.9963821303e-01
4183.6100000010 9.9845948357e-01
4183.6200000010 9.9914531305e-01
4183.6300000010 9.9581784078e-01
4183.6400000010 9.9483783846e-01
4183.6500000010 9.9524087517e-01
4183.6600000010 9.9546845280e-01
4183.6700000010 9.9536035447e-01
4183.6800000010 1.0036585855e+00
4183.6900000010 9.9405749470e-01
4183.7000000010 1.0012027386e+00
4183.7100000010 9.9598406588e-01
4183.7200000010 1.0015945928e+00
4183.7300000010 9.9871750718e-01
4183.7400000010 9.9796273647e-01
4183.7500000010 1.0013569700e+00
4183.7600000010 9.9828176860e-01
4183.7700000010 9.9759405853e-01
4183.7800000010 9.9849183367e-01
4183.7900000010 9.9903123962e-01
4183.8000000010 9.9849417496e-01
4183.8100000010 1.0016869828e+00
4183.8200000010 9.9962662248e-01
4183.8300000010 9.9879710449e-01
4183.8400000010 1.0018838268e+00
4183.8500000010 1.0012009886e+00
4183.8600000010 1.0023647553e+00
4183.8700000010 9.9939928447e-01
4183.8800000010 9.9765775224e-01
4183.8900000010 9.9647793435e-01
4183.9000000010 1.0006011508e+00
4183.9100000010 9.9830578590e-01
4183.9200000010 1.0000056299e+00
4183.9300000010 9.9856282105e-01
4183.9400000010 9.9656311769e-01
4183.9500000010 9.9633045469e-01
4183.9600000010 9.9557581297e-01
4183.9700000010 9.9780293399e-01
4183.9800000010 9.9798679881e-01
4183.9900000010 9.9627822580e-01
4184.0000000010 9.9834679367e-01
4184.0100000010 9.9509503814e-01
4184.0200000010 1.0000860087e+00
4184.0300000010 9.9852010400e-01
4184.0400000010 1.0022647381e+00
4184.0500000010 9.9640482667e-01
4184.0600000010 9.9947181926e-01
4184.0700000010 9.9690863939e-01
4184.0800000010 1.0000620341e+00
4184.0900000010 1.0001516017e+00
4184.1000000010 9.9244117513e-01
4184.1100000010 9.9974059244e-01
4184.1200000010 9.9713348929e-01
4184.1300000010 9.9837524978e-01
4184.1400000010 1.0001100448e+00
4184.1500000010 9.9657578036e-01
4184.1600000010 9.9692231237e-01
4184.1700000010 9.9766195231e-01
4184.1800000010 9.9875328855e-01
4184.1900000010 9.9991007048e-01
4184.2000000010 9.9927788698e-01
4184.2100000010 9.9444287874e-01
4184.2200000010 9.9700066934e-01
4184.2300000010 9.9595275362e-01
4184.2400000010 9.9518746541e-01
4184.2500000010 9.9919543858e-01
4184.2600000010 9.9597143731e-01
4184.2700000010 9.9730055738e-01
4184.2800000010 9.9739466250e-01
4184.2900000010 9.9878380661e-01
4184.3000000010 9.9781562448e-01
4184.3100000010 1.0006343982e+00
4184.3200000010 9.9822361398e-01
4184.3300000010 9.9767950732e-01
4184.3400000010 9.9893877117e-01
4184.3500000010 9.9828815849e-01
4184.3600000010 9.9648531578e-01
4184.3700000010 9.9479756289e-01
4184.3800000010 9.9669962605e-01
4184.3900000010 9.9785672526e-01
4184.4000000010 9.9762106301e-01
4184.4100000010 9.9992894757e-01
4184.4200000010 9.9910731148e-01
4184.4300000010 9.9408977163e-01
4184.4400000010 9.9765578433e-01
4184.4500000010 9.9867144540e-01
4184.4600000010 9.9655044334e-01
4184.4700000010 9.9779375612e-01
4184.4800000010 9.9708675249e-01
4184.4900000010 9.9338254591e-01
4184.5000000010 1.0011815988e+00
4184.5100000010 9.9813569100e-01
4184.5200000010 1.0009177291e+00
4184.5300000010 1.0004916983e+00
4184.5400000010 9.9713910075e-01
4184.5500000010 9.9450487839e-01
4184.5600000010 9.9581616337e-01
4184.5700000010 1.0002268523e+00
4184.5800000010 9.9968534379e-01
4184.5900000010 1.0017423466e+00
4184.6000000010 9.9855977646e-01
4184.6100000010 9.9665679032e-01
4184.6200000010 9.9531294008e-01
4184.6300000010 9.9665371536e-01
4184.6400000010 1.0005695035e+00
4184.6500000010 9.9419308494e-01
4184.6600000010 1.0009745150e+00
4184.6700000010 9.9966272016e-01
4184.6800000010 9.9657615431e-01
4184.6900000010 9.9735358971e-01
4184.7000000010 9.9826659146e-01
4184.7100000010 9.9713907674e-01
4184.7200000010 9.9912048793e-01
4184.7300000010 1.0016291743e+00
4184.7400000010 9.9672094098e-01
4184.7500000010 9.9971971209e-01
4184.7600000010 9.9800870234e-01
4184.7700000010 9.9809525693e-01
4184.7800000010 1.0000671041e+00
4184.7900000010 9.9766777453e-01
4184.8000000010 9.9932399834e-01
4184.8100000010 9.9965448887e-01
4184.8200000010 9.9675121245e-01
4184.8300000010 9.9885980987e-01
4184.8400000010 9.9764119070e-01
4184.8500000010 9.9962050287e-01
4184.8600000010 9.9826671507e-01
4184.8700000010 9.9343109892e-01
4184.8800000010 9.9698408874e-01
4184.8900000010 9.9771827103e-01
4184.9000000010 9.9978016595e-01
4184.9100000010 1.0019464528e+00
4184.9200000010 9.9801966457e-01
4184.9300000010 9.9925381007e-01
4184.9400000010 9.9719540592e-01
4184.9500000010 9.9821310615e-01
4184.9600000010 9.9927589688e-01
4184.9700000010 9.9636017202e-01
4184.9800000010 9.9933439791e-01
4184.9900000010 9.9977625010e-01
4185.0000000010 9.9235463366e-01
4185.0100000010 9.9564592447e-01
4185.0200000010 1.0006206138e+00
4185.0300000010 9.9365812899e-01
4185.0400000010 9.9773010650e-01
4185.0500000010 9.9947737231e-01
4185.0600000010 9.9837185087e-01
4185.0700000010 9.9602645536e-01
4185.0800000010 1.0014812678e+00
4185.0900000010 9.9840964206e-01
4185.1000000010 9.9684300826e-01
4185.1100000010 9.9791201308e-01
4185.1200000010 9.9893292364e-01
4185.1300000010 9.9725716508e-01
4185.1400000010 9.9793903129e-01
4185.1500000010 9.9697585433e-01
4185.1600000010 9.9348493912e-01
4185.1700000010 9.9998988325e-01
4185.1800000010 9.9859568413e-01
4185.1900000010 9.9583533658e-01
4185.2000000010 9.9615270668e-01
4185.2100000010 9.9941128523e-01
4185.2200000010 9.9855343740e-01
4185.2300000010 1.0004402951e+00
4185.2400000010 9.9873530322e-01
4185.2500000010 9.9646306606e-01
4185.2600000010 9.9794538120e-01
4185.2700000010 9.9190766077e-01
4185.2800000010 9.9861029220e-01
4185.2900000010 9.9940913933e-01
4185.3000000010 9.9810250126e-01
4185.3100000010 9.9666143087e-01
4185.3200000010 1.0005228168e+00
4185.3300000010 9.9629302903e-01
4185.3400000010 9.9531818950e-01
4185.3500000010 1.0029826533e+00
4185.3600000010 9.9645664710e-01
4185.3700000010 9.9329215492e-01
4185.3800000010 9.9901696448e-01
4185.3900000010 9.9895388914e-01
4185.4000000010 9.9455218428e-01
4185.4100000010 9.9776554628e-01
4185.4200000010 9.9317566849e-01
4185.4300000010 9.9945974856e-01
4185.4400000010 9.9741344293e-01
4185.4500000010 9.9639204440e-01
4185.4600000010 9.9527815435e-01
4185.4700000010 9.9676509007e-01
4185.4800000010 9.9479111017e-01
4185.4900000010 9.9561576673e-01
4185.5000000010 9.9534646881e-01
4185.5100000010 9.9489170095e-01
4185.5200000010 9.9675834263e-01
4185.5300000010 9.9500409703e-01
4185.5400000010 9.9746504232e-01
4185.5500000010 9.9809889070e-01
4185.5600000010 9.9814445830e-01
4185.5700000010 9.9897516444e-01
4185.5800000010 9.9850881550e-01
4185.5900000010 9.9690955277e-01
4185.6000000010 9.9987484820e-01
4185.6100000010 9.9434184613e-01
4185.6200000010 9.9522485564e-01
4185.6300000010 9.9966335264e-01
4185.6400000010 1.0015369480e+00
4185.6500000010 9.9575033104e-01
4185.6600000010 9.9669610264e-01
4185.6700000010 9.9739324759e-01
4185.6800000010 9.9750171695e-01
4185.6900000010 9.9759447476e-01
4185.7000000010 9.9497670820e-01
4185.7100000010 1.0013566412e+00
4185.7200000010 9.9823028233e-01
4185.7300000010 9.9361183388e-01
4185.7400000010 9.9652794719e-01
4185.7500000010 9.9768699256e-01
4185.7600000010 9.9604230172e-01
4185.7700000010 9.9815884569e-01
4185.7800000010 9.9746442267e-01
4185.7900000010 9.9683953224e-01
4185.8000000010 9.9671383165e-01
4185.8100000010 9.9669548666e-01
4185.8200000010 9.9706653729e-01
4185.8300000010 9.9544478061e-01
4185.8400000010 9.9654239428e-01
4185.8500000010 9.9875967763e-01
4185.8600000010 9.9502579938e-01
4185.8700000010 9.9561336394e-01
4185.8800000010 9.9636655177e-01
4185.8900000010 9.9856381991e-01
4185.9000000010 9.9727875435e-01
4185.9100000010 9.9712215756e-01
4185.9200000010 9.9618189855e-01
4185.9300000010 9.9437407691e-01
4185.9400000010 9.9729583145e-01
4185.9500000010 9.9735249716e-01
4185.9600000010 9.9780004813e-01
4185.9700000010 1.0006290016e+00
4185.9800000010 9.9579283230e-01
4185.9900000010 9.9247164218e-01
4186.0000000010 9.9613156209e-01
4186.0100000010 9.9397043852e-01
4186.0200000010 9.9746911106e-01
4186.0300000010 9.9247897474e-01
4186.0400000010 9.9983154045e-01
4186.0500000010 9.9471977055e-01
4186.0600000010 9.9667883407e-01
4186.0700000010 9.9669812459e-01
4186.0800000010 9.9726107499e-01
4186.0900000010 9.9786713101e-01
4186.1000000010 9.9674450920e-01
4186.1100000010 9.9364487093e-01
4186.1200000010 9.9692931128e-01
4186.1300000010 9.9786396557e-01
4186.1400000010 9.9463447106e-01
4186.1500000010 9.9369379331e-01
4186.1600000010 1.0002465186e+00
4186.1700000010 1.0012891256e+00
4186.1800000010 9.9323880235e-01
4186.1900000010 9.9599625948e-01
4186.2000000010 9.9502010160e-01
4186.2100000010 1.0038104154e+00
4186.2200000010 9.9808435047e-01
4186.2300000010 9.9556298355e-01
4186.2400000010 9.9483771103e-01
4186.2500000010 9.9381560794e-01
4186.2600000010 9.9463372950e-01
4186.2700000010 9.9539353703e-01
4186.2800000010 9.9549360407e-01
4186.2900000010 9.9495683531e-01
4186.3000000010 9.9703007658e-01
4186.3100000010 9.9642305144e-01
4186.3200000010 9.9606107300e-01
4186.3300000010 9.9947821828e-01
4186.3400000010 1.0016343118e+00
4186.3500000010 9.9722586679e-01
4186.3600000010 9.9337697237e-01
4186.3700000010 9.9697481555e-01
4186.3800000010 9.9368618263e-01
4186.3900000010 9.9707695467e-01
4186.4000000010 9.9807385084e-01
4186.4100000010 9.9399245487e-01
4186.4200000010 9.9613663666e-01
4186.4300000010 9.9374016296e-01
4186.4400000010 9.9556016898e-01
4186.4500000010 9.9656730988e-01
4186.4600000010 1.0005410818e+00
4186.4700000010 9.9315320329e-01
4186.4800000010 9.9406400041e-01
4186.4900000010 9.9594059265e-01
4186.5000000010 9.9463324640e-01
4186.5100000010 9.9880840868e-01
4186.5200000010 9.9762400901e-01
4186.5300000010 9.9746056849e-01
4186.5400000010 9.9324441727e-01
4186.5500000010 9.9319445137e-01
4186.5600000010 9.9676651716e-01
4186.5700000010 9.9672677329e-01
4186.5800000010 9.9944669959e-01
4186.5900000010 9.9801203054e-01
4186.6000000010 9.9775300915e-01
4186.6100000011 9.9298267564e-01
4186.6200000011 9.9582390029e-01
4186.6300000011 9.9697435274e-01
4186.6400000011 9.9394639591e-01
4186.6500000011 9.9750975957e-01
4186.6600000011 9.9699661349e-01
4186.6700000011 9.9503587740e-01
4186.6800000011 9.9632303294e-01
4186.6900000011 9.9516163359e-01
4186.7000000011 9.9995255142e-01
4186.7100000011 9.9491385817e-01
4186.7200000011 9.9798145244e-01
4186.7300000011 9.9659233466e-01
4186.7400000011 9.9516401419e-01
4186.7500000011 9.9705380722e-01
4186.7600000011 9.9645935145e-01
4186.7700000011 9.9647800494e-01
4186.7800000011 9.9788457701e-01
4186.7900000011 9.9689321408e-01
4186.8000000011 9.9347523617e-01
4186.8100000011 9.9558860386e-01
4186.8200000011 9.9248940110e-01
4186.8300000011 9.9448489623e-01
4186.8400000011 9.9436038112e-01
4186.8500000011 9.9689172546e-01
4186.8600000011 9.9493975882e-01
4186.8700000011 9.9735279284e-01
4186.8800000011 9.9564605295e-01
4186.8900000011 9.9444278774e-01
4186.9000000011 9.9689568502e-01
4186.9100000011 9.9555794525e-01
4186.9200000011 9.9481297946e-01
4186.9300000011 1.0004624218e+00
4186.9400000011 9.9694472893e-01
4186.9500000011 9.9382606803e-01
4186.9600000011 9.9891788443e-01
4186.9700000011 9.9700520709e-01
4186.9800000011 9.9656045441e-01
4186.9900000011 9.9600482988e-01
4187.0000000011 9.9869101214e-01
4187.0100000011 9.9762774156e-01
4187.0200000011 9.9567901205e-01
4187.0300000011 9.9697874550e-01
4187.0400000011 9.9301306920e-01
4187.0500000011 9.9693259496e-01
4187.0600000011 9.9298847701e-01
4187.0700000011 9.9596639393e-01
4187.0800000011 9.9884515428e-01
4187.0900000011 9.9381965114e-01
4187.1000000011 9.9519711930e-01
4187.1100000011 9.9649672599e-01
4187.1200000011 9.9343934542e-01
4187.1300000011 9.9471045254e-01
4187.1400000011 9.9881543286e-01
4187.1500000011 9.9547659388e-01
4187.1600000011 9.9221673548e-01
4187.1700000011 9.9480675884e-01
4187.1800000011 9.9838653464e-01
4187.1900000011 9.9476153634e-01
4187.2000000011 9.9851155055e-01
4187.2100000011 9.9374035546e-01
4187.2200000011 9.9358568383e-01
4187.2300000011 9.9239696097e-01
4187.2400000011 9.9301254419e-01
4187.2500000011 1.0000109162e+00
4187.2600000011 9.9476158458e-01
4187.2700000011 9.9536161774e-01
4187.2800000011 9.9574230991e-01
4187.2900000011 9.9568313276e-01
4187.3000000011 9.9086831478e-01
4187.3100000011 9.9481863152e-01
4187.3200000011 9.9385048191e-01
4187.3300000011 9.9426837957e-01
4187.3400000011 9.9357697292e-01
4187.3500000011 9.9491568188e-01
4187.3600000011 9.9654822613e-01
4187.3700000011 9.9751831320e-01
4187.3800000011 9.9533395166e-01
4187.3900000011 9.9564104000e-01
4187.4000000011 9.9471506376e-01
4187.4100000011 9.9640253857e-01
4187.4200000011 9.9351579999e-01
4187.4300000011 9.9244191546e-01
4187.4400000011 9.9709544192e-01
4187.4500000011 9.9454762253e-01
4187.4600000011 9.9669299252e-01
4187.4700000011 9.9408506204e-01
4187.4800000011 9.9464275456e-01
4187.4900000011 9.9435347094e-01
4187.5000000011 9.9271080561e-01
4187.5100000011 9.9451418857e-01
4187.5200000011 9.9246526538e-01
4187.5300000011 9.9662002063e-01
4187.5400000011 9.9296658096e-01
4187.5500000011 9.9660623708e-01
4187.5600000011 9.9342016681e-01
4187.5700000011 9.9160632582e-01
4187.5800000011 9.9535599085e-01
4187.5900000011 9.9317058799e-01
4187.6000000011 9.9709064078e-01
4187.6100000011 9.9471520161e-01
4187.6200000011 9.9302208227e-01
4187.6300000011 9.9446706670e-01
4187.6400000011 9.9394206956e-01
4187.6500000011 9.9227606974e-01
4187.6600000011 9.9300767086e-01
4187.6700000011 9.9330407123e-01
4187.6800000011 9.9366989219e-01
4187.6900000011 9.9107524897e-01
4187.7000000011 9.9739429159e-01
4187.7100000011 9.9650112038e-01
4187.7200000011 9.9631593736e-01
4187.7300000011 9.9243948015e-01
4187.7400000011 9.9359526857e-01
4187.7500000011 9.9473872856e-01
4187.7600000011 9.9395391277e-01
4187.7700000011 9.9273132839e-01
4187.7800000011 9.9185483788e-01
4187.7900000011 9.9000426187e-01
4187.8000000011 9.9498119424e-01
4187.8100000011 9.9176958591e-01
4187.8200000011 9.9391873827e-01
4187.8300000011 9.9490181167e-01
4187.8400000011 9.9554772485e-01
4187.8500000011 9.9057640687e-01
4187.8600000011 9.9287308527e-01
4187.8700000011 9.9082912314e-01
4187.8800000011 9.9368516772e-01
4187.8900000011 9.9255923649e-01
4187.9000000011 9.9453999175e-01
4187.9100000011 9.9465193771e-01
4187.9200000011 9.9265262625e-01
4187.9300000011 9.9273458810e-01
4187.9400000011 9.9503566323e-01
4187.9500000011 9.9119186258e-01
4187.9600000011 9.9208268972e-01
4187.9700000011 9.9365607311e-01
4187.9800000011 9.9468844095e-01
4187.9900000011 9.9338872279e-01
4188.0000000011 9.9612899581e-01
4188.0100000011 9.9636763519e-01
4188.0200000011 9.9467216927e-01
4188.0300000011 9.9264375251e-01
4188.0400000011 9.9405896328e-01
4188.0500000011 9.9214658781e-01
4188.0600000011 9.9537045051e-01
4188.0700000011 9.9436567827e-01
4188.0800000011 9.9386015183e-01
4188.0900000011 9.9242508174e-01
4188.1000000011 9.9352600544e-01
4188.1100000011 9.9413811223e-01
4188.1200000011 9.9129927513e-01
4188.1300000011 9.9609735435e-01
4188.1400000011 9.9322772204e-01
4188.1500000011 9.9101749614e-01
4188.1600000011 9.8855153372e-01
4188.1700000011 9.9606098354e-01
4188.1800000011 9.9281873821e-01
4188.1900000011 9.9084164527e-01
4188.2000000011 9.9299481129e-01
4188.2100000011 9.9344550455e-01
4188.2200000011 9.9130964612e-01
4188.2300000011 9.9190372543e-01
4188.2400000011 9.9483150238e-01
4188.2500000011 9.9325617003e-01
4188.2600000011 9.9143217524e-01
4188.2700000011 9.9634419284e-01
4188.2800000011 9.9423772714e-01
4188.2900000011 9.9374756844e-01
4188.3000000011 9.9474042292e-01
4188.3100000011 9.9024254566e-01
4188.3200000011 9.9552713981e-01
4188.3300000011 9.9179795168e-01
4188.3400000011 9.9408583220e-01
4188.3500000011 9.9192346852e-01
4188.3600000011 9.9338655598e-01
4188.3700000011 9.9216316341e-01
4188.3800000011 9.8836392759e-01
4188.3900000011 9.9298004842e-01
4188.4000000011 9.9170734999e-01
4188.4100000011 9.9737913878e-01
4188.4200000011 9.9192951507e-01
4188.4300000011 9.9502110147e-01
4188.4400000011 9.9131936471e-01
4188.4500000011 9.8726364843e-01
4188.4600000011 9.9197083731e-01
4188.4700000011 9.9032228469e-01
4188.4800000011 9.8848461733e-01
4188.4900000011 9.9377863514e-01
4188.5000000011 9.8922903277e-01
4188.5100000011 9.9016420813e-01
4188.5200000011 9.9528586902e-01
4188.5300000011 9.9403908709e-01
4188.5400000011 9.9054488401e-01
4188.5500000011 9.8652798891e-01
4188.5600000011 9.9490169905e-01
4188.5700000011 9.9362644483e-01
4188.5800000011 9.9065644545e-01
4188.5900000011 9.9257695088e-01
4188.6000000011 9.9272375962e-01
4188.6100000011 9.8751454478e-01
4188.6200000011 9.9100070398e-01
4188.6300000011 9.9299915413e-01
4188.6400000011 9.9228931068e-01
4188.6500000011 9.9116369351e-01
4188.6600000011 9.9202438077e-01
4188.6700000011 9.9066586549e-01
4188.6800000011 9.9286250880e-01
4188.6900000011 9.9232444423e-01
4188.7000000011 9.9221462914e-01
4188.7100000011 9.8862894403e-01
4188.7200000011 9.8961788181e-01
4188.7300000011 9.9320119215e-01
4188.7400000011 9.9256545202e-01
4188.7500000011 9.9211782274e-01
4188.7600000011 9.9623768840e-01
4188.7700000011 9.9242087541e-01
4188.7800000011 9.9101259719e-01
4188.7900000011 9.9369295865e-01
4188.8000000011 9.8911279660e-01
4188.8100000011 9.9125496755e-01
4188.8200000011 9.9049171083e-01
4188.8300000011 9.8713218102e-01
4188.8400000011 9.8867904420e-01
4188.8500000011 9.8773942714e-01
4188.8600000011 9.9542881095e-01
4188.8700000011 9.8999183033e-01
4188.8800000011 9.9299597120e-01
4188.8900000011 9.8957392420e-01
4188.9000000011 9.8756599096e-01
4188.9100000011 9.9060238753e-01
4188.9200000011 9.9259189093e-01
4188.9300000011 9.9412726388e-01
4188.9400000011 9.8818470227e-01
4188.9500000011 9.9062428146e-01
4188.9600000011 9.9100473846e-01
4188.9700000011 9.8843482106e-01
4188.9800000011 9.8562276206e-01
4188.9900000011 9.8765449862e-01
4189.0000000011 9.8731758899e-01
4189.0100000011 9.9131750238e-01
4189.0200000011 9.9105363613e-01
4189.0300000011 9.8963337344e-01
4189.0400000011 9.9281485813e-01
4189.0500000011 9.9210382518e-01
4189.0600000011 9.9109973966e-01
4189.0700000011 9.9120245417e-01
4189.0800000011 9.9119249292e-01
4189.0900000011 9.8442648087e-01
4189.1000000011 9.8747323031e-01
4189.1100000011 9.9093166597e-01
4189.1200000011 9.9232957384e-01
4189.1300000011 9.9093489810e-01
4189.1400000011 9.8862422048e-01
4189.1500000011 9.8855553380e-01
4189.1600000011 9.8993339893e-01
4189.1700000011 9.9025886726e-01
4189.1800000011 9.8896952590e-01
4189.1900000011 9.8926924867e-01
4189.2000000011 9.8944903998e-01
4189.2100000011 9.8498846764e-01
4189.2200000011 9.8922206909e-01
4189.2300000011 9.8701463456e-01
4189.2400000011 9.8970416586e-01
4189.2500000011 9.8784084507e-01
4189.2600000011 9.8592667852e-01
4189.2700000011 9.9050007214e-01
4189.2800000011 9.8642630228e-01
4189.2900000011 9.8960981324e-01
4189.3000000011 9.8627029005e-01
4189.3100000011 9.8856162047e-01
4189.3200000011 9.8887784204e-01
4189.3300000011 9.9050678114e-01
4189.3400000011 9.8846897817e-01
4189.3500000011 9.8650951195e-01
4189.3600000011 9.8583210039e-01
4189.3700000011 9.8981296433e-01
4189.3800000011 9.8961201371e-01
4189.3900000011 9.8865784923e-01
4189.4000000011 9.9223704542e-01
4189.4100000011 9.8966322379e-01
4189.4200000011 9.8813118539e-01
4189.4300000011 9.8897548247e-01
4189.4400000011 9.8688761419e-01
4189.4500000011 9.8817222823e-01
4189.4600000011 9.8958836029e-01
4189.4700000011 9.8817573216e-01
4189.4800000011 9.8832164138e-01
4189.4900000011 9.8550823408e-01
4189.5000000011 9.8746825465e-01
4189.5100000011 9.8727522154e-01
4189.5200000011 9.8512882217e-01
4189.5300000011 9.8921915161e-01
4189.5400000011 9.8913118552e-01
4189.5500000011 9.8760785857e-01
4189.5600000011 9.9268460955e-01
4189.5700000011 9.8518201470e-01
4189.5800000011 9.9182684548e-01
4189.5900000011 9.9054996252e-01
4189.6000000011 9.8909244038e-01
4189.6100000011 9.8990332516e-01
4189.6200000011 9.8683580895e-01
4189.6300000011 9.8865741105e-01
4189.6400000011 9.8643477029e-01
4189.6500000011 9.8888007308e-01
4189.6600000011 9.8786159268e-01
4189.6700000011 9.8399255866e-01
4189.6800000011 9.8693798939e-01
4189.6900000011 9.8418755025e-01
4189.7000000011 9.8737576110e-01
4189.7100000011 9.8818038513e-01
4189.7200000011 9.8594281270e-01
4189.7300000011 9.8773883500e-01
4189.7400000011 9.8937569980e-01
4189.7500000011 9.8666961883e-01
4189.7600000011 9.8608558216e-01
4189.7700000011 9.8668906044e-01
4189.7800000011 9.8538517726e-01
4189.7900000011 9.8645989448e-01
4189.8000000011 9.8467248088e-01
4189.8100000011 9.8817370047e-01
4189.8200000011 9.8688583985e-01
4189.8300000011 9.8814561833e-01
4189.8400000011 9.8706585386e-01
4189.8500000011 9.8771602057e-01
4189.8600000011 9.8534919897e-01
4189.8700000011 9.8682024002e-01
4189.8800000011 9.8828331347e-01
4189.8900000011 9.8316134015e-01
4189.9000000011 9.8944515614e-01
4189.9100000011 9.8858876803e-01
4189.9200000011 9.8837043245e-01
4189.9300000011 9.8702739336e-01
4189.9400000011 9.8926519547e-01
4189.9500000011 9.9207377317e-01
4189.9600000011 9.8736407329e-01
4189.9700000011 9.8815885509e-01
4189.9800000011 9.8949877897e-01
4189.9900000011 9.8612689768e-01
4190.0000000011 9.8329620023e-01
4190.0100000011 9.8228149742e-01
4190.0200000011 9.8848687191e-01
4190.0300000011 9.8692066258e-01
4190.0400000011 9.8729609780e-01
4190.0500000011 9.8768827270e-01
4190.0600000011 9.8445804963e-01
4190.0700000011 9.8255656060e-01
4190.0800000011 9.8433766967e-01
4190.0900000011 9.8606206324e-01
4190.1000000011 9.8403501869e-01
4190.1100000011 9.8759595642e-01
4190.1200000011 9.8732394802e-01
4190.1300000011 9.8770548296e-01
4190.1400000011 9.8799682956e-01
4190.1500000011 9.8798688712e-01
4190.1600000011 9.8729918567e-01
4190.1700000011 9.8346542370e-01
4190.1800000011 9.9079228656e-01
4190.1900000011 9.8636104431e-01
4190.2000000011 9.8693716007e-01
4190.2100000011 9.8549615683e-01
4190.2200000011 9.8607563301e-01
4190.2300000011 9.8248620857e-01
4190.2400000011 9.8682539091e-01
4190.2500000011 9.8751459306e-01
4190.2600000011 9.8788747839e-01
4190.2700000011 9.8492016281e-01
4190.2800000011 9.8264356390e-01
4190.2900000011 9.8180066543e-01
4190.3000000011 9.8618817914e-01
4190.3100000011 9.8250009026e-01
4190.3200000011 9.8318346930e-01
4190.3300000011 9.8542892380e-01
4190.3400000011 9.8262047062e-01
4190.3500000011 9.8376929136e-01
4190.3600000011 9.8597828494e-01
4190.3700000011 9.8536554381e-01
4190.3800000011 9.8504751298e-01
4190.3900000011 9.8567987451e-01
4190.4000000011 9.8383809753e-01
4190.4100000011 9.8397648565e-01
4190.4200000011 9.8235040114e-01
4190.4300000011 9.8526743220e-01
4190.4400000011 9.8320163896e-01
4190.4500000011 9.8328438238e-01
4190.4600000011 9.8000574274e-01
4190.4700000011 9.8428269922e-01
4190.4800000011 9.8259045514e-01
4190.4900000011 9.8133491565e-01
4190.5000000011 9.8637589378e-01
4190.5100000011 9.8327973486e-01
4190.5200000011 9.8399969291e-01
4190.5300000011 9.8504532304e-01
4190.5400000011 9.8175030792e-01
4190.5500000011 9.8532077325e-01
4190.5600000011 9.8456437744e-01
4190.5700000011 9.7824882622e-01
4190.5800000011 9.8140538237e-01
4190.5900000011 9.8638138218e-01
4190.6000000011 9.8482624024e-01
4190.6100000011 9.8433675125e-01
4190.6200000011 9.8299468888e-01
4190.6300000011 9.8300593788e-01
4190.6400000011 9.8075954558e-01
4190.6500000011 9.8325526549e-01
4190.6600000011 9.8668044241e-01
4190.6700000011 9.8274690985e-01
4190.6800000011 9.8276090640e-01
4190.6900000011 9.8283720944e-01
4190.7000000011 9.8307866336e-01
4190.7100000011 9.8383370549e-01
4190.7200000011 9.8222617488e-01
4190.7300000011 9.8541008760e-01
4190.7400000011 9.8034990295e-01
4190.7500000011 9.8346242765e-01
4190.7600000011 9.8018718804e-01
4190.7700000011 9.8087257439e-01
4190.7800000011 9.8379117165e-01
4190.7900000011 9.8302396414e-01
4190.8000000011 9.8198291939e-01
4190.8100000011 9.8191208606e-01
4190.8200000011 9.8233650823e-01
4190.8300000011 9.8122361493e-01
4190.8400000011 9.8116515174e-01
4190.8500000011 9.8166344786e-01
4190.8600000011 9.8071941835e-01
4190.8700000011 9.8552542399e-01
4190.8800000011 9.8055896232e-01
4190.8900000011 9.8359154119e-01
4190.9000000011 9.8290772646e-01
4190.9100000011 9.7781448639e-01
4190.9200000011 9.7893427910e-01
4190.9300000011 9.8118397492e-01
4190.9400000011 9.8308959154e-01
4190.9500000011 9.7831180672e-01
4190.9600000011 9.7774720077e-01
4190.9700000011 9.8239938767e-01
4190.9800000011 9.8390292775e-01
4190.9900000011 9.8091690950e-01
4191.0000000011 9.7837525197e-01
4191.0100000011 9.8065852688e-01
4191.0200000011 9.8113142428e-01
4191.0300000011 9.8005005803e-01
4191.0400000011 9.7869637749e-01
4191.0500000011 9.7950962079e-01
4191.0600000011 9.7728139016e-01
4191.0700000011 9.8579576684e-01
4191.0800000011 9.8013276633e-01
4191.0900000011 9.8270679678e-01
4191.1000000011 9.8491508648e-01
4191.1100000011 9.8128026221e-01
4191.1200000011 9.8229446737e-01
4191.1300000011 9.7781600415e-01
4191.1400000011 9.8000720292e-01
4191.1500000011 9.8480795609e-01
4191.1600000011 9.7935481093e-01
4191.1700000011 9.8061242110e-01
4191.1800000011 9.8035564788e-01
4191.1900000012 9.7790300797e-01
4191.2000000012 9.7906642182e-01
4191.2100000012 9.8185555166e-01
4191.2200000012 9.7758160259e-01
4191.2300000012 9.7715024289e-01
4191.2400000012 9.7745254595e-01
4191.2500000012 9.8075800585e-01
4191.2600000012 9.7827521968e-01
4191.2700000012 9.7853514884e-01
4191.2800000012 9.7902346211e-01
4191.2900000012 9.7940705696e-01
4191.3000000012 9.7909626386e-01
4191.3100000012 9.8095465775e-01
4191.3200000012 9.8264443279e-01
4191.3300000012 9.8031759856e-01
4191.3400000012 9.7923686348e-01
4191.3500000012 9.8109201267e-01
4191.3600000012 9.8215088628e-01
4191.3700000012 9.7898886401e-01
4191.3800000012 9.7553020071e-01
4191.3900000012 9.8319802980e-01
4191.4000000012 9.8003172830e-01
4191.4100000012 9.7964191911e-01
4191.4200000012 9.7882278924e-01
4191.4300000012 9.7800155888e-01
4191.4400000012 9.7627736152e-01
4191.4500000012 9.7999125603e-01
4191.4600000012 9.8090497874e-01
4191.4700000012 9.7676147975e-01
4191.4800000012 9.8097117640e-01
4191.4900000012 9.7758984973e-01
4191.5000000012 9.7947757998e-01
4191.5100000012 9.7859697200e-01
4191.5200000012 9.7633104640e-01
4191.5300000012 9.8275671239e-01
4191.5400000012 9.7647409969e-01
4191.5500000012 9.7842404120e-01
4191.5600000012 9.7850656347e-01
4191.5700000012 9.7672009327e-01
4191.5800000012 9.7739215564e-01
4191.5900000012 9.8135734382e-01
4191.6000000012 9.7814185087e-01
4191.6100000012 9.7663306991e-01
4191.6200000012 9.7644260595e-01
4191.6300000012 9.7902192796e-01
4191.6400000012 9.8201105130e-01
4191.6500000012 9.8112785967e-01
4191.6600000012 9.7460310099e-01
4191.6700000012 9.7814548123e-01
4191.6800000012 9.7905102094e-01
4191.6900000012 9.7598597998e-01
4191.7000000012 9.7636064979e-01
4191.7100000012 9.7439847871e-01
4191.7200000012 9.8138070245e-01
4191.7300000012 9.7623303246e-01
4191.7400000012 9.7559750147e-01
4191.7500000012 9.7595319717e-01
4191.7600000012 9.7796571876e-01
4191.7700000012 9.7631116877e-01
4191.7800000012 9.7821267870e-01
4191.7900000012 9.7435501919e-01
4191.8000000012 9.7588918537e-01
4191.8100000012 9.7395803162e-01
4191.8200000012 9.7673814585e-01
4191.8300000012 9.7307187144e-01
4191.8400000012 9.7797635806e-01
4191.8500000012 9.7631007061e-01
4191.8600000012 9.7395257643e-01
4191.8700000012 9.7855388322e-01
4191.8800000012 9.7439056878e-01
4191.8900000012 9.7306019259e-01
4191.9000000012 9.7704101039e-01
4191.9100000012 9.7421875085e-01
4191.9200000012 9.7749020234e-01
4191.9300000012 9.7877364654e-01
4191.9400000012 9.7521134094e-01
4191.9500000012 9.7425764258e-01
4191.9600000012 9.7818374031e-01
4191.9700000012 9.7586799809e-01
4191.9800000012 9.7358388840e-01
4191.9900000012 9.7745433695e-01
4192.0000000012 9.7386161866e-01
4192.0100000012 9.7402797588e-01
4192.0200000012 9.7672259214e-01
4192.0300000012 9.7349083252e-01
4192.0400000012 9.7480530593e-01
4192.0500000012 9.7269145424e-01
4192.0600000012 9.7738276829e-01
4192.0700000012 9.7679275426e-01
4192.0800000012 9.7509451050e-01
4192.0900000012 9.7753868726e-01
4192.1000000012 9.7675882173e-01
4192.1100000012 9.7658340634e-01
4192.1200000012 9.7434044504e-01
4192.1300000012 9.7452895224e-01
4192.1400000012 9.7234160690e-01
4192.1500000012 9.7962817337e-01
4192.1600000012 9.7308575469e-01
4192.1700000012 9.7345315817e-01
4192.1800000012 9.7571716826e-01
4192.1900000012 9.7607116082e-01
4192.2000000012 9.7587693651e-01
4192.2100000012 9.7365808694e-01
4192.2200000012 9.7413685358e-01
4192.2300000012 9.7669114083e-01
4192.2400000012 9.7508795492e-01
4192.2500000012 9.7165890776e-01
4192.2600000012 9.7434151119e-01
4192.2700000012 9.7202579562e-01
4192.2800000012 9.7508509148e-01
4192.2900000012 9.7330150442e-01
4192.3000000012 9.7051680707e-01
4192.3100000012 9.7474211783e-01
4192.3200000012 9.7002056729e-01
4192.3300000012 9.7098423578e-01
4192.3400000012 9.6938765491e-01
4192.3500000012 9.7413360131e-01
4192.3600000012 9.7327595453e-01
4192.3700000012 9.6889212424e-01
4192.3800000012 9.7372312813e-01
4192.3900000012 9.7209840695e-01
4192.4000000012 9.7520060507e-01
4192.4100000012 9.7197563233e-01
4192.4200000012 9.7084388816e-01
4192.4300000012 9.7309016327e-01
4192.4400000012 9.7305173149e-01
4192.4500000012 9.7357593265e-01
4192.4600000012 9.7125904756e-01
4192.4700000012 9.7153481806e-01
4192.4800000012 9.7269111168e-01
4192.4900000012 9.7551653174e-01
4192.5000000012 9.7636011009e-01
4192.5100000012 9.7160349204e-01
4192.5200000012 9.7180696905e-01
4192.5300000012 9.7280537968e-01
4192.5400000012 9.7022933005e-01
4192.5500000012 9.7173363814e-01
4192.5600000012 9.7108340860e-01
4192.5700000012 9.7337217159e-01
4192.5800000012 9.6934842649e-01
4192.5900000012 9.7101860409e-01
4192.6000000012 9.7150905493e-01
4192.6100000012 9.7317854697e-01
4192.6200000012 9.6993217405e-01
4192.6300000012 9.6975658876e-01
4192.6400000012 9.7368394364e-01
4192.6500000012 9.7024438871e-01
4192.6600000012 9.7020847853e-01
4192.6700000012 9.7201031724e-01
4192.6800000012 9.6706447115e-01
4192.6900000012 9.7178218670e-01
4192.7000000012 9.7264087583e-01
4192.7100000012 9.6940520643e-01
4192.7200000012 9.6898104437e-01
4192.7300000012 9.7325805522e-01
4192.7400000012 9.6925523133e-01
4192.7500000012 9.6750299625e-01
4192.7600000012 9.7009240891e-01
4192.7700000012 9.7061548184e-01
4192.7800000012 9.6842172881e-01
4192.7900000012 9.7173351647e-01
4192.8000000012 9.6956164580e-01
4192.8100000012 9.6811179851e-01
4192.8200000012 9.6337152030e-01
4192.8300000012 9.7112136568e-01
4192.8400000012 9.7051724366e-01
4192.8500000012 9.7312620592e-01
4192.8600000012 9.7019779552e-01
4192.8700000012 9.7046210366e-01
4192.8800000012 9.7298131433e-01
4192.8900000012 9.6759307650e-01
4192.9000000012 9.6936280848e-01
4192.9100000012 9.7036690112e-01
4192.9200000012 9.7073611839e-01
4192.9300000012 9.7071417408e-01
4192.9400000012 9.6696798150e-01
4192.9500000012 9.6827105651e-01
4192.9600000012 9.7081147658e-01
4192.9700000012 9.7041063196e-01
4192.9800000012 9.6844774074e-01
4192.9900000012 9.6722749218e-01
4193.0000000012 9.6651458214e-01
4193.0100000012 9.6715613929e-01
4193.0200000012 9.6889662530e-01
4193.0300000012 9.6690886748e-01
4193.0400000012 9.6997047955e-01
4193.0500000012 9.6899472867e-01
4193.0600000012 9.6497710164e-01
4193.0700000012 9.6983213190e-01
4193.0800000012 9.6874751857e-01
4193.0900000012 9.6928103641e-01
4193.1000000012 9.7208033275e-01
4193.1100000012 9.7050515590e-01
4193.1200000012 9.7242753051e-01
4193.1300000012 9.6942124604e-01
4193.1400000012 9.6777674275e-01
4193.1500000012 9.7121353529e-01
4193.1600000012 9.6911504308e-01
4193.1700000012 9.6995261331e-01
4193.1800000012 9.6777640059e-01
4193.1900000012 9.6668989572e-01
4193.2000000012 9.6631283520e-01
4193.2100000012 9.6649850399e-01
4193.2200000012 9.6695615562e-01
4193.2300000012 9.6874544962e-01
4193.2400000012 9.6714404146e-01
4193.2500000012 9.6588682309e-01
4193.2600000012 9.6795187541e-01
4193.2700000012 9.7010857523e-01
4193.2800000012 9.6787143593e-01
4193.2900000012 9.6604976514e-01
4193.3000000012 9.6701994571e-01
4193.3100000012 9.6541841619e-01
4193.3200000012 9.6759363887e-01
4193.3300000012 9.6418609920e-01
4193.3400000012 9.6805520336e-01
4193.3500000012 9.6469892063e-01
4193.3600000012 9.6763044344e-01
4193.3700000012 9.6900949467e-01
4193.3800000012 9.6299836242e-01
4193.3900000012 9.6700872372e-01
4193.4000000012 9.6505520541e-01
4193.4100000012 9.6206705745e-01
4193.4200000012 9.6281044405e-01
4193.4300000012 9.6523706669e-01
4193.4400000012 9.6668638899e-01
4193.4500000012 9.6570089826e-01
4193.4600000012 9.6614973094e-01
4193.4700000012 9.6376097779e-01
4193.4800000012 9.6700893514e-01
4193.4900000012 9.6308419005e-01
4193.5000000012 9.6691174505e-01
4193.5100000012 9.6459916866e-01
4193.5200000012 9.6420199224e-01
4193.5300000012 9.6202628449e-01
4193.5400000012 9.6540402031e-01
4193.5500000012 9.6247275224e-01
4193.5600000012 9.6547716020e-01
4193.5700000012 9.6357306068e-01
4193.5800000012 9.6779796739e-01
4193.5900000012 9.6931021678e-01
4193.6000000012 9.6751480573e-01
4193.6100000012 9.6142473811e-01
4193.6200000012 9.6299941534e-01
4193.6300000012 9.6875299635e-01
4193.6400000012 9.6399725173e-01
4193.6500000012 9.6528701525e-01
4193.6600000012 9.6442633618e-01
4193.6700000012 9.6031846500e-01
4193.6800000012 9.6259452480e-01
4193.6900000012 9.6498139703e-01
4193.7000000012 9.6216478554e-01
4193.7100000012 9.6425817389e-01
4193.7200000012 9.6370829973e-01
4193.7300000012 9.6498759145e-01
4193.7400000012 9.6250419490e-01
4193.7500000012 9.6587266207e-01
4193.7600000012 9.6563916527e-01
4193.7700000012 9.6221040644e-01
4193.7800000012 9.6347537232e-01
4193.7900000012 9.6577359290e-01
4193.8000000012 9.6375014971e-01
4193.8100000012 9.6255110831e-01
4193.8200000012 9.6489092715e-01
4193.8300000012 9.6230262868e-01
4193.8400000012 9.6047892353e-01
4193.8500000012 9.6202261947e-01
4193.8600000012 9.6574426412e-01
4193.8700000012 9.6225847206e-01
4193.8800000012 9.6275301419e-01
4193.8900000012 9.6119296136e-01
4193.9000000012 9.6317735943e-01
4193.9100000012 9.6708957060e-01
4193.9200000012 9.6049658196e-01
4193.9300000012 9.6331356063e-01
4193.9400000012 9.6408199305e-01
4193.9500000012 9.5785510197e-01
4193.9600000012 9.6148077854e-01
4193.9700000012 9.6518720721e-01
4193.9800000012 9.6355565143e-01
4193.9900000012 9.6235513957e-01
4194.0000000012 9.6276819365e-01
4194.0100000012 9.6371430089e-01
4194.0200000012 9.5941375219e-01
4194.0300000012 9.6130491214e-01
4194.0400000012 9.5876307063e-01
4194.0500000012 9.6357272332e-01
4194.0600000012 9.6272725216e-01
4194.0700000012 9.6428780866e-01
4194.0800000012 9.6256826795e-01
4194.0900000012 9.6022590556e-01
4194.1000000012 9.6384263696e-01
4194.1100000012 9.6026837757e-01
4194.1200000012 9.6415675981e-01
4194.1300000012 9.6121217757e-01
4194.1400000012 9.6276765946e-01
4194.1500000012 9.5642132283e-01
4194.1600000012 9.5714794406e-01
4194.1700000012 9.6055885065e-01
4194.1800000012 9.5991801422e-01
4194.1900000012 9.5963624878e-01
4194.2000000012 9.6357382856e-01
4194.2100000012 9.5786147442e-01
4194.2200000012 9.5680618461e-01
4194.2300000012 9.5863132019e-01
4194.2400000012 9.6138809022e-01
4194.2500000012 9.5967501332e-01
4194.2600000012 9.6237864470e-01
4194.2700000012 9.5805732154e-01
4194.2800000012 9.5975292957e-01
4194.2900000012 9.6235584185e-01
4194.3000000012 9.5954742958e-01
4194.3100000012 9.6083989177e-01
4194.3200000012 9.6161391385e-01
4194.3300000012 9.5886260164e-01
4194.3400000012 9.6145483300e-01
4194.3500000012 9.5865449001e-01
4194.3600000012 9.5809816049e-01
4194.3700000012 9.5516863985e-01
4194.3800000012 9.6052892061e-01
4194.3900000012 9.5915948205e-01
4194.4000000012 9.6040397421e-01
4194.4100000012 9.5758181746e-01
4194.4200000012 9.6078679633e-01
4194.4300000012 9.5895487018e-01
4194.4400000012 9.5773898232e-01
4194.4500000012 9.5769146006e-01
4194.4600000012 9.5596691979e-01
4194.4700000012 9.5758646113e-01
4194.4800000012 9.6107689589e-01
4194.4900000012 9.6077572210e-01
4194.5000000012 9.6230692895e-01
4194.5100000012 9.5752434797e-01
4194.5200000012 9.5909714178e-01
4194.5300000012 9.5854432838e-01
4194.5400000012 9.6038790958e-01
4194.5500000012 9.6077959157e-01
4194.5600000012 9.5490734790e-01
4194.5700000012 9.5961939310e-01
4194.5800000012 9.6279427775e-01
4194.5900000012 9.5823038556e-01
4194.6000000012 9.5496821653e-01
4194.6100000012 9.5787880097e-01
4194.6200000012 9.5902982213e-01
4194.6300000012 9.5957880913e-01
4194.6400000012 9.5670461377e-01
4194.6500000012 9.5977314327e-01
4194.6600000012 9.6084810188e-01
4194.6700000012 9.5472000114e-01
4194.6800000012 9.5708624350e-01
4194.6900000012 9.5654647456e-01
4194.7000000012 9.5863097768e-01
4194.7100000012 9.5896352318e-01
4194.7200000012 9.5705329941e-01
4194.7300000012 9.5565474601e-01
4194.7400000012 9.6027897538e-01
4194.7500000012 9.5695367352e-01
4194.7600000012 9.5715430728e-01
4194.7700000012 9.5806097385e-01
4194.7800000012 9.5560278589e-01
4194.7900000012 9.5638039415e-01
4194.8000000012 9.5580060939e-01
4194.8100000012 9.5622477840e-01
4194.8200000012 9.5408774180e-01
4194.8300000012 9.5437087780e-01
4194.8400000012 9.6275767334e-01
4194.8500000012 9.5823645719e-01
4194.8600000012 9.5830222570e-01
4194.8700000012 9.5861528555e-01
4194.8800000012 9.5940994619e-01
4194.8900000012 9.5811378833e-01
4194.9000000012 9.5325555919e-01
4194.9100000012 9.5375801773e-01
4194.9200000012 9.5725501015e-01
4194.9300000012 9.5770801504e-01
4194.9400000012 9.5919464144e-01
4194.9500000012 9.5641253463e-01
4194.9600000012 9.5621184050e-01
4194.9700000012 9.6155634139e-01
4194.9800000012 9.5524503871e-01
4194.9900000012 9.5381267261e-01
4195.0000000012 9.5657201029e-01
4195.0100000012 9.5881217780e-01
4195.0200000012 9.5749657669e-01
4195.0300000012 9.6023176537e-01
4195.0400000012 9.5568049757e-01
4195.0500000012 9.5412047751e-01
4195.0600000012 9.5528519169e-01
4195.0700000012 9.5586451271e-01
4195.0800000012 9.5468265491e-01
4195.0900000012 9.5420093270e-01
4195.1000000012 9.5584167738e-01
4195.1100000012 9.5266825985e-01
4195.1200000012 9.5496452995e-01
4195.1300000012 9.5538019765e-01
4195.1400000012 9.5356188514e-01
4195.1500000012 9.5367584987e-01
4195.1600000012 9.5467430827e-01
4195.1700000012 9.5607737438e-01
4195.1800000012 9.5413006428e-01
4195.1900000012 9.5589217713e-01
4195.2000000012 9.5955872251e-01
4195.2100000012 9.5533370883e-01
4195.2200000012 9.5690982971e-01
4195.2300000012 9.5302989785e-01
4195.2400000012 9.5477214962e-01
4195.2500000012 9.5709716480e-01
4195.2600000012 9.5720510350e-01
4195.2700000012 9.5633948531e-01
4195.2800000012 9.5513236702e-01
4195.2900000012 9.5406353746e-01
4195.3000000012 9.5613753889e-01
4195.3100000012 9.5494334885e-01
4195.3200000012 9.5453866499e-01
4195.3300000012 9.5705770384e-01
4195.3400000012 9.5401458228e-01
4195.3500000012 9.5510905029e-01
4195.3600000012 9.5510269514e-01
4195.3700000012 9.5258113711e-01
4195.3800000012 9.5340603564e-01
4195.3900000012 9.5412127285e-01
4195.4000000012 9.5629459489e-01
4195.4100000012 9.5717566448e-01
4195.4200000012 9.5611830986e-01
4195.4300000012 9.5287863656e-01
4195.4400000012 9.5637298904e-01
4195.4500000012 9.5305160948e-01
4195.4600000012 9.5367380498e-01
4195.4700000012 9.5654470663e-01
4195.4800000012 9.5114947287e-01
4195.4900000012 9.5544420666e-01
4195.5000000012 9.5630562146e-01
4195.5100000012 9.5523566588e-01
4195.5200000012 9.4889732988e-01
4195.5300000012 9.5549324234e-01
4195.5400000012 9.5574832890e-01
4195.5500000012 9.5473890823e-01
4195.5600000012 9.5143923013e-01
4195.5700000012 9.5540062209e-01
4195.5800000012 9.5932094502e-01
4195.5900000012 9.5557407076e-01
4195.6000000012 9.5485255869e-01
4195.6100000012 9.5016120792e-01
4195.6200000012 9.5365302642e-01
4195.6300000012 9.5543397358e-01
4195.6400000012 9.4647686747e-01
4195.6500000012 9.5247139756e-01
4195.6600000012 9.5150951987e-01
4195.6700000012 9.5252766624e-01
4195.6800000012 9.5352319894e-01
4195.6900000012 9.4877991805e-01
4195.7000000012 9.5290387369e-01
4195.7100000012 9.5231826846e-01
4195.7200000012 9.4959535691e-01
4195.7300000012 9.5307450118e-01
4195.7400000012 9.5297690896e-01
4195.7500000012 9.5272461161e-01
4195.7600000012 9.5675871074e-01
4195.7700000013 9.5186180924e-01
4195.7800000013 9.5236070358e-01
4195.7900000013 9.4888534140e-01
4195.8000000013 9.4920741522e-01
4195.8100000013 9.5416632110e-01
4195.8200000013 9.4966821233e-01
4195.8300000013 9.4627625184e-01
4195.8400000013 9.5302930420e-01
4195.8500000013 9.5392488562e-01
4195.8600000013 9.5111036094e-01
4195.8700000013 9.5091270723e-01
4195.8800000013 9.5001665531e-01
4195.8900000013 9.4983443479e-01
4195.9000000013 9.4680475936e-01
4195.9100000013 9.4939405236e-01
4195.9200000013 9.5184546938e-01
4195.9300000013 9.4885609420e-01
4195.9400000013 9.4974473185e-01
4195.9500000013 9.5059004488e-01
4195.9600000013 9.5098892888e-01
4195.9700000013 9.5033980157e-01
4195.9800000013 9.4978837989e-01
4195.9900000013 9.4618287792e-01
4196.0000000013 9.5080917034e-01
4196.0100000013 9.4767737566e-01
4196.0200000013 9.5255133106e-01
4196.0300000013 9.5439710812e-01
4196.0400000013 9.5223215763e-01
4196.0500000013 9.4750639563e-01
4196.0600000013 9.5012772384e-01
4196.0700000013 9.4911942173e-01
4196.0800000013 9.4935518401e-01
4196.0900000013 9.5248092577e-01
4196.1000000013 9.4770366571e-01
4196.1100000013 9.5153163117e-01
4196.1200000013 9.4986399130e-01
4196.1300000013 9.4777617336e-01
4196.1400000013 9.5172264670e-01
4196.1500000013 9.4901891520e-01
4196.1600000013 9.5021014287e-01
4196.1700000013 9.4928295828e-01
4196.1800000013 9.5202283362e-01
4196.1900000013 9.5050919681e-01
4196.2000000013 9.5138491681e-01
4196.2100000013 9.5134217370e-01
4196.2200000013 9.4785615725e-01
4196.2300000013 9.4813698608e-01
4196.2400000013 9.5198329910e-01
4196.2500000013 9.5302533513e-01
4196.2600000013 9.5007983409e-01
4196.2700000013 9.4870034414e-01
4196.2800000013 9.4956212950e-01
4196.2900000013 9.5301976868e-01
4196.3000000013 9.4613610503e-01
4196.3100000013 9.4721867131e-01
4196.3200000013 9.4840334135e-01
4196.3300000013 9.4979639513e-01
4196.3400000013 9.5023740621e-01
4196.3500000013 9.4917396998e-01
4196.3600000013 9.4997479797e-01
4196.3700000013 9.4975896215e-01
4196.3800000013 9.5343094427e-01
4196.3900000013 9.4839535930e-01
4196.4000000013 9.4884483513e-01
4196.4100000013 9.4786514177e-01
4196.4200000013 9.4700665893e-01
4196.4300000013 9.5056976614e-01
4196.4400000013 9.4957475501e-01
4196.4500000013 9.4898295447e-01
4196.4600000013 9.4893954243e-01
4196.4700000013 9.4889378831e-01
4196.4800000013 9.4684101262e-01
4196.4900000013 9.4518672423e-01
4196.5000000013 9.4797024911e-01
4196.5100000013 9.4958158041e-01
4196.5200000013 9.4537545944e-01
4196.5300000013 9.4762576813e-01
4196.5400000013 9.4622772049e-01
4196.5500000013 9.4638471081e-01
4196.5600000013 9.5081443659e-01
4196.5700000013 9.4904624782e-01
4196.5800000013 9.4771533994e-01
4196.5900000013 9.4781335137e-01
4196.6000000013 9.4975247145e-01
4196.6100000013 9.4778649189e-01
4196.6200000013 9.4448579938e-01
4196.6300000013 9.4805383464e-01
4196.6400000013 9.4715536071e-01
4196.6500000013 9.5065130160e-01
4196.6600000013 9.4626921411e-01
4196.6700000013 9.4714891046e-01
4196.6800000013 9.4937127021e-01
4196.6900000013 9.4768837208e-01
4196.7000000013 9.4839792860e-01
4196.7100000013 9.4789934561e-01
4196.7200000013 9.4871947828e-01
4196.7300000013 9.4987898270e-01
4196.7400000013 9.4404689392e-01
4196.7500000013 9.4666281333e-01
4196.7600000013 9.4894762340e-01
4196.7700000013 9.4736318828e-01
4196.7800000013 9.4702366349e-01
4196.7900000013 9.4745409494e-01
4196.8000000013 9.4857963995e-01
4196.8100000013 9.4402628583e-01
4196.8200000013 9.4871033987e-01
4196.8300000013 9.4580869287e-01
4196.8400000013 9.5007590580e-01
4196.8500000013 9.4529558908e-01
4196.8600000013 9.4710224862e-01
4196.8700000013 9.4605386418e-01
4196.8800000013 9.4700048100e-01
4196.8900000013 9.4720640959e-01
4196.9000000013 9.4514844502e-01
4196.9100000013 9.4158594523e-01
4196.9200000013 9.4793139001e-01
4196.9300000013 9.4522651710e-01
4196.9400000013 9.4815375551e-01
4196.9500000013 9.4714615353e-01
4196.9600000013 9.5024407994e-01
4196.9700000013 9.4520142238e-01
4196.9800000013 9.4400963284e-01
4196.9900000013 9.4421605896e-01
4197.0000000013 9.4410378890e-01
4197.0100000013 9.4754475789e-01
4197.0200000013 9.4822621916e-01
4197.0300000013 9.4752110146e-01
4197.0400000013 9.4745699455e-01
4197.0500000013 9.4403698146e-01
4197.0600000013 9.4956084566e-01
4197.0700000013 9.4799587080e-01
4197.0800000013 9.4798959635e-01
4197.0900000013 9.4480791538e-01
4197.1000000013 9.4215716790e-01
4197.1100000013 9.4698626877e-01
4197.1200000013 9.4384230822e-01
4197.1300000013 9.4898212915e-01
4197.1400000013 9.4796322481e-01
4197.1500000013 9.4905155998e-01
4197.1600000013 9.4423835184e-01
4197.1700000013 9.4623007706e-01
4197.1800000013 9.4747993920e-01
4197.1900000013 9.4172241483e-01
4197.2000000013 9.4292119434e-01
4197.2100000013 9.4713106474e-01
4197.2200000013 9.4529060626e-01
4197.2300000013 9.4707154043e-01
4197.2400000013 9.4691320229e-01
4197.2500000013 9.4353453818e-01
4197.2600000013 9.4332276126e-01
4197.2700000013 9.4626842476e-01
4197.2800000013 9.4506967676e-01
4197.2900000013 9.4365109349e-01
4197.3000000013 9.4485913277e-01
4197.3100000013 9.4595850229e-01
4197.3200000013 9.4644815864e-01
4197.3300000013 9.4455603772e-01
4197.3400000013 9.4315467044e-01
4197.3500000013 9.4156232874e-01
4197.3600000013 9.4340245614e-01
4197.3700000013 9.4316298823e-01
4197.3800000013 9.4559036527e-01
4197.3900000013 9.4553449278e-01
4197.4000000013 9.4197650706e-01
4197.4100000013 9.4211009947e-01
4197.4200000013 9.3949003173e-01
4197.4300000013 9.4608772395e-01
4197.4400000013 9.4301560685e-01
4197.4500000013 9.4200373367e-01
4197.4600000013 9.4435034325e-01
4197.4700000013 9.4315748428e-01
4197.4800000013 9.4670216341e-01
4197.4900000013 9.4464541298e-01
4197.5000000013 9.4230554790e-01
4197.5100000013 9.4284352335e-01
4197.5200000013 9.4190422202e-01
4197.5300000013 9.4327169246e-01
4197.5400000013 9.4257549212e-01
4197.5500000013 9.4203738855e-01
4197.5600000013 9.4287403271e-01
4197.5700000013 9.4329030723e-01
4197.5800000013 9.4173230784e-01
4197.5900000013 9.4134359804e-01
4197.6000000013 9.4551985390e-01
4197.6100000013 9.4486452225e-01
4197.6200000013 9.4248713069e-01
4197.6300000013 9.3974550211e-01
4197.6400000013 9.4622435655e-01
4197.6500000013 9.3926968586e-01
4197.6600000013 9.4450349076e-01
4197.6700000013 9.4696686178e-01
4197.6800000013 9.4545314260e-01
4197.6900000013 9.4552449297e-01
4197.7000000013 9.4322152957e-01
4197.7100000013 9.4494667775e-01
4197.7200000013 9.4473342389e-01
4197.7300000013 9.4081693994e-01
4197.7400000013 9.4480862975e-01
4197.7500000013 9.4164911346e-01
4197.7600000013 9.4572759127e-01
4197.7700000013 9.4004338505e-01
4197.7800000013 9.4071413419e-01
4197.7900000013 9.4482390722e-01
4197.8000000013 9.4089977528e-01
4197.8100000013 9.4051130640e-01
4197.8200000013 9.4489897579e-01
4197.8300000013 9.4323552736e-01
4197.8400000013 9.4076217556e-01
4197.8500000013 9.4212798948e-01
4197.8600000013 9.4216053049e-01
4197.8700000013 9.3826399275e-01
4197.8800000013 9.4482427278e-01
4197.8900000013 9.4256371078e-01
4197.9000000013 9.4391878232e-01
4197.9100000013 9.3884004904e-01
4197.9200000013 9.4493704963e-01
4197.9300000013 9.3931928119e-01
4197.9400000013 9.4078259095e-01
4197.9500000013 9.4250139123e-01
4197.9600000013 9.4249668787e-01
4197.9700000013 9.4041054405e-01
4197.9800000013 9.4313166096e-01
4197.9900000013 9.4390235876e-01
4198.0000000013 9.4376620115e-01
4198.0100000013 9.4072086302e-01
4198.0200000013 9.4027040996e-01
4198.0300000013 9.4682151129e-01
4198.0400000013 9.4558434128e-01
4198.0500000013 9.4240007308e-01
4198.0600000013 9.4048808536e-01
4198.0700000013 9.4057927761e-01
4198.0800000013 9.4026080974e-01
4198.0900000013 9.3970440651e-01
4198.1000000013 9.4308537246e-01
4198.1100000013 9.4088565599e-01
4198.1200000013 9.4267698468e-01
4198.1300000013 9.4103411095e-01
4198.1400000013 9.4112364697e-01
4198.1500000013 9.3992947546e-01
4198.1600000013 9.3798031540e-01
4198.1700000013 9.3905825866e-01
4198.1800000013 9.4020672937e-01
4198.1900000013 9.4142788936e-01
4198.2000000013 9.3800510508e-01
4198.2100000013 9.3893076594e-01
4198.2200000013 9.4251257255e-01
4198.2300000013 9.4190337292e-01
4198.2400000013 9.4504293925e-01
4198.2500000013 9.3951059589e-01
4198.2600000013 9.4277786870e-01
4198.2700000013 9.4163124582e-01
4198.2800000013 9.4072397277e-01
4198.2900000013 9.4095292313e-01
4198.3000000013 9.4112630393e-01
4198.3100000013 9.4122594994e-01
4198.3200000013 9.4364286120e-01
4198.3300000013 9.4119094064e-01
4198.3400000013 9.4040423623e-01
4198.3500000013 9.4181947393e-01
4198.3600000013 9.4156388777e-01
4198.3700000013 9.4140523166e-01
4198.3800000013 9.3969488437e-01
4198.3900000013 9.4036289093e-01
4198.4000000013 9.4225788845e-01
4198.4100000013 9.4293086050e-01
4198.4200000013 9.4137008824e-01
4198.4300000013 9.3915932866e-01
4198.4400000013 9.4336520765e-01
4198.4500000013 9.3922598383e-01
4198.4600000013 9.3870598987e-01
4198.4700000013 9.4235953782e-01
4198.4800000013 9.4163852989e-01
4198.4900000013 9.4222416215e-01
4198.5000000013 9.4014552977e-01
4198.5100000013 9.4267381149e-01
4198.5200000013 9.3909613445e-01
4198.5300000013 9.4167116832e-01
4198.5400000013 9.4047729957e-01
4198.5500000013 9.3784235920e-01
4198.5600000013 9.4233917942e-01
4198.5700000013 9.3983466473e-01
4198.5800000013 9.4214593532e-01
4198.5900000013 9.4014374503e-01
4198.6000000013 9.3989372738e-01
4198.6100000013 9.3827699487e-01
4198.6200000013 9.4064295594e-01
4198.6300000013 9.4469443216e-01
4198.6400000013 9.4217275720e-01
4198.6500000013 9.3842302946e-01
4198.6600000013 9.4354214411e-01
4198.6700000013 9.4075892675e-01
4198.6800000013 9.4275240035e-01
4198.6900000013 9.4017446984e-01
4198.7000000013 9.4010768212e-01
4198.7100000013 9.4018795174e-01
4198.7200000013 9.4259546495e-01
4198.7300000013 9.4262151049e-01
4198.7400000013 9.3867588724e-01
4198.7500000013 9.4006368150e-01
4198.7600000013 9.4166471292e-01
4198.7700000013 9.3762383038e-01
4198.7800000013 9.4136415818e-01
4198.7900000013 9.4232744765e-01
4198.8000000013 9.4376444771e-01
4198.8100000013 9.4137309241e-01
4198.8200000013 9.4183981525e-01
4198.8300000013 9.3935882031e-01
4198.8400000013 9.4176160073e-01
4198.8500000013 9.4529657610e-01
4198.8600000013 9.4336373645e-01
4198.8700000013 9.4055972107e-01
4198.8800000013 9.3933978853e-01
4198.8900000013 9.4276051696e-01
4198.9000000013 9.3716707394e-01
4198.9100000013 9.4167334164e-01
4198.9200000013 9.4225373097e-01
4198.9300000013 9.3998498706e-01
4198.9400000013 9.4262940368e-01
4198.9500000013 9.4051825831e-01
4198.9600000013 9.3931618152e-01
4198.9700000013 9.3928001740e-01
4198.9800000013 9.4135412050e-01
4198.9900000013 9.3964699906e-01
4199.0000000013 9.4089474520e-01
4199.0100000013 9.4157165012e-01
4199.0200000013 9.4056034582e-01
4199.0300000013 9.4187440631e-01
4199.0400000013 9.4034457698e-01
4199.0500000013 9.3793931654e-01
4199.0600000013 9.4256800467e-01
4199.0700000013 9.4140557008e-01
4199.0800000013 9.4537333555e-01
4199.0900000013 9.4225976721e-01
4199.1000000013 9.4120307219e-01
4199.1100000013 9.4089589569e-01
4199.1200000013 9.3679979376e-01
4199.1300000013 9.4442862352e-01
4199.1400000013 9.4043573102e-01
4199.1500000013 9.3963172345e-01
4199.1600000013 9.4178173056e-01
4199.1700000013 9.4289797360e-01
4199.1800000013 9.3869684325e-01
4199.1900000013 9.3791931637e-01
4199.2000000013 9.4557016484e-01
4199.2100000013 9.3788950261e-01
4199.2200000013 9.4260022869e-01
4199.2300000013 9.3989038831e-01
4199.2400000013 9.3527940987e-01
4199.2500000013 9.3763932871e-01
4199.2600000013 9.3917770336e-01
4199.2700000013 9.3702472042e-01
4199.2800000013 9.4229171105e-01
4199.2900000013 9.4280720066e-01
4199.3000000013 9.4071445111e-01
4199.3100000013 9.3985580285e-01
4199.3200000013 9.4251907170e-01
4199.3300000013 9.4219856419e-01
4199.3400000013 9.4005646202e-01
4199.3500000013 9.3955780314e-01
4199.3600000013 9.4275507733e-01
4199.3700000013 9.4000895208e-01
4199.3800000013 9.3653927375e-01
4199.3900000013 9.3846372199e-01
4199.4000000013 9.4030575751e-01
4199.4100000013 9.4028327878e-01
4199.4200000013 9.3955943489e-01
4199.4300000013 9.3860979061e-01
4199.4400000013 9.4164820793e-01
4199.4500000013 9.4018832759e-01
4199.4600000013 9.3847791112e-01
4199.4700000013 9.4080867004e-01
4199.4800000013 9.3980762397e-01
4199.4900000013 9.4138856067e-01
4199.5000000013 9.3812588250e-01
4199.5100000013 9.4135597761e-01
4199.5200000013 9.4013699484e-01
4199.5300000013 9.4123665498e-01
4199.5400000013 9.4358275359e-01
4199.5500000013 9.3989326856e-01
4199.5600000013 9.4009519973e-01
4199.5700000013 9.4080770913e-01
4199.5800000013 9.4167655402e-01
4199.5900000013 9.4083228171e-01
4199.6000000013 9.4018739829e-01
4199.6100000013 9.3979145593e-01
4199.6200000013 9.3995387948e-01
4199.6300000013 9.3900830552e-01
4199.6400000013 9.4201116987e-01
4199.6500000013 9.3982198260e-01
4199.6600000013 9.4203278655e-01
4199.6700000013 9.4089933268e-01
4199.6800000013 9.4207572975e-01
4199.6900000013 9.3911889191e-01
4199.7000000013 9.3824067206e-01
4199.7100000013 9.4162800169e-01
4199.7200000013 9.3826811558e-01
4199.7300000013 9.4036372162e-01
4199.7400000013 9.4067799618e-01
4199.7500000013 9.4165540653e-01
4199.7600000013 9.4158513427e-01
4199.7700000013 9.3940817268e-01
4199.7800000013 9.4040733612e-01
4199.7900000013 9.4041388382e-01
4199.8000000013 9.3972590805e-01
4199.8100000013 9.3999213290e-01
4199.8200000013 9.3951550647e-01
4199.8300000013 9.4211171765e-01
4199.8400000013 9.4129201132e-01
4199.8500000013 9.4261530597e-01
4199.8600000013 9.3905117744e-01
4199.8700000013 9.4169595554e-01
4199.8800000013 9.3851035228e-01
4199.8900000013 9.3884786712e-01
4199.9000000013 9.3853751749e-01
4199.9100000013 9.4152255125e-01
4199.9200000013 9.3813140675e-01
4199.9300000013 9.4079586886e-01
4199.9400000013 9.3797952042e-01
4199.9500000013 9.4140105142e-01
4199.9600000013 9.4106675085e-01
4199.9700000013 9.3983391133e-01
4199.9800000013 9.3840366816e-01
4199.9900000013 9.4012698142e-01
4200.0000000013 9.4004086159e-01
4200.0100000013 9.4180017072e-01
4200.0200000013 9.4170747282e-01
4200.0300000013 9.4073291127e-01
4200.0400000013 9.4346691799e-01
4200.0500000013 9.4488907551e-01
4200.0600000013 9.3785438922e-01
4200.0700000013 9.4255567496e-01
4200.0800000013 9.3908676317e-01
4200.0900000013 9.4195743644e-01
4200.1000000013 9.3675109004e-01
4200.1100000013 9.4216608312e-01
4200.1200000013 9.3860987350e-01
4200.1300000013 9.4252169011e-01
4200.1400000013 9.3925657552e-01
4200.1500000013 9.4135708427e-01
4200.1600000013 9.3683423868e-01
4200.1700000013 9.4015094452e-01
4200.1800000013 9.3999766125e-01
4200.1900000013 9.3976517521e-01
4200.2000000013 9.4094147017e-01
4200.2100000013 9.4150061142e-01
4200.2200000013 9.3915206809e-01
4200.2300000013 9.4144293054e-01
4200.2400000013 9.4065091108e-01
4200.2500000013 9.4220121463e-01
4200.2600000013 9.3958028658e-01
4200.2700000013 9.4061183069e-01
4200.2800000013 9.3961225312e-01
4200.2900000013 9.3911728994e-01
4200.3000000013 9.4258119375e-01
4200.3100000013 9.3889279989e-01
4200.3200000013 9.4083810438e-01
4200.3300000013 9.4321208158e-01
4200.3400000013 9.4328457947e-01
4200.3500000014 9.3907971295e-01
4200.3600000014 9.3885067859e-01
4200.3700000014 9.4160939390e-01
4200.3800000014 9.4363724714e-01
4200.3900000014 9.3935528833e-01
4200.4000000014 9.4022078460e-01
4200.4100000014 9.3954825194e-01
4200.4200000014 9.4025020484e-01
4200.4300000014 9.4200170800e-01
4200.4400000014 9.3823811513e-01
4200.4500000014 9.4156362198e-01
4200.4600000014 9.4247639856e-01
4200.4700000014 9.4090235600e-01
4200.4800000014 9.4141020353e-01
4200.4900000014 9.4302837239e-01
4200.5000000014 9.3960380933e-01
4200.5100000014 9.3987592835e-01
4200.5200000014 9.4033216178e-01
4200.5300000014 9.4063075547e-01
4200.5400000014 9.4149903536e-01
4200.5500000014 9.4171505227e-01
4200.5600000014 9.4414466106e-01
4200.5700000014 9.4018994725e-01
4200.5800000014 9.4038923919e-01
4200.5900000014 9.4274907401e-01
4200.6000000014 9.4198515794e-01
4200.6100000014 9.4109635235e-01
4200.6200000014 9.4029495779e-01
4200.6300000014 9.3975115779e-01
4200.6400000014 9.3921021324e-01
4200.6500000014 9.3872159463e-01
4200.6600000014 9.4015289876e-01
4200.6700000014 9.3967999597e-01
4200.6800000014 9.4018626177e-01
4200.6900000014 9.4220513935e-01
4200.7000000014 9.4268564202e-01
4200.7100000014 9.3928459416e-01
4200.7200000014 9.4253712649e-01
4200.7300000014 9.4136286818e-01
4200.7400000014 9.3983179152e-01
4200.7500000014 9.4010452334e-01
4200.7600000014 9.4074459649e-01
4200.7700000014 9.3936275017e-01
4200.7800000014 9.4644969767e-01
4200.7900000014 9.4329402012e-01
4200.8000000014 9.3641333986e-01
4200.8100000014 9.4040378920e-01
4200.8200000014 9.4248494089e-01
4200.8300000014 9.3905614225e-01
4200.8400000014 9.3821304152e-01
4200.8500000014 9.3577533850e-01
4200.8600000014 9.4123872769e-01
4200.8700000014 9.3515872732e-01
4200.8800000014 9.4065354311e-01
4200.8900000014 9.4277863287e-01
4200.9000000014 9.3676758706e-01
4200.9100000014 9.3570195904e-01
4200.9200000014 9.4221986325e-01
4200.9300000014 9.3680862126e-01
4200.9400000014 9.4212551328e-01
4200.9500000014 9.4268362810e-01
4200.9600000014 9.4202434682e-01
4200.9700000014 9.4051536449e-01
4200.9800000014 9.4023534072e-01
4200.9900000014 9.4112417327e-01
4201.0000000014 9.3737396215e-01
4201.0100000014 9.4291759670e-01
4201.0200000014 9.4056513883e-01
4201.0300000014 9.4334113360e-01
4201.0400000014 9.4357759366e-01
4201.0500000014 9.3984531764e-01
4201.0600000014 9.3979410660e-01
4201.0700000014 9.3908517923e-01
4201.0800000014 9.4393849483e-01
4201.0900000014 9.3937893618e-01
4201.1000000014 9.4346003663e-01
4201.1100000014 9.4212090169e-01
4201.1200000014 9.4377911644e-01
4201.1300000014 9.3929406681e-01
4201.1400000014 9.4310554064e-01
4201.1500000014 9.4303534187e-01
4201.1600000014 9.4359082933e-01
4201.1700000014 9.4101601779e-01
4201.1800000014 9.3929116958e-01
4201.1900000014 9.4499370935e-01
4201.2000000014 9.4322211707e-01
4201.2100000014 9.4261909093e-01
4201.2200000014 9.4322643213e-01
4201.2300000014 9.4258703796e-01
4201.2400000014 9.3938589255e-01
4201.2500000014 9.4148868388e-01
4201.2600000014 9.4237509759e-01
4201.2700000014 9.4069249241e-01
4201.2800000014 9.4423400093e-01
4201.2900000014 9.4407190478e-01
4201.3000000014 9.3937093756e-01
4201.3100000014 9.4162568735e-01
4201.3200000014 9.4105900485e-01
4201.3300000014 9.4200851239e-01
4201.3400000014 9.4078123708e-01
4201.3500000014 9.3772464009e-01
4201.3600000014 9.4320675375e-01
4201.3700000014 9.4683600065e-01
4201.3800000014 9.4115099375e-01
4201.3900000014 9.4028517028e-01
4201.4000000014 9.4053081705e-01
4201.4100000014 9.4394724591e-01
4201.4200000014 9.3881318055e-01
4201.4300000014 9.4238148485e-01
4201.4400000014 9.4431838516e-01
4201.4500000014 9.4216822046e-01
4201.4600000014 9.4285972691e-01
4201.4700000014 9.4123072820e-01
4201.4800000014 9.4201252568e-01
4201.4900000014 9.4495711155e-01
4201.5000000014 9.4051295016e-01
4201.5100000014 9.4123981516e-01
4201.5200000014 9.4333238738e-01
4201.5300000014 9.4384786102e-01
4201.5400000014 9.4155412992e-01
4201.5500000014 9.4256172315e-01
4201.5600000014 9.4071345906e-01
4201.5700000014 9.3932663640e-01
4201.5800000014 9.4464808386e-01
4201.5900000014 9.4043301902e-01
4201.6000000014 9.4095849662e-01
4201.6100000014 9.4142960504e-01
4201.6200000014 9.4189743745e-01
4201.6300000014 9.4260267615e-01
4201.6400000014 9.4233682032e-01
4201.6500000014 9.4602610004e-01
4201.6600000014 9.4120534476e-01
4201.6700000014 9.4056178254e-01
4201.6800000014 9.4246855044e-01
4201.6900000014 9.3913678648e-01
4201.7000000014 9.4822163788e-01
4201.7100000014 9.4338991049e-01
4201.7200000014 9.4072048862e-01
4201.7300000014 9.3980644154e-01
4201.7400000014 9.3880517495e-01
4201.7500000014 9.4475590377e-01
4201.7600000014 9.4248822430e-01
4201.7700000014 9.3925935561e-01
4201.7800000014 9.4532096942e-01
4201.7900000014 9.4010671270e-01
4201.8000000014 9.4129717434e-01
4201.8100000014 9.4231491543e-01
4201.8200000014 9.4258198365e-01
4201.8300000014 9.4180183990e-01
4201.8400000014 9.4255332893e-01
4201.8500000014 9.4282806693e-01
4201.8600000014 9.4090080902e-01
4201.8700000014 9.4309765538e-01
4201.8800000014 9.4481038154e-01
4201.8900000014 9.4115388521e-01
4201.9000000014 9.4013702701e-01
4201.9100000014 9.3901027858e-01
4201.9200000014 9.4315307262e-01
4201.9300000014 9.3878656213e-01
4201.9400000014 9.4212423980e-01
4201.9500000014 9.4234009672e-01
4201.9600000014 9.4116630598e-01
4201.9700000014 9.4131225165e-01
4201.9800000014 9.4640379853e-01
4201.9900000014 9.4360363778e-01
4202.0000000014 9.3949270399e-01
4202.0100000014 9.4279993166e-01
4202.0200000014 9.4501525339e-01
4202.0300000014 9.4309695686e-01
4202.0400000014 9.4405714895e-01
4202.0500000014 9.3985784798e-01
4202.0600000014 9.4024194417e-01
4202.0700000014 9.4236910760e-01
4202.0800000014 9.3967886629e-01
4202.0900000014 9.4225538838e-01
4202.1000000014 9.4378192101e-01
4202.1100000014 9.4037699188e-01
4202.1200000014 9.4625934051e-01
4202.1300000014 9.4475678952e-01
4202.1400000014 9.4448238958e-01
4202.1500000014 9.4354172765e-01
4202.1600000014 9.4485329912e-01
4202.1700000014 9.4026187716e-01
4202.1800000014 9.4486443168e-01
4202.1900000014 9.4187917120e-01
4202.2000000014 9.4559566124e-01
4202.2100000014 9.4503282511e-01
4202.2200000014 9.4478942816e-01
4202.2300000014 9.4387505597e-01
4202.2400000014 9.4559572439e-01
4202.2500000014 9.4618707206e-01
4202.2600000014 9.4681957744e-01
4202.2700000014 9.4429503020e-01
4202.2800000014 9.4323321969e-01
4202.2900000014 9.4306274040e-01
4202.3000000014 9.4287189656e-01
4202.3100000014 9.4245990788e-01
4202.3200000014 9.4415992823e-01
4202.3300000014 9.4038722609e-01
4202.3400000014 9.4362044168e-01
4202.3500000014 9.4032698939e-01
4202.3600000014 9.4363012411e-01
4202.3700000014 9.4695146000e-01
4202.3800000014 9.4137579625e-01
4202.3900000014 9.4179273073e-01
4202.4000000014 9.4125131629e-01
4202.4100000014 9.4174329425e-01
4202.4200000014 9.4347623314e-01
4202.4300000014 9.4423164826e-01
4202.4400000014 9.4376205704e-01
4202.4500000014 9.4387943152e-01
4202.4600000014 9.4469896622e-01
4202.4700000014 9.4482144402e-01
4202.4800000014 9.4442458056e-01
4202.4900000014 9.4442864844e-01
4202.5000000014 9.4454570970e-01
4202.5100000014 9.3984346187e-01
4202.5200000014 9.4501666169e-01
4202.5300000014 9.4727702709e-01
4202.5400000014 9.4437558239e-01
4202.5500000014 9.5034768696e-01
4202.5600000014 9.4469109277e-01
4202.5700000014 9.4851748638e-01
4202.5800000014 9.4085997962e-01
4202.5900000014 9.4559173277e-01
4202.6000000014 9.4129875663e-01
4202.6100000014 9.4231166513e-01
4202.6200000014 9.4808245464e-01
4202.6300000014 9.4513081656e-01
4202.6400000014 9.4683062802e-01
4202.6500000014 9.4726071106e-01
4202.6600000014 9.4475955586e-01
4202.6700000014 9.4403027433e-01
4202.6800000014 9.4694961997e-01
4202.6900000014 9.4453695071e-01
4202.7000000014 9.4682636204e-01
4202.7100000014 9.4571891722e-01
4202.7200000014 9.4661054057e-01
4202.7300000014 9.4417472971e-01
4202.7400000014 9.4551793506e-01
4202.7500000014 9.4174265320e-01
4202.7600000014 9.4764943452e-01
4202.7700000014 9.4662681917e-01
4202.7800000014 9.4950289327e-01
4202.7900000014 9.4271027345e-01
4202.8000000014 9.4677750048e-01
4202.8100000014 9.4656671355e-01
4202.8200000014 9.4659578733e-01
4202.8300000014 9.4443150182e-01
4202.8400000014 9.4752536083e-01
4202.8500000014 9.4232282157e-01
4202.8600000014 9.4402994920e-01
4202.8700000014 9.4263595862e-01
4202.8800000014 9.4584239717e-01
4202.8900000014 9.4627683142e-01
4202.9000000014 9.4710165942e-01
4202.9100000014 9.4865150484e-01
4202.9200000014 9.4858884553e-01
4202.9300000014 9.4478064780e-01
4202.9400000014 9.4924469161e-01
4202.9500000014 9.4603345590e-01
4202.9600000014 9.4428266575e-01
4202.9700000014 9.4628785349e-01
4202.9800000014 9.4991056513e-01
4202.9900000014 9.4435052602e-01
4203.0000000014 9.4712013013e-01
4203.0100000014 9.4473054582e-01
4203.0200000014 9.4951072493e-01
4203.0300000014 9.4546286578e-01
4203.0400000014 9.5023588519e-01
4203.0500000014 9.4803100333e-01
4203.0600000014 9.4803368292e-01
4203.0700000014 9.4920796093e-01
4203.0800000014 9.4586572767e-01
4203.0900000014 9.4469498884e-01
4203.1000000014 9.4983362483e-01
4203.1100000014 9.4890528375e-01
4203.1200000014 9.4673701205e-01
4203.1300000014 9.5093326639e-01
4203.1400000014 9.5010169389e-01
4203.1500000014 9.4794463401e-01
4203.1600000014 9.4700130959e-01
4203.1700000014 9.4871191769e-01
4203.1800000014 9.4772624976e-01
4203.1900000014 9.4944547948e-01
4203.2000000014 9.4780122668e-01
4203.2100000014 9.5224375350e-01
4203.2200000014 9.4625157562e-01
4203.2300000014 9.4759237392e-01
4203.2400000014 9.4644768012e-01
4203.2500000014 9.4855532291e-01
4203.2600000014 9.4401438266e-01
4203.2700000014 9.4547833145e-01
4203.2800000014 9.4675734066e-01
4203.2900000014 9.4608948643e-01
4203.3000000014 9.4897549829e-01
4203.3100000014 9.4534479694e-01
4203.3200000014 9.4569803392e-01
4203.3300000014 9.4686168731e-01
4203.3400000014 9.4700339407e-01
4203.3500000014 9.4392788508e-01
4203.3600000014 9.4920043452e-01
4203.3700000014 9.5137397721e-01
4203.3800000014 9.4571496827e-01
4203.3900000014 9.4916101553e-01
4203.4000000014 9.4781913140e-01
4203.4100000014 9.5038881321e-01
4203.4200000014 9.4875718297e-01
4203.4300000014 9.4758290309e-01
4203.4400000014 9.4691204193e-01
4203.4500000014 9.4845837498e-01
4203.4600000014 9.4890347731e-01
4203.4700000014 9.4469920561e-01
4203.4800000014 9.4899470194e-01
4203.4900000014 9.5015163098e-01
4203.5000000014 9.4952830968e-01
4203.5100000014 9.5021149167e-01
4203.5200000014 9.4869782674e-01
4203.5300000014 9.4418685597e-01
4203.5400000014 9.4679674463e-01
4203.5500000014 9.4722888178e-01
4203.5600000014 9.4621648174e-01
4203.5700000014 9.4799704484e-01
4203.5800000014 9.4954560812e-01
4203.5900000014 9.5019808062e-01
4203.6000000014 9.4905901337e-01
4203.6100000014 9.4794691081e-01
4203.6200000014 9.4376144713e-01
4203.6300000014 9.4743588961e-01
4203.6400000014 9.5017780546e-01
4203.6500000014 9.4809487300e-01
4203.6600000014 9.4926745689e-01
4203.6700000014 9.4969640807e-01
4203.6800000014 9.4865921870e-01
4203.6900000014 9.4892355179e-01
4203.7000000014 9.5092419368e-01
4203.7100000014 9.5127395296e-01
4203.7200000014 9.4734705215e-01
4203.7300000014 9.5373250551e-01
4203.7400000014 9.5149839066e-01
4203.7500000014 9.4915950849e-01
4203.7600000014 9.5006355468e-01
4203.7700000014 9.5126079653e-01
4203.7800000014 9.5279420373e-01
4203.7900000014 9.5117256110e-01
4203.8000000014 9.5185367444e-01
4203.8100000014 9.5213309166e-01
4203.8200000014 9.5417222732e-01
4203.8300000014 9.4968353784e-01
4203.8400000014 9.5046979959e-01
4203.8500000014 9.5040012145e-01
4203.8600000014 9.5307379666e-01
4203.8700000014 9.4717811763e-01
4203.8800000014 9.5299156108e-01
4203.8900000014 9.5244959367e-01
4203.9000000014 9.5018800989e-01
4203.9100000014 9.5189547241e-01
4203.9200000014 9.5009150294e-01
4203.9300000014 9.5018052833e-01
4203.9400000014 9.5298823287e-01
4203.9500000014 9.5063267218e-01
4203.9600000014 9.5362693906e-01
4203.9700000014 9.5126576710e-01
4203.9800000014 9.5056329905e-01
4203.9900000014 9.4831985942e-01
4204.0000000014 9.5084871350e-01
4204.0100000014 9.4970553822e-01
4204.0200000014 9.5078683113e-01
4204.0300000014 9.5238378786e-01
4204.0400000014 9.5198715904e-01
4204.0500000014 9.5323891929e-01
4204.0600000014 9.5057579550e-01
4204.0700000014 9.4939438172e-01
4204.0800000014 9.5417611723e-01
4204.0900000014 9.5274142919e-01
4204.1000000014 9.5379787293e-01
4204.1100000014 9.5052584157e-01
4204.1200000014 9.5489368485e-01
4204.1300000014 9.5137825052e-01
4204.1400000014 9.5453494114e-01
4204.1500000014 9.5336002701e-01
4204.1600000014 9.5112868400e-01
4204.1700000014 9.5330017085e-01
4204.1800000014 9.5304901927e-01
4204.1900000014 9.5041095257e-01
4204.2000000014 9.5041964948e-01
4204.2100000014 9.5177608046e-01
4204.2200000014 9.5232399403e-01
4204.2300000014 9.5469681617e-01
4204.2400000014 9.5501524075e-01
4204.2500000014 9.5245263242e-01
4204.2600000014 9.5121862896e-01
4204.2700000014 9.5143068766e-01
4204.2800000014 9.4874229908e-01
4204.2900000014 9.5242743035e-01
4204.3000000014 9.5092076322e-01
4204.3100000014 9.5459807396e-01
4204.3200000014 9.5271602213e-01
4204.3300000014 9.4919644423e-01
4204.3400000014 9.5405770592e-01
4204.3500000014 9.5090121496e-01
4204.3600000014 9.5375020396e-01
4204.3700000014 9.5233158500e-01
4204.3800000014 9.5521011694e-01
4204.3900000014 9.5286849589e-01
4204.4000000014 9.5036453375e-01
4204.4100000014 9.5185443951e-01
4204.4200000014 9.5484001534e-01
4204.4300000014 9.5348968551e-01
4204.4400000014 9.5293123037e-01
4204.4500000014 9.5442230019e-01
4204.4600000014 9.5391530202e-01
4204.4700000014 9.5724498568e-01
4204.4800000014 9.5103129220e-01
4204.4900000014 9.5591654084e-01
4204.5000000014 9.5446154133e-01
4204.5100000014 9.5056780182e-01
4204.5200000014 9.5247299483e-01
4204.5300000014 9.5471435502e-01
4204.5400000014 9.5708868107e-01
4204.5500000014 9.5680786531e-01
4204.5600000014 9.5329901918e-01
4204.5700000014 9.5625717499e-01
4204.5800000014 9.5585388862e-01
4204.5900000014 9.5356020425e-01
4204.6000000014 9.5236112970e-01
4204.6100000014 9.5360446146e-01
4204.6200000014 9.5423136619e-01
4204.6300000014 9.5666670594e-01
4204.6400000014 9.5734673537e-01
4204.6500000014 9.5633536551e-01
4204.6600000014 9.5425462357e-01
4204.6700000014 9.5458023575e-01
4204.6800000014 9.5667440001e-01
4204.6900000014 9.5680704767e-01
4204.7000000014 9.5261247317e-01
4204.7100000014 9.5752262415e-01
4204.7200000014 9.5430202577e-01
4204.7300000014 9.5491192779e-01
4204.7400000014 9.5292535246e-01
4204.7500000014 9.5681847804e-01
4204.7600000014 9.5515776226e-01
4204.7700000014 9.5615224048e-01
4204.7800000014 9.5278754849e-01
4204.7900000014 9.5916106745e-01
4204.8000000014 9.5359292258e-01
4204.8100000014 9.5627003695e-01
4204.8200000014 9.5584685630e-01
4204.8300000014 9.5635874207e-01
4204.8400000014 9.5426185196e-01
4204.8500000014 9.5574996602e-01
4204.8600000014 9.5547210447e-01
4204.8700000014 9.5687672559e-01
4204.8800000014 9.5845933729e-01
4204.8900000014 9.5503561919e-01
4204.9000000014 9.5457624669e-01
4204.9100000014 9.5609422153e-01
4204.9200000014 9.5703200989e-01
4204.9300000015 9.5848177549e-01
4204.9400000015 9.5789705022e-01
4204.9500000015 9.6051203284e-01
4204.9600000015 9.6031633415e-01
4204.9700000015 9.5703058415e-01
4204.9800000015 9.6013804137e-01
4204.9900000015 9.5685015573e-01
4205.0000000015 9.5865857091e-01
4205.0100000015 9.5734668637e-01
4205.0200000015 9.5944795547e-01
4205.0300000015 9.6057038697e-01
4205.0400000015 9.5668619277e-01
4205.0500000015 9.5550304149e-01
4205.0600000015 9.5716976560e-01
4205.0700000015 9.6125468920e-01
4205.0800000015 9.5740969825e-01
4205.0900000015 9.5497790574e-01
4205.1000000015 9.6158279394e-01
4205.1100000015 9.5794046775e-01
4205.1200000015 9.6076500185e-01
4205.1300000015 9.5967299061e-01
4205.1400000015 9.6059550482e-01
4205.1500000015 9.5580829442e-01
4205.1600000015 9.5620015197e-01
4205.1700000015 9.6120547072e-01
4205.1800000015 9.5852459772e-01
4205.1900000015 9.5767730059e-01
4205.2000000015 9.5686115639e-01
4205.2100000015 9.5825784773e-01
4205.2200000015 9.5537819508e-01
4205.2300000015 9.5816131160e-01
4205.2400000015 9.6009186952e-01
4205.2500000015 9.5812987913e-01
4205.2600000015 9.6583336323e-01
4205.2700000015 9.6183416283e-01
4205.2800000015 9.5942440318e-01
4205.2900000015 9.5668142411e-01
4205.3000000015 9.6236135320e-01
4205.3100000015 9.5989528648e-01
4205.3200000015 9.5945309599e-01
4205.3300000015 9.6063355803e-01
4205.3400000015 9.5917722992e-01
4205.3500000015 9.6249981558e-01
4205.3600000015 9.5514607375e-01
4205.3700000015 9.6062327311e-01
4205.3800000015 9.5906622195e-01
4205.3900000015 9.5879385295e-01
4205.4000000015 9.6177395877e-01
4205.4100000015 9.5705245316e-01
4205.4200000015 9.6077286916e-01
4205.4300000015 9.6072404687e-01
4205.4400000015 9.6127607789e-01
4205.4500000015 9.5853437404e-01
4205.4600000015 9.5873936653e-01
4205.4700000015 9.6478610943e-01
4205.4800000015 9.5597000623e-01
4205.4900000015 9.5968233072e-01
4205.5000000015 9.6021775219e-01
4205.5100000015 9.6161559809e-01
4205.5200000015 9.6041529197e-01
4205.5300000015 9.6248791569e-01
4205.5400000015 9.5993858102e-01
4205.5500000015 9.6141146802e-01
4205.5600000015 9.5950188666e-01
4205.5700000015 9.6205379439e-01
4205.5800000015 9.6110998484e-01
4205.5900000015 9.6321156928e-01
4205.6000000015 9.6116917076e-01
4205.6100000015 9.6103174097e-01
4205.6200000015 9.6283229124e-01
4205.6300000015 9.6126634855e-01
4205.6400000015 9.6339079012e-01
4205.6500000015 9.6134868530e-01
4205.6600000015 9.6706268047e-01
4205.6700000015 9.6198123590e-01
4205.6800000015 9.6307804601e-01
4205.6900000015 9.6121127034e-01
4205.7000000015 9.6524751361e-01
4205.7100000015 9.6300454882e-01
4205.7200000015 9.6099686635e-01
4205.7300000015 9.6283756557e-01
4205.7400000015 9.6567989326e-01
4205.7500000015 9.6190085865e-01
4205.7600000015 9.5911067490e-01
4205.7700000015 9.6558505007e-01
4205.7800000015 9.6795021336e-01
4205.7900000015 9.6337718209e-01
4205.8000000015 9.6045356829e-01
4205.8100000015 9.6346794892e-01
4205.8200000015 9.6344248473e-01
4205.8300000015 9.6245841450e-01
4205.8400000015 9.6165665577e-01
4205.8500000015 9.6003390176e-01
4205.8600000015 9.6560766846e-01
4205.8700000015 9.6300094704e-01
4205.8800000015 9.6186507141e-01
4205.8900000015 9.6700984387e-01
4205.9000000015 9.6438622130e-01
4205.9100000015 9.5948770153e-01
4205.9200000015 9.6766867267e-01
4205.9300000015 9.6384453221e-01
4205.9400000015 9.6229014331e-01
4205.9500000015 9.6304312587e-01
4205.9600000015 9.6352253808e-01
4205.9700000015 9.6635901009e-01
4205.9800000015 9.6172445791e-01
4205.9900000015 9.6673136648e-01
4206.0000000015 9.6643294653e-01
4206.0100000015 9.6718810466e-01
4206.0200000015 9.6557916264e-01
4206.0300000015 9.6670143860e-01
4206.0400000015 9.6445280422e-01
4206.0500000015 9.6804861792e-01
4206.0600000015 9.6313746753e-01
4206.0700000015 9.6676878957e-01
4206.0800000015 9.6721690659e-01
4206.0900000015 9.6233519242e-01
4206.1000000015 9.6283521154e-01
4206.1100000015 9.6220383507e-01
4206.1200000015 9.6746860831e-01
4206.1300000015 9.6616263479e-01
4206.1400000015 9.6528820108e-01
4206.1500000015 9.6238679064e-01
4206.1600000015 9.6485355298e-01
4206.1700000015 9.6272826895e-01
4206.1800000015 9.6219223090e-01
4206.1900000015 9.6643515291e-01
4206.2000000015 9.6729645639e-01
4206.2100000015 9.6840185564e-01
4206.2200000015 9.6705826776e-01
4206.2300000015 9.6808526088e-01
4206.2400000015 9.6650794392e-01
4206.2500000015 9.6646151299e-01
4206.2600000015 9.6597271633e-01
4206.2700000015 9.6366842865e-01
4206.2800000015 9.6450652581e-01
4206.2900000015 9.6590236358e-01
4206.3000000015 9.6582213855e-01
4206.3100000015 9.6555592458e-01
4206.3200000015 9.6564440508e-01
4206.3300000015 9.6460334369e-01
4206.3400000015 9.6645639914e-01
4206.3500000015 9.6607509157e-01
4206.3600000015 9.7057623160e-01
4206.3700000015 9.6776118156e-01
4206.3800000015 9.6636159497e-01
4206.3900000015 9.6697732535e-01
4206.4000000015 9.6544316684e-01
4206.4100000015 9.6801774547e-01
4206.4200000015 9.6385501958e-01
4206.4300000015 9.6657498688e-01
4206.4400000015 9.6742233510e-01
4206.4500000015 9.6465496760e-01
4206.4600000015 9.6583112131e-01
4206.4700000015 9.6430047801e-01
4206.4800000015 9.6870487145e-01
4206.4900000015 9.6609701472e-01
4206.5000000015 9.6764728310e-01
4206.5100000015 9.6743971870e-01
4206.5200000015 9.6873816171e-01
4206.5300000015 9.6752636047e-01
4206.5400000015 9.6744094744e-01
4206.5500000015 9.6728281665e-01
4206.5600000015 9.6648520852e-01
4206.5700000015 9.7194005055e-01
4206.5800000015 9.6354908368e-01
4206.5900000015 9.6831157662e-01
4206.6000000015 9.6607203146e-01
4206.6100000015 9.6840258684e-01
4206.6200000015 9.6871203433e-01
4206.6300000015 9.7178985609e-01
4206.6400000015 9.7001072829e-01
4206.6500000015 9.7093772308e-01
4206.6600000015 9.7035415694e-01
4206.6700000015 9.6850285505e-01
4206.6800000015 9.6756204591e-01
4206.6900000015 9.7256322363e-01
4206.7000000015 9.6996092873e-01
4206.7100000015 9.6951010963e-01
4206.7200000015 9.6882781937e-01
4206.7300000015 9.7182826645e-01
4206.7400000015 9.7083609245e-01
4206.7500000015 9.6507539315e-01
4206.7600000015 9.6723085477e-01
4206.7700000015 9.6832292328e-01
4206.7800000015 9.6889674310e-01
4206.7900000015 9.6993483710e-01
4206.8000000015 9.7140762280e-01
4206.8100000015 9.7163490861e-01
4206.8200000015 9.7492865657e-01
4206.8300000015 9.7023524137e-01
4206.8400000015 9.7072925020e-01
4206.8500000015 9.7026112278e-01
4206.8600000015 9.7564639869e-01
4206.8700000015 9.6806351876e-01
4206.8800000015 9.7005299937e-01
4206.8900000015 9.7239164947e-01
4206.9000000015 9.6917984438e-01
4206.9100000015 9.7236117671e-01
4206.9200000015 9.6918167623e-01
4206.9300000015 9.6673663238e-01
4206.9400000015 9.7301502351e-01
4206.9500000015 9.7167266743e-01
4206.9600000015 9.7301484800e-01
4206.9700000015 9.7280737127e-01
4206.9800000015 9.6885391686e-01
4206.9900000015 9.7192665294e-01
4207.0000000015 9.7243844706e-01
4207.0100000015 9.6718055935e-01
4207.0200000015 9.7378918309e-01
4207.0300000015 9.6837216895e-01
4207.0400000015 9.6788562398e-01
4207.0500000015 9.7352248967e-01
4207.0600000015 9.7260847284e-01
4207.0700000015 9.7332910109e-01
4207.0800000015 9.7155005209e-01
4207.0900000015 9.7112991691e-01
4207.1000000015 9.6790762213e-01
4207.1100000015 9.6774195720e-01
4207.1200000015 9.7173873359e-01
4207.1300000015 9.6941547439e-01
4207.1400000015 9.6925460296e-01
4207.1500000015 9.6927390010e-01
4207.1600000015 9.6973936580e-01
4207.1700000015 9.7020929116e-01
4207.1800000015 9.7226446887e-01
4207.1900000015 9.7081304126e-01
4207.2000000015 9.7320745708e-01
4207.2100000015 9.7224757234e-01
4207.2200000015 9.7160116637e-01
4207.2300000015 9.6994138403e-01
4207.2400000015 9.7192945855e-01
4207.2500000015 9.7528133646e-01
4207.2600000015 9.7448435567e-01
4207.2700000015 9.7422593315e-01
4207.2800000015 9.7319835080e-01
4207.2900000015 9.7362173171e-01
4207.3000000015 9.7390686416e-01
4207.3100000015 9.7487861398e-01
4207.3200000015 9.7019745086e-01
4207.3300000015 9.7479561579e-01
4207.3400000015 9.7578007124e-01
4207.3500000015 9.7120677297e-01
4207.3600000015 9.7099119942e-01
4207.3700000015 9.7548842203e-01
4207.3800000015 9.7327135482e-01
4207.3900000015 9.7560547456e-01
4207.4000000015 9.7437741416e-01
4207.4100000015 9.7129064608e-01
4207.4200000015 9.6986629383e-01
4207.4300000015 9.7438951799e-01
4207.4400000015 9.7318448208e-01
4207.4500000015 9.7392869614e-01
4207.4600000015 9.7364099269e-01
4207.4700000015 9.7437501001e-01
4207.4800000015 9.7780964006e-01
4207.4900000015 9.7223129894e-01
4207.5000000015 9.7170781372e-01
4207.5100000015 9.7672947398e-01
4207.5200000015 9.7207204808e-01
4207.5300000015 9.7644998390e-01
4207.5400000015 9.7217770901e-01
4207.5500000015 9.7387784597e-01
4207.5600000015 9.7424851407e-01
4207.5700000015 9.7204606927e-01
4207.5800000015 9.7462262151e-01
4207.5900000015 9.7304162621e-01
4207.6000000015 9.7093540778e-01
4207.6100000015 9.7430303809e-01
4207.6200000015 9.7728157730e-01
4207.6300000015 9.7440654985e-01
4207.6400000015 9.7467590301e-01
4207.6500000015 9.7242751035e-01
4207.6600000015 9.7455628887e-01
4207.6700000015 9.7510221948e-01
4207.6800000015 9.7643505965e-01
4207.6900000015 9.7443717672e-01
4207.7000000015 9.7486884184e-01
4207.7100000015 9.7826241375e-01
4207.7200000015 9.7541083162e-01
4207.7300000015 9.7446970922e-01
4207.7400000015 9.7308837992e-01
4207.7500000015 9.7636488671e-01
4207.7600000015 9.7661010161e-01
4207.7700000015 9.7642905945e-01
4207.7800000015 9.7788877824e-01
4207.7900000015 9.7525761525e-01
4207.8000000015 9.8112830062e-01
4207.8100000015 9.7310668543e-01
4207.8200000015 9.7749628633e-01
4207.8300000015 9.7792390718e-01
4207.8400000015 9.7733840287e-01
4207.8500000015 9.7918701768e-01
4207.8600000015 9.8108777134e-01
4207.8700000015 9.7890238177e-01
4207.8800000015 9.7264099580e-01
4207.8900000015 9.7653217201e-01
4207.9000000015 9.7585925840e-01
4207.9100000015 9.7824142090e-01
4207.9200000015 9.8056669509e-01
4207.9300000015 9.7753023699e-01
4207.9400000015 9.7957761844e-01
4207.9500000015 9.7266139161e-01
4207.9600000015 9.7753025874e-01
4207.9700000015 9.7942050342e-01
4207.9800000015 9.7938867189e-01
4207.9900000015 9.7981848528e-01
4208.0000000015 9.8036797315e-01
4208.0100000015 9.7628057817e-01
4208.0200000015 9.7887749361e-01
4208.0300000015 9.7575257734e-01
4208.0400000015 9.7616247351e-01
4208.0500000015 9.8195028366e-01
4208.0600000015 9.7964153182e-01
4208.0700000015 9.7918513244e-01
4208.0800000015 9.8200953122e-01
4208.0900000015 9.7801822464e-01
4208.1000000015 9.7616825984e-01
4208.1100000015 9.8188762145e-01
4208.1200000015 9.8017057253e-01
4208.1300000015 9.7599886361e-01
4208.1400000015 9.7690628630e-01
4208.1500000015 9.7993275248e-01
4208.1600000015 9.7599452181e-01
4208.1700000015 9.7576001734e-01
4208.1800000015 9.7789230911e-01
4208.1900000015 9.8267903136e-01
4208.2000000015 9.7935233164e-01
4208.2100000015 9.7797075940e-01
4208.2200000015 9.7654040947e-01
4208.2300000015 9.8120802381e-01
4208.2400000015 9.7969340058e-01
4208.2500000015 9.8158427758e-01
4208.2600000015 9.8129791014e-01
4208.2700000015 9.8010605869e-01
4208.2800000015 9.7975795865e-01
4208.2900000015 9.7830797006e-01
4208.3000000015 9.8317427786e-01
4208.3100000015 9.8071421967e-01
4208.3200000015 9.7747451774e-01
4208.3300000015 9.8010441181e-01
4208.3400000015 9.7742657218e-01
4208.3500000015 9.7892486424e-01
4208.3600000015 9.8293582327e-01
4208.3700000015 9.8357606094e-01
4208.3800000015 9.8013232261e-01
4208.3900000015 9.8122142191e-01
4208.4000000015 9.7970696509e-01
4208.4100000015 9.7671542739e-01
4208.4200000015 9.8357418987e-01
4208.4300000015 9.7982619927e-01
4208.4400000015 9.7854530172e-01
4208.4500000015 9.8235551281e-01
4208.4600000015 9.7656522373e-01
4208.4700000015 9.7917049790e-01
4208.4800000015 9.8253580128e-01
4208.4900000015 9.7981159536e-01
4208.5000000015 9.8380604680e-01
4208.5100000015 9.7830836117e-01
4208.5200000015 9.8314066430e-01
4208.5300000015 9.7994867366e-01
4208.5400000015 9.8312935596e-01
4208.5500000015 9.7929106085e-01
4208.5600000015 9.8069687068e-01
4208.5700000015 9.8181294733e-01
4208.5800000015 9.8515663004e-01
4208.5900000015 9.8180850812e-01
4208.6000000015 9.8244690039e-01
4208.6100000015 9.8321348582e-01
4208.6200000015 9.7933122283e-01
4208.6300000015 9.8266476441e-01
4208.6400000015 9.8147465780e-01
4208.6500000015 9.8295756081e-01
4208.6600000015 9.8228118135e-01
4208.6700000015 9.7802088660e-01
4208.6800000015 9.8510615850e-01
4208.6900000015 9.8163805659e-01
4208.7000000015 9.7927278823e-01
4208.7100000015 9.8412237454e-01
4208.7200000015 9.8142053724e-01
4208.7300000015 9.8157307893e-01
4208.7400000015 9.8583499196e-01
4208.7500000015 9.8308368760e-01
4208.7600000015 9.8117086370e-01
4208.7700000015 9.8246571214e-01
4208.7800000015 9.8308046069e-01
4208.7900000015 9.8545583790e-01
4208.8000000015 9.8494410779e-01
4208.8100000015 9.8044805503e-01
4208.8200000015 9.8482220564e-01
4208.8300000015 9.8297232872e-01
4208.8400000015 9.8735774371e-01
4208.8500000015 9.8204246343e-01
4208.8600000015 9.8724054763e-01
4208.8700000015 9.8328065877e-01
4208.8800000015 9.8240633250e-01
4208.8900000015 9.8551867027e-01
4208.9000000015 9.7997378578e-01
4208.9100000015 9.8350603581e-01
4208.9200000015 9.8315859761e-01
4208.9300000015 9.8281130531e-01
4208.9400000015 9.8738853285e-01
4208.9500000015 9.7976748634e-01
4208.9600000015 9.8350037418e-01
4208.9700000015 9.8472682587e-01
4208.9800000015 9.8700956085e-01
4208.9900000015 9.8539017144e-01
4209.0000000015 9.8196783313e-01
4209.0100000015 9.8271632367e-01
4209.0200000015 9.8336328691e-01
4209.0300000015 9.8779411271e-01
4209.0400000015 9.8465619913e-01
4209.0500000015 9.8524487623e-01
4209.0600000015 9.8373914920e-01
4209.0700000015 9.8701963460e-01
4209.0800000015 9.8386941794e-01
4209.0900000015 9.8317788481e-01
4209.1000000015 9.8709411361e-01
4209.1100000015 9.8646743761e-01
4209.1200000015 9.8409197236e-01
4209.1300000015 9.8245378589e-01
4209.1400000015 9.8843621598e-01
4209.1500000015 9.8718782860e-01
4209.1600000015 9.8705033603e-01
4209.1700000015 9.8549202448e-01
4209.1800000015 9.8473754753e-01
4209.1900000015 9.8471900219e-01
4209.2000000015 9.8314611978e-01
4209.2100000015 9.8332412566e-01
4209.2200000015 9.8673386526e-01
4209.2300000015 9.7893265014e-01
4209.2400000015 9.8725769971e-01
4209.2500000015 9.8757107454e-01
4209.2600000015 9.8426983853e-01
4209.2700000015 9.8239194952e-01
4209.2800000015 9.8798662650e-01
4209.2900000015 9.8841159412e-01
4209.3000000015 9.8604299514e-01
4209.3100000015 9.8672275826e-01
4209.3200000015 9.8492229921e-01
4209.3300000015 9.8261322370e-01
4209.3400000015 9.8237307797e-01
4209.3500000015 9.8184682165e-01
4209.3600000015 9.8978672186e-01
4209.3700000015 9.8489259841e-01
4209.3800000015 9.8621357503e-01
4209.3900000015 9.8525207089e-01
4209.4000000015 9.8529409777e-01
4209.4100000015 9.8543625247e-01
4209.4200000015 9.8680827778e-01
4209.4300000015 9.8725211300e-01
4209.4400000015 9.8524940761e-01
4209.4500000015 9.8768085604e-01
4209.4600000015 9.8288616999e-01
4209.4700000015 9.8775358180e-01
4209.4800000015 9.8460703826e-01
4209.4900000015 9.8726974701e-01
4209.5000000015 9.8884852170e-01
4209.5100000015 9.8310500727e-01
4209.5200000016 9.8892833774e-01
4209.5300000016 9.8478198356e-01
4209.5400000016 9.8590683799e-01
4209.5500000016 9.8709743437e-01
4209.5600000016 9.8740467268e-01
4209.5700000016 9.8923655464e-01
4209.5800000016 9.8781223654e-01
4209.5900000016 9.8677158773e-01
4209.6000000016 9.8484140762e-01
4209.6100000016 9.8767355236e-01
4209.6200000016 9.8694921461e-01
4209.6300000016 9.8909098577e-01
4209.6400000016 9.8645985830e-01
4209.6500000016 9.8591790447e-01
4209.6600000016 9.8868339551e-01
4209.6700000016 9.8554646481e-01
4209.6800000016 9.8432176400e-01
4209.6900000016 9.8652482287e-01
4209.7000000016 9.8514786254e-01
4209.7100000016 9.8845035067e-01
4209.7200000016 9.8419598703e-01
4209.7300000016 9.8822636872e-01
4209.7400000016 9.9195297266e-01
4209.7500000016 9.8986847889e-01
4209.7600000016 9.9016334202e-01
4209.7700000016 9.8839237539e-01
4209.7800000016 9.8631127831e-01
4209.7900000016 9.8618830525e-01
4209.8000000016 9.8895569242e-01
4209.8100000016 9.8655680114e-01
4209.8200000016 9.8600747346e-01
4209.8300000016 9.8714220445e-01
4209.8400000016 9.8663665668e-01
4209.8500000016 9.8545163068e-01
4209.8600000016 9.8580595199e-01
4209.8700000016 9.9094945199e-01
4209.8800000016 9.8626899200e-01
4209.8900000016 9.8977097943e-01
4209.9000000016 9.8853603613e-01
4209.9100000016 9.8673323659e-01
4209.9200000016 9.9032585202e-01
4209.9300000016 9.8823548074e-01
4209.9400000016 9.8882470562e-01
4209.9500000016 9.8783173078e-01
4209.9600000016 9.8985050170e-01
4209.9700000016 9.9086982870e-01
4209.9800000016 9.8700055031e-01
4209.9900000016 9.8816450199e-01
4210.0000000016 9.9083880009e-01
4210.0100000016 9.9072906808e-01
4210.0200000016 9.8670110977e-01
4210.0300000016 9.8596465552e-01
4210.0400000016 9.8711353949e-01
4210.0500000016 9.8501697427e-01
4210.0600000016 9.8786803080e-01
4210.0700000016 9.8667499911e-01
4210.0800000016 9.8764784762e-01
4210.0900000016 9.9006360602e-01
4210.1000000016 9.9217143052e-01
4210.1100000016 9.8925881702e-01
4210.1200000016 9.8823571041e-01
4210.1300000016 9.8832984236e-01
4210.1400000016 9.8946987534e-01
4210.1500000016 9.9395077391e-01
4210.1600000016 9.8540131470e-01
4210.1700000016 9.8539528344e-01
4210.1800000016 9.9001729834e-01
4210.1900000016 9.8846270711e-01
4210.2000000016 9.9129205692e-01
4210.2100000016 9.9200950550e-01
4210.2200000016 9.9163615870e-01
4210.2300000016 9.8831662705e-01
4210.2400000016 9.8944451390e-01
4210.2500000016 9.8812551117e-01
4210.2600000016 9.8752079891e-01
4210.2700000016 9.9076583022e-01
4210.2800000016 9.8937311069e-01
4210.2900000016 9.8824104833e-01
4210.3000000016 9.9063260409e-01
4210.3100000016 9.9036135123e-01
4210.3200000016 9.9403221661e-01
4210.3300000016 9.8976458836e-01
4210.3400000016 9.9004881548e-01
4210.3500000016 9.8264333468e-01
4210.3600000016 9.8688482267e-01
4210.3700000016 9.9155876462e-01
4210.3800000016 9.9206116017e-01
4210.3900000016 9.8580038237e-01
4210.4000000016 9.8970022493e-01
4210.4100000016 9.8833727194e-01
4210.4200000016 9.9289818705e-01
4210.4300000016 9.9206769229e-01
4210.4400000016 9.9297152841e-01
4210.4500000016 9.8888092804e-01
4210.4600000016 9.9103825207e-01
4210.4700000016 9.8832382119e-01
4210.4800000016 9.9256977699e-01
4210.4900000016 9.8990987266e-01
4210.5000000016 9.8532256068e-01
4210.5100000016 9.9007868009e-01
4210.5200000016 9.9147919634e-01
4210.5300000016 9.9092907767e-01
4210.5400000016 9.9029866001e-01
4210.5500000016 9.8669729683e-01
4210.5600000016 9.9282716245e-01
4210.5700000016 9.9205327653e-01
4210.5800000016 9.9499791252e-01
4210.5900000016 9.9009126846e-01
4210.6000000016 9.8926923727e-01
4210.6100000016 9.9332845569e-01
4210.6200000016 9.8961191066e-01
4210.6300000016 9.9281854834e-01
4210.6400000016 9.9127119418e-01
4210.6500000016 9.9074834208e-01
4210.6600000016 9.8889776100e-01
4210.6700000016 9.9274444489e-01
4210.6800000016 9.9104562672e-01
4210.6900000016 9.9344381002e-01
4210.7000000016 9.9089503172e-01
4210.7100000016 9.8691303807e-01
4210.7200000016 9.9383314248e-01
4210.7300000016 9.9155063477e-01
4210.7400000016 9.9312049635e-01
4210.7500000016 9.9168725062e-01
4210.7600000016 9.9264520854e-01
4210.7700000016 9.9417474760e-01
4210.7800000016 9.9090266749e-01
4210.7900000016 9.8988284096e-01
4210.8000000016 9.9207856125e-01
4210.8100000016 9.9178036175e-01
4210.8200000016 9.9233886662e-01
4210.8300000016 9.9168434155e-01
4210.8400000016 9.9195793438e-01
4210.8500000016 9.8983758706e-01
4210.8600000016 9.8862462021e-01
4210.8700000016 9.9153819924e-01
4210.8800000016 9.9082487410e-01
4210.8900000016 9.9277485616e-01
4210.9000000016 9.9384030873e-01
4210.9100000016 9.9165568593e-01
4210.9200000016 9.9023514247e-01
4210.9300000016 9.9284160221e-01
4210.9400000016 9.9000957923e-01
4210.9500000016 9.9162241560e-01
4210.9600000016 9.9359662378e-01
4210.9700000016 9.9270915334e-01
4210.9800000016 9.8860466416e-01
4210.9900000016 9.9169897486e-01
4211.0000000016 9.9059692491e-01
4211.0100000016 9.9045445127e-01
4211.0200000016 9.9286014820e-01
4211.0300000016 9.9117653605e-01
4211.0400000016 9.9224348161e-01
4211.0500000016 9.9403919403e-01
4211.0600000016 9.8767297863e-01
4211.0700000016 9.9569883379e-01
4211.0800000016 9.9063717576e-01
4211.0900000016 9.9135417223e-01
4211.1000000016 9.9611221774e-01
4211.1100000016 9.9101580612e-01
4211.1200000016 9.9317102874e-01
4211.1300000016 9.9329046188e-01
4211.1400000016 9.9218991452e-01
4211.1500000016 9.9270857695e-01
4211.1600000016 9.9095034328e-01
4211.1700000016 9.9341422770e-01
4211.1800000016 9.9008320770e-01
4211.1900000016 9.9231324143e-01
4211.2000000016 9.9155793940e-01
4211.2100000016 9.9090109682e-01
4211.2200000016 9.9335957207e-01
4211.2300000016 9.9133772700e-01
4211.2400000016 9.9308110978e-01
4211.2500000016 9.8820772561e-01
4211.2600000016 9.8808995834e-01
4211.2700000016 9.9494476846e-01
4211.2800000016 9.9365676857e-01
4211.2900000016 9.9299958657e-01
4211.3000000016 9.9514387766e-01
4211.3100000016 9.9158758009e-01
4211.3200000016 9.9393915122e-01
4211.3300000016 9.9358186826e-01
4211.3400000016 9.9058115852e-01
4211.3500000016 9.9754468858e-01
4211.3600000016 9.9474980721e-01
4211.3700000016 9.9131161866e-01
4211.3800000016 9.9451400165e-01
4211.3900000016 9.9246779740e-01
4211.4000000016 9.9676605401e-01
4211.4100000016 9.9425145854e-01
4211.4200000016 9.9255523123e-01
4211.4300000016 9.9526827819e-01
4211.4400000016 9.9105118535e-01
4211.4500000016 9.9114211370e-01
4211.4600000016 9.9808596095e-01
4211.4700000016 9.9313454004e-01
4211.4800000016 9.9246884156e-01
4211.4900000016 9.9285000763e-01
4211.5000000016 9.9056737852e-01
4211.5100000016 9.9385759908e-01
4211.5200000016 9.9564402356e-01
4211.5300000016 9.9225771687e-01
4211.5400000016 9.9197253493e-01
4211.5500000016 9.9444375141e-01
4211.5600000016 9.9397351748e-01
4211.5700000016 9.9149294915e-01
4211.5800000016 9.9146152054e-01
4211.5900000016 9.9161937998e-01
4211.6000000016 9.9564746147e-01
4211.6100000016 9.9072637502e-01
4211.6200000016 9.9317122941e-01
4211.6300000016 9.9578347332e-01
4211.6400000016 9.9379613751e-01
4211.6500000016 9.9272185879e-01
4211.6600000016 9.9646883538e-01
4211.6700000016 9.9713972117e-01
4211.6800000016 9.9164980598e-01
4211.6900000016 9.9179831330e-01
4211.7000000016 9.9034656179e-01
4211.7100000016 9.9619447077e-01
4211.7200000016 9.9194121454e-01
4211.7300000016 9.9813429671e-01
4211.7400000016 9.9124413581e-01
4211.7500000016 9.9242979263e-01
4211.7600000016 9.9438999644e-01
4211.7700000016 9.9288547359e-01
4211.7800000016 9.9620829053e-01
4211.7900000016 9.9501285147e-01
4211.8000000016 9.9612438138e-01
4211.8100000016 9.9401078873e-01
4211.8200000016 9.9594431997e-01
4211.8300000016 9.9340088079e-01
4211.8400000016 9.9836325754e-01
4211.8500000016 9.9004648375e-01
4211.8600000016 9.9466103461e-01
4211.8700000016 9.9522666801e-01
4211.8800000016 9.9368181091e-01
4211.8900000016 9.9443898266e-01
4211.9000000016 9.9579556446e-01
4211.9100000016 9.9546143557e-01
4211.9200000016 9.9198433275e-01
4211.9300000016 9.9300364043e-01
4211.9400000016 9.9363721752e-01
4211.9500000016 9.9894323336e-01
4211.9600000016 9.9803653115e-01
4211.9700000016 9.9266738735e-01
4211.9800000016 9.9677106300e-01
4211.9900000016 9.9567547122e-01
4212.0000000016 9.9406651994e-01
4212.0100000016 9.9383502622e-01
4212.0200000016 9.9460205092e-01
4212.0300000016 9.9394497900e-01
4212.0400000016 9.9466342848e-01
4212.0500000016 9.9499077428e-01
4212.0600000016 9.9718928945e-01
4212.0700000016 9.9490079641e-01
4212.0800000016 9.9322555267e-01
4212.0900000016 9.9349179293e-01
4212.1000000016 9.9411465533e-01
4212.1100000016 9.9480318657e-01
4212.1200000016 9.9387432787e-01
4212.1300000016 9.9429937012e-01
4212.1400000016 9.9352183359e-01
4212.1500000016 9.9470124062e-01
4212.1600000016 9.9664796108e-01
4212.1700000016 9.9351109505e-01
4212.1800000016 9.9729717079e-01
4212.1900000016 1.0013864457e+00
4212.2000000016 9.9319179845e-01
4212.2100000016 9.9700228713e-01
4212.2200000016 9.9554772627e-01
4212.2300000016 9.9873156878e-01
4212.2400000016 9.9690093229e-01
4212.2500000016 9.9302931768e-01
4212.2600000016 9.9098103714e-01
4212.2700000016 9.9361166093e-01
4212.2800000016 9.9405844333e-01
4212.2900000016 9.9490253944e-01
4212.3000000016 9.9491893637e-01
4212.3100000016 9.9585758164e-01
4212.3200000016 9.9037624348e-01
4212.3300000016 9.9615014854e-01
4212.3400000016 9.9731473959e-01
4212.3500000016 9.9020650857e-01
4212.3600000016 9.9304701527e-01
4212.3700000016 9.9582564720e-01
4212.3800000016 9.9464066921e-01
4212.3900000016 9.9661804534e-01
4212.4000000016 9.9802136535e-01
4212.4100000016 9.9926938422e-01
4212.4200000016 9.9384881427e-01
4212.4300000016 9.9448135480e-01
4212.4400000016 9.9807607430e-01
4212.4500000016 9.9551677856e-01
4212.4600000016 9.9540558203e-01
4212.4700000016 9.9386593166e-01
4212.4800000016 9.9542021706e-01
4212.4900000016 9.9495240784e-01
4212.5000000016 9.9624244335e-01
4212.5100000016 9.9560706296e-01
4212.5200000016 9.9497817391e-01
4212.5300000016 9.9376759365e-01
4212.5400000016 9.9720708766e-01
4212.5500000016 9.9168848154e-01
4212.5600000016 9.9364736052e-01
4212.5700000016 9.9088597270e-01
4212.5800000016 9.9544903962e-01
4212.5900000016 9.9695485600e-01
4212.6000000016 9.9442430222e-01
4212.6100000016 9.9858383115e-01
4212.6200000016 1.0002945712e+00
4212.6300000016 9.9681264779e-01
4212.6400000016 9.9114999041e-01
4212.6500000016 9.9481846639e-01
4212.6600000016 9.9571506096e-01
4212.6700000016 9.9217369749e-01
4212.6800000016 9.9756940143e-01
4212.6900000016 9.9537024979e-01
4212.7000000016 9.9265077074e-01
4212.7100000016 9.9438094946e-01
4212.7200000016 9.9480062687e-01
4212.7300000016 9.9527502313e-01
4212.7400000016 9.9555972667e-01
4212.7500000016 9.9522598257e-01
4212.7600000016 9.9519604197e-01
4212.7700000016 9.9509423128e-01
4212.7800000016 9.9883415385e-01
4212.7900000016 9.9853051862e-01
4212.8000000016 1.0012932688e+00
4212.8100000016 9.9876176180e-01
4212.8200000016 9.9781092374e-01
4212.8300000016 1.0001694424e+00
4212.8400000016 9.9466130071e-01
4212.8500000016 1.0002349098e+00
4212.8600000016 9.9515382254e-01
4212.8700000016 9.9804806538e-01
4212.8800000016 9.9581061827e-01
4212.8900000016 9.9499862268e-01
4212.9000000016 9.9994261292e-01
4212.9100000016 9.9676057023e-01
4212.9200000016 9.9854046298e-01
4212.9300000016 1.0001108459e+00
4212.9400000016 9.9551524468e-01
4212.9500000016 9.9832026879e-01
4212.9600000016 9.9335649379e-01
4212.9700000016 9.9936876632e-01
4212.9800000016 9.9511880045e-01
4212.9900000016 9.9650797684e-01
4213.0000000016 9.9598771221e-01
4213.0100000016 9.9664565125e-01
4213.0200000016 9.9228562258e-01
4213.0300000016 9.9696289165e-01
4213.0400000016 9.9370115199e-01
4213.0500000016 9.9573301226e-01
4213.0600000016 9.9771680950e-01
4213.0700000016 9.9733678944e-01
4213.0800000016 9.9829004318e-01
4213.0900000016 9.9551119059e-01
4213.1000000016 9.9913730066e-01
4213.1100000016 9.9885028473e-01
4213.1200000016 9.9346492755e-01
4213.1300000016 9.9412529100e-01
4213.1400000016 9.9802682743e-01
4213.1500000016 9.9941285050e-01
4213.1600000016 9.9388303567e-01
4213.1700000016 9.9720577500e-01
4213.1800000016 9.9785265174e-01
4213.1900000016 9.9734765730e-01
4213.2000000016 9.9366804502e-01
4213.2100000016 9.9487562041e-01
4213.2200000016 9.9543961792e-01
4213.2300000016 9.9936372049e-01
4213.2400000016 9.9741273438e-01
4213.2500000016 9.9531732200e-01
4213.2600000016 9.9530736347e-01
4213.2700000016 9.9903949609e-01
4213.2800000016 9.9596158464e-01
4213.2900000016 9.9381683130e-01
4213.3000000016 9.9612347428e-01
4213.3100000016 9.9163239661e-01
4213.3200000016 9.9159563763e-01
4213.3300000016 9.9517787489e-01
4213.3400000016 9.9605359141e-01
4213.3500000016 9.9819388697e-01
4213.3600000016 9.9453061129e-01
4213.3700000016 9.9876233048e-01
4213.3800000016 9.9650600624e-01
4213.3900000016 9.9798581963e-01
4213.4000000016 9.9488581210e-01
4213.4100000016 9.9688041019e-01
4213.4200000016 9.9536908656e-01
4213.4300000016 9.9557845801e-01
4213.4400000016 9.9659620309e-01
4213.4500000016 9.9812258073e-01
4213.4600000016 9.9771777646e-01
4213.4700000016 9.9392655742e-01
4213.4800000016 9.9622854467e-01
4213.4900000016 9.9756844938e-01
4213.5000000016 1.0003737437e+00
4213.5100000016 9.9552925398e-01
4213.5200000016 9.9184806105e-01
4213.5300000016 9.9663947702e-01
4213.5400000016 9.9652058278e-01
4213.5500000016 9.9550764969e-01
4213.5600000016 9.9257414687e-01
4213.5700000016 9.9613591196e-01
4213.5800000016 9.9946030173e-01
4213.5900000016 9.9827468327e-01
4213.6000000016 9.9877854648e-01
4213.6100000016 9.9388134358e-01
4213.6200000016 9.9759054145e-01
4213.6300000016 9.9613532254e-01
4213.6400000016 9.9542628942e-01
4213.6500000016 9.9380839371e-01
4213.6600000016 9.9640035732e-01
4213.6700000016 9.9561755602e-01
4213.6800000016 9.9824982239e-01
4213.6900000016 9.9879200969e-01
4213.7000000016 9.9281423745e-01
4213.7100000016 9.9432166752e-01
4213.7200000016 9.9916614482e-01
4213.7300000016 9.9912062512e-01
4213.7400000016 9.9555664984e-01
4213.7500000016 1.0000252136e+00
4213.7600000016 9.9640913440e-01
4213.7700000016 9.9537674669e-01
4213.7800000016 9.9626928506e-01
4213.7900000016 1.0005574010e+00
4213.8000000016 9.9748191857e-01
4213.8100000016 9.9875689840e-01
4213.8200000016 9.9859611031e-01
4213.8300000016 1.0000854996e+00
4213.8400000016 9.9381952730e-01
4213.8500000016 9.9768982267e-01
4213.8600000016 9.9611530769e-01
4213.8700000016 9.9545018863e-01
4213.8800000016 9.9593488096e-01
4213.8900000016 9.9754783759e-01
4213.9000000016 9.9600835359e-01
4213.9100000016 9.9766939691e-01
4213.9200000016 9.9767605875e-01
4213.9300000016 9.9325059759e-01
4213.9400000016 9.9534734570e-01
4213.9500000016 9.9885749414e-01
4213.9600000016 9.9417724092e-01
4213.9700000016 9.9448013916e-01
4213.9800000016 9.9953311669e-01
4213.9900000016 9.9652107188e-01
4214.0000000016 9.9767884471e-01
4214.0100000016 9.9560420555e-01
4214.0200000016 9.9852385927e-01
4214.0300000016 9.9656019925e-01
4214.0400000016 9.9527683167e-01
4214.0500000016 9.9461767996e-01
4214.0600000016 9.9655634214e-01
4214.0700000016 9.9511318833e-01
4214.0800000016 9.9982765381e-01
4214.0900000016 9.9681332422e-01
4214.1000000017 9.9718662934e-01
4214.1100000017 9.9819001137e-01
4214.1200000017 9.9777276768e-01
4214.1300000017 9.9860741226e-01
4214.1400000017 9.9989898095e-01
4214.1500000017 9.9811942703e-01
4214.1600000017 9.9457913186e-01
4214.1700000017 9.9720270367e-01
4214.1800000017 9.9684870430e-01
4214.1900000017 9.9979459384e-01
4214.2000000017 1.0003700586e+00
4214.2100000017 9.9487098258e-01
4214.2200000017 9.9406776915e-01
4214.2300000017 9.9582174468e-01
4214.2400000017 9.9817158930e-01
4214.2500000017 9.9500248101e-01
4214.2600000017 9.9713577981e-01
4214.2700000017 9.9601319784e-01
4214.2800000017 9.9806102627e-01
4214.2900000017 9.9561978512e-01
4214.3000000017 9.9510578452e-01
4214.3100000017 9.9790719951e-01
4214.3200000017 9.9669332048e-01
4214.3300000017 9.9710365583e-01
4214.3400000017 9.9893089960e-01
4214.3500000017 9.9643573574e-01
4214.3600000017 9.9641597940e-01
4214.3700000017 9.9840533187e-01
4214.3800000017 9.9945851930e-01
4214.3900000017 9.9872503404e-01
4214.4000000017 9.9496102531e-01
4214.4100000017 9.9481711429e-01
4214.4200000017 9.9678080688e-01
4214.4300000017 9.9818252242e-01
4214.4400000017 9.9689256271e-01
4214.4500000017 9.9959363882e-01
4214.4600000017 9.9675157542e-01
4214.4700000017 9.9360994631e-01
4214.4800000017 9.9734051883e-01
4214.4900000017 9.9636003012e-01
4214.5000000017 9.9634403813e-01
4214.5100000017 9.9604753122e-01
4214.5200000017 9.9914282295e-01
4214.5300000017 9.9558715016e-01
4214.5400000017 9.9580683659e-01
4214.5500000017 9.9717867206e-01
4214.5600000017 9.9692050438e-01
4214.5700000017 9.9725802149e-01
4214.5800000017 1.0002495725e+00
4214.5900000017 9.9602228116e-01
4214.6000000017 9.9559458598e-01
4214.6100000017 9.9700434810e-01
4214.6200000017 9.9961496657e-01
4214.6300000017 1.0005071259e+00
4214.6400000017 9.9984184661e-01
4214.6500000017 9.9930171187e-01
4214.6600000017 9.9943380395e-01
4214.6700000017 9.9577470322e-01
4214.6800000017 1.0021676226e+00
4214.6900000017 9.9878505986e-01
4214.7000000017 9.9773453374e-01
4214.7100000017 9.9779504424e-01
4214.7200000017 9.9674643142e-01
4214.7300000017 9.9630045409e-01
4214.7400000017 9.9839042763e-01
4214.7500000017 9.9464775157e-01
4214.7600000017 9.9627770801e-01
4214.7700000017 9.9749550757e-01
4214.7800000017 9.9679362348e-01
4214.7900000017 9.9959808578e-01
4214.8000000017 9.9925883413e-01
4214.8100000017 9.9687697695e-01
4214.8200000017 9.9915736868e-01
4214.8300000017 9.9554201774e-01
4214.8400000017 1.0001820262e+00
4214.8500000017 9.9667133382e-01
4214.8600000017 9.9980520931e-01
4214.8700000017 9.9749359692e-01
4214.8800000017 1.0028739176e+00
4214.8900000017 9.9682068802e-01
4214.9000000017 9.9567842446e-01
4214.9100000017 9.9617052447e-01
4214.9200000017 9.9873711702e-01
4214.9300000017 1.0004954982e+00
4214.9400000017 9.9728043024e-01
4214.9500000017 9.9576181132e-01
4214.9600000017 9.9447727844e-01
4214.9700000017 9.9886229578e-01
4214.9800000017 9.9797021381e-01
4214.9900000017 9.9941274750e-01
4215.0000000017 9.9744796734e-01
4215.0100000017 9.9920910655e-01
4215.0200000017 9.9333713111e-01
4215.0300000017 9.9737301834e-01
4215.0400000017 1.0003694871e+00
4215.0500000017 9.9994696333e-01
4215.0600000017 9.9788220836e-01
4215.0700000017 9.9660962763e-01
4215.0800000017 9.9866695877e-01
4215.0900000017 9.9933977979e-01
4215.1000000017 9.9783915963e-01
4215.1100000017 9.9792566672e-01
4215.1200000017 9.9674125224e-01
4215.1300000017 1.0003093719e+00
4215.1400000017 9.9800603132e-01
4215.1500000017 9.9915993813e-01
4215.1600000017 9.9775313134e-01
4215.1700000017 9.9732441445e-01
4215.1800000017 9.9885534926e-01
4215.1900000017 9.9550314319e-01
4215.2000000017 9.9473264642e-01
4215.2100000017 1.0002072710e+00
4215.2200000017 9.9530136920e-01
4215.2300000017 9.9669519861e-01
4215.2400000017 9.9512571655e-01
4215.2500000017 9.9482411697e-01
4215.2600000017 9.9481748969e-01
4215.2700000017 9.9621798438e-01
4215.2800000017 9.9744021670e-01
4215.2900000017 9.9676653429e-01
4215.3000000017 9.9911403229e-01
4215.3100000017 9.9568924983e-01
4215.3200000017 9.9953365706e-01
4215.3300000017 9.9763583851e-01
4215.3400000017 9.9754820486e-01
4215.3500000017 1.0017085069e+00
4215.3600000017 1.0001502453e+00
4215.3700000017 9.9752314100e-01
4215.3800000017 9.9698354669e-01
4215.3900000017 9.9673824840e-01
4215.4000000017 9.9563010638e-01
4215.4100000017 9.9628498827e-01
4215.4200000017 9.9500662371e-01
4215.4300000017 9.9577667561e-01
4215.4400000017 1.0008952540e+00
4215.4500000017 9.9906247463e-01
4215.4600000017 9.9582936527e-01
4215.4700000017 1.0010042425e+00
4215.4800000017 9.9702869761e-01
4215.4900000017 1.0002995859e+00
4215.5000000017 1.0019587857e+00
4215.5100000017 1.0029817551e+00
4215.5200000017 9.9778017827e-01
4215.5300000017 1.0032152043e+00
4215.5400000017 9.9666674796e-01
4215.5500000017 1.0006455958e+00
4215.5600000017 1.0006315033e+00
4215.5700000017 9.9379257891e-01
4215.5800000017 9.9762321987e-01
4215.5900000017 9.9316945929e-01
4215.6000000017 9.9921168337e-01
4215.6100000017 9.9738689437e-01
4215.6200000017 9.9806433879e-01
4215.6300000017 9.9558599458e-01
4215.6400000017 9.9970760493e-01
4215.6500000017 1.0008074424e+00
4215.6600000017 1.0008967666e+00
4215.6700000017 9.9898942156e-01
4215.6800000017 9.9745264024e-01
4215.6900000017 9.9810260814e-01
4215.7000000017 1.0002729956e+00
4215.7100000017 9.9918743353e-01
4215.7200000017 9.9885458100e-01
4215.7300000017 1.0007974594e+00
4215.7400000017 9.9791502785e-01
4215.7500000017 9.9874713926e-01
4215.7600000017 9.9831363766e-01
4215.7700000017 9.9977437537e-01
4215.7800000017 9.9468321342e-01
4215.7900000017 9.9979054271e-01
4215.8000000017 9.9927472056e-01
4215.8100000017 1.0012205539e+00
4215.8200000017 9.9878788219e-01
4215.8300000017 9.9930440181e-01
4215.8400000017 9.9808319124e-01
4215.8500000017 9.9786195138e-01
4215.8600000017 1.0012972051e+00
4215.8700000017 9.9994803217e-01
4215.8800000017 9.9948912175e-01
4215.8900000017 9.9548995488e-01
4215.9000000017 9.9832850149e-01
4215.9100000017 9.9940889037e-01
4215.9200000017 9.9982929123e-01
4215.9300000017 9.9858268576e-01
4215.9400000017 9.9700095049e-01
4215.9500000017 9.9632094042e-01
4215.9600000017 9.9571996068e-01
4215.9700000017 9.9668987927e-01
4215.9800000017 9.9269859389e-01
4215.9900000017 9.9549886215e-01
4216.0000000017 1.0001925593e+00
4216.0100000017 9.9867883378e-01
4216.0200000017 9.9716366047e-01
4216.0300000017 1.0015073957e+00
4216.0400000017 1.0016779368e+00
4216.0500000017 9.9810115944e-01
4216.0600000017 9.9774465556e-01
4216.0700000017 9.9845852148e-01
4216.0800000017 9.9831576092e-01
4216.0900000017 9.9443868251e-01
4216.1000000017 9.9861104657e-01
4216.1100000017 9.9519435603e-01
4216.1200000017 9.9621696757e-01
4216.1300000017 9.9956608177e-01
4216.1400000017 1.0006967872e+00
4216.1500000017 9.9469411702e-01
4216.1600000017 1.0009417200e+00
4216.1700000017 9.9778985534e-01
4216.1800000017 9.9968568274e-01
4216.1900000017 9.9715288304e-01
4216.2000000017 9.9668509946e-01
4216.2100000017 1.0017334164e+00
4216.2200000017 9.9978284928e-01
4216.2300000017 9.9656854798e-01
4216.2400000017 9.9965915471e-01
4216.2500000017 9.9775672799e-01
4216.2600000017 1.0008270686e+00
4216.2700000017 9.9603302612e-01
4216.2800000017 9.9744055157e-01
4216.2900000017 9.9757523625e-01
4216.3000000017 9.9661091402e-01
4216.3100000017 1.0014270945e+00
4216.3200000017 9.9622037235e-01
4216.3300000017 9.9647880451e-01
4216.3400000017 1.0028377024e+00
4216.3500000017 9.9538330836e-01
4216.3600000017 9.9745203469e-01
4216.3700000017 9.9791562449e-01
4216.3800000017 9.9932556339e-01
4216.3900000017 9.9580612919e-01
4216.4000000017 9.9590041466e-01
4216.4100000017 1.0003726466e+00
4216.4200000017 9.9842053336e-01
4216.4300000017 9.9851743728e-01
4216.4400000017 9.9566327581e-01
4216.4500000017 9.9635046785e-01
4216.4600000017 9.9485084045e-01
4216.4700000017 9.9693752881e-01
4216.4800000017 9.9930968749e-01
4216.4900000017 9.9954897148e-01
4216.5000000017 9.9641557088e-01
4216.5100000017 9.9743266123e-01
4216.5200000017 9.9957788878e-01
4216.5300000017 1.0012878683e+00
4216.5400000017 9.9975090998e-01
4216.5500000017 9.9791272390e-01
4216.5600000017 9.9800833095e-01
4216.5700000017 1.0001305333e+00
4216.5800000017 9.9978422892e-01
4216.5900000017 9.9949790853e-01
4216.6000000017 9.9851687998e-01
4216.6100000017 9.9903892187e-01
4216.6200000017 9.9513878704e-01
4216.6300000017 1.0008813623e+00
4216.6400000017 1.0012946707e+00
4216.6500000017 1.0025039080e+00
4216.6600000017 1.0019206849e+00
4216.6700000017 9.9671306048e-01
4216.6800000017 1.0000349485e+00
4216.6900000017 9.9887022583e-01
4216.7000000017 9.9673310027e-01
4216.7100000017 9.9951145398e-01
4216.7200000017 9.9723306169e-01
4216.7300000017 9.9732652495e-01
4216.7400000017 9.9838098753e-01
4216.7500000017 9.9947516550e-01
4216.7600000017 9.9769888288e-01
4216.7700000017 9.9781790372e-01
4216.7800000017 9.9851673914e-01
4216.7900000017 9.9710556343e-01
4216.8000000017 9.9770058461e-01
4216.8100000017 9.9718272934e-01
4216.8200000017 1.0000795070e+00
4216.8300000017 1.0008422465e+00
4216.8400000017 1.0015464174e+00
4216.8500000017 9.9894048089e-01
4216.8600000017 9.9980260761e-01
4216.8700000017 9.9452617335e-01
4216.8800000017 9.9886861844e-01
4216.8900000017 1.0000275872e+00
4216.9000000017 9.9776186097e-01
4216.9100000017 1.0004161276e+00
4216.9200000017 9.9865166001e-01
4216.9300000017 9.9907011168e-01
4216.9400000017 9.9886420860e-01
4216.9500000017 1.0004797171e+00
4216.9600000017 9.9938774620e-01
4216.9700000017 9.9864250895e-01
4216.9800000017 9.9996858278e-01
4216.9900000017 9.9920276207e-01
4217.0000000017 9.9759453998e-01
4217.0100000017 9.9892526636e-01
4217.0200000017 9.9565358889e-01
4217.0300000017 9.9668353330e-01
4217.0400000017 9.9973572733e-01
4217.0500000017 9.9694138663e-01
4217.0600000017 9.9814015944e-01
4217.0700000017 1.0001696012e+00
4217.0800000017 1.0002157190e+00
4217.0900000017 9.9574577386e-01
4217.1000000017 9.9894104153e-01
4217.1100000017 1.0003520565e+00
4217.1200000017 1.0017478051e+00
4217.1300000017 9.9918189317e-01
4217.1400000017 9.9674078581e-01
4217.1500000017 9.9544604240e-01
4217.1600000017 9.9585214577e-01
4217.1700000017 1.0003063584e+00
4217.1800000017 1.0002860801e+00
4217.1900000017 1.0021454577e+00
4217.2000000017 1.0005362590e+00
4217.2100000017 9.9951660853e-01
4217.2200000017 9.9890038313e-01
4217.2300000017 9.9809500887e-01
4217.2400000017 9.9622017652e-01
4217.2500000017 1.0000566449e+00
4217.2600000017 9.9894733968e-01
4217.2700000017 9.9752815356e-01
4217.2800000017 9.9840911578e-01
4217.2900000017 9.9779087225e-01
4217.3000000017 9.9596089686e-01
4217.3100000017 9.9872630666e-01
4217.3200000017 9.9881119048e-01
4217.3300000017 9.9825588634e-01
4217.3400000017 9.9679116886e-01
4217.3500000017 9.9740622726e-01
4217.3600000017 9.9657545773e-01
4217.3700000017 9.9859382500e-01
4217.3800000017 1.0010706054e+00
4217.3900000017 9.9821483602e-01
4217.4000000017 1.0002830764e+00
4217.4100000017 1.0002938915e+00
4217.4200000017 9.9741659346e-01
4217.4300000017 1.0005557646e+00
4217.4400000017 9.9568629975e-01
4217.4500000017 1.0042700794e+00
4217.4600000017 9.9551506531e-01
4217.4700000017 9.9840593833e-01
4217.4800000017 1.0003909129e+00
4217.4900000017 9.9908737679e-01
4217.5000000017 1.0011810509e+00
4217.5100000017 9.9713444573e-01
4217.5200000017 9.9899107735e-01
4217.5300000017 9.9983265452e-01
4217.5400000017 9.9697058639e-01
4217.5500000017 9.9421926017e-01
4217.5600000017 1.0020472731e+00
4217.5700000017 9.9838256912e-01
4217.5800000017 9.9595959297e-01
4217.5900000017 9.9721098111e-01
4217.6000000017 9.9996533045e-01
4217.6100000017 1.0002154400e+00
4217.6200000017 9.9742987779e-01
4217.6300000017 9.9826140744e-01
4217.6400000017 9.9764332449e-01
4217.6500000017 9.9867728027e-01
4217.6600000017 9.9875527531e-01
4217.6700000017 9.9872218060e-01
4217.6800000017 9.9867405391e-01
4217.6900000017 9.9748288401e-01
4217.7000000017 9.9880612653e-01
4217.7100000017 1.0002101463e+00
4217.7200000017 1.0012820132e+00
4217.7300000017 9.9540646972e-01
4217.7400000017 9.9963807462e-01
4217.7500000017 1.0005539345e+00
4217.7600000017 9.9469280550e-01
4217.7700000017 1.0015978809e+00
4217.7800000017 9.9439990161e-01
4217.7900000017 1.0021521735e+00
4217.8000000017 9.9975135498e-01
4217.8100000017 9.9800068688e-01
4217.8200000017 9.9622526669e-01
4217.8300000017 9.9800246297e-01
4217.8400000017 9.9929084735e-01
4217.8500000017 9.9983619717e-01
4217.8600000017 9.9861435157e-01
4217.8700000017 9.9423171660e-01
4217.8800000017 1.0008695123e+00
4217.8900000017 9.9893672994e-01
4217.9000000017 9.9744158376e-01
4217.9100000017 9.9903394904e-01
4217.9200000017 1.0013579330e+00
4217.9300000017 9.9967253291e-01
4217.9400000017 9.9953438001e-01
4217.9500000017 9.9708761699e-01
4217.9600000017 9.9967771072e-01
4217.9700000017 1.0011868444e+00
4217.9800000017 9.9883966846e-01
4217.9900000017 9.9904640172e-01
4218.0000000017 9.9808349145e-01
4218.0100000017 9.9864691155e-01
4218.0200000017 9.9523748977e-01
4218.0300000017 9.9734687897e-01
4218.0400000017 9.9845021156e-01
4218.0500000017 1.0019852848e+00
4218.0600000017 9.9551427232e-01
4218.0700000017 9.9882599953e-01
4218.0800000017 1.0015491889e+00
4218.0900000017 1.0020967971e+00
4218.1000000017 1.0025216557e+00
4218.1100000017 1.0000230596e+00
4218.1200000017 9.9829159006e-01
4218.1300000017 9.9680256164e-01
4218.1400000017 1.0011658201e+00
4218.1500000017 1.0001054845e+00
4218.1600000017 1.0011772535e+00
4218.1700000017 1.0001672343e+00
4218.1800000017 1.0010537025e+00
4218.1900000017 1.0013564259e+00
4218.2000000017 1.0001642483e+00
4218.2100000017 9.9854461546e-01
4218.2200000017 9.9643662295e-01
4218.2300000017 9.9561468970e-01
4218.2400000017 9.9859483169e-01
4218.2500000017 9.9891134155e-01
4218.2600000017 9.9979237266e-01
4218.2700000017 9.9542277750e-01
4218.2800000017 9.9676832227e-01
4218.2900000017 9.9653333933e-01
4218.3000000017 9.9937569567e-01
4218.3100000017 1.0005340723e+00
4218.3200000017 9.9965007827e-01
4218.3300000017 9.9719042275e-01
4218.3400000017 9.9909753722e-01
4218.3500000017 1.0014689211e+00
4218.3600000017 9.9777208874e-01
4218.3700000017 9.9996140221e-01
4218.3800000017 9.9673355944e-01
4218.3900000017 9.9658427341e-01
4218.4000000017 9.9978174148e-01
4218.4100000017 9.9953237142e-01
4218.4200000017 9.9794028435e-01
4218.4300000017 9.9976892923e-01
4218.4400000017 9.9525422250e-01
4218.4500000017 1.0013630813e+00
4218.4600000017 9.9963769894e-01
4218.4700000017 9.9859031158e-01
4218.4800000017 1.0007112764e+00
4218.4900000017 9.9974882508e-01
4218.5000000017 1.0049790059e+00
4218.5100000017 1.0021843676e+00
4218.5200000017 9.9768756491e-01
4218.5300000017 9.9889147363e-01
4218.5400000017 9.9905878729e-01
4218.5500000017 9.9927727313e-01
4218.5600000017 1.0027340567e+00
4218.5700000017 1.0012425233e+00
4218.5800000017 1.0012069790e+00
4218.5900000017 9.9896349111e-01
4218.6000000017 9.9925526157e-01
4218.6100000017 9.9752833600e-01
4218.6200000017 9.9907851230e-01
4218.6300000017 9.9997865641e-01
4218.6400000017 9.9839194292e-01
4218.6500000017 1.0000735637e+00
4218.6600000017 9.9854240202e-01
4218.6700000017 1.0007676590e+00
4218.6800000018 9.9720510474e-01
4218.6900000018 1.0002277641e+00
4218.7000000018 9.9756152910e-01
4218.7100000018 9.9956815344e-01
4218.7200000018 9.9865538489e-01
4218.7300000018 9.9684717184e-01
4218.7400000018 9.9901522704e-01
4218.7500000018 9.9945558749e-01
4218.7600000018 9.9981329826e-01
4218.7700000018 1.0013464080e+00
4218.7800000018 9.9645037783e-01
4218.7900000018 1.0020694291e+00
4218.8000000018 9.9994419168e-01
4218.8100000018 9.9852074060e-01
4218.8200000018 9.9805631743e-01
4218.8300000018 9.9762739910e-01
4218.8400000018 9.9692614891e-01
4218.8500000018 1.0017717901e+00
4218.8600000018 9.9731906790e-01
4218.8700000018 9.9755212099e-01
4218.8800000018 1.0010136119e+00
4218.8900000018 1.0012700096e+00
4218.9000000018 9.9900380955e-01
4218.9100000018 9.9877502086e-01
4218.9200000018 9.9895488291e-01
4218.9300000018 9.9790736120e-01
4218.9400000018 9.9902836612e-01
4218.9500000018 1.0007135225e+00
4218.9600000018 9.9912098017e-01
4218.9700000018 1.0002709184e+00
4218.9800000018 1.0035413844e+00
4218.9900000018 9.9684262217e-01
4219.0000000018 9.9845652482e-01
4219.0100000018 9.9917328284e-01
4219.0200000018 9.9838632060e-01
4219.0300000018 9.9702429287e-01
4219.0400000018 1.0000046218e+00
4219.0500000018 9.9988940405e-01
4219.0600000018 9.9427176802e-01
4219.0700000018 9.9818760393e-01
4219.0800000018 9.9870901256e-01
4219.0900000018 9.9661352298e-01
4219.1000000018 1.0001387622e+00
4219.1100000018 9.9653355640e-01
4219.1200000018 1.0005515743e+00
4219.1300000018 1.0013212208e+00
4219.1400000018 9.9940135673e-01
4219.1500000018 1.0013763299e+00
4219.1600000018 1.0005972867e+00
4219.1700000018 9.9800365899e-01
4219.1800000018 9.9827756018e-01
4219.1900000018 9.9917087129e-01
4219.2000000018 1.0027898216e+00
4219.2100000018 1.0005485827e+00
4219.2200000018 1.0028299816e+00
4219.2300000018 1.0015374040e+00
4219.2400000018 1.0015858492e+00
4219.2500000018 1.0005170487e+00
4219.2600000018 1.0008761112e+00
4219.2700000018 9.9873188456e-01
4219.2800000018 9.9474585388e-01
4219.2900000018 9.9859849297e-01
4219.3000000018 9.9962402763e-01
4219.3100000018 1.0001520603e+00
4219.3200000018 9.9890903727e-01
4219.3300000018 9.9975671561e-01
4219.3400000018 9.9840995841e-01
4219.3500000018 1.0011283038e+00
4219.3600000018 9.9832080857e-01
4219.3700000018 9.9869255953e-01
4219.3800000018 9.9615048348e-01
4219.3900000018 9.9911054981e-01
4219.4000000018 9.9990121482e-01
4219.4100000018 9.9869709236e-01
4219.4200000018 1.0020547096e+00
4219.4300000018 9.9449098882e-01
4219.4400000018 9.9611789774e-01
4219.4500000018 9.9945964909e-01
4219.4600000018 1.0007920089e+00
4219.4700000018 1.0006806375e+00
4219.4800000018 9.9761469226e-01
4219.4900000018 9.9555069522e-01
4219.5000000018 9.9956952314e-01
4219.5100000018 9.9526138823e-01
4219.5200000018 9.9876424726e-01
4219.5300000018 9.9828681565e-01
4219.5400000018 1.0009437189e+00
4219.5500000018 9.9957776036e-01
4219.5600000018 9.9905676153e-01
4219.5700000018 9.9977674185e-01
4219.5800000018 9.9950058248e-01
4219.5900000018 9.9673205857e-01
4219.6000000018 1.0010746573e+00
4219.6100000018 9.9970725820e-01
4219.6200000018 1.0014009807e+00
4219.6300000018 1.0008037295e+00
4219.6400000018 9.9661899344e-01
4219.6500000018 9.9822647784e-01
4219.6600000018 9.9974336189e-01
4219.6700000018 9.9924142415e-01
4219.6800000018 9.9858903149e-01
4219.6900000018 9.9801056023e-01
4219.7000000018 9.9600053050e-01
4219.7100000018 9.9967972173e-01
4219.7200000018 9.9927184996e-01
4219.7300000018 1.0001693884e+00
4219.7400000018 9.9926216368e-01
4219.7500000018 1.0005330123e+00
4219.7600000018 9.9921958368e-01
4219.7700000018 1.0008035652e+00
4219.7800000018 9.9914919683e-01
4219.7900000018 9.9598378480e-01
4219.8000000018 9.9771515532e-01
4219.8100000018 9.9438147692e-01
4219.8200000018 1.0020049526e+00
4219.8300000018 1.0004345810e+00
4219.8400000018 9.9832362110e-01
4219.8500000018 9.9742556728e-01
4219.8600000018 9.9671923182e-01
4219.8700000018 1.0006793414e+00
4219.8800000018 9.9907275159e-01
4219.8900000018 9.9984550677e-01
4219.9000000018 1.0007505636e+00
4219.9100000018 1.0041386055e+00
4219.9200000018 1.0030144813e+00
4219.9300000018 9.9615975428e-01
4219.9400000018 1.0034228158e+00
4219.9500000018 9.9637730673e-01
4219.9600000018 1.0029625061e+00
4219.9700000018 1.0012514680e+00
4219.9800000018 9.9553251136e-01
4219.9900000018 1.0019105803e+00
4220.0000000018 1.0010396543e+00
4220.0100000018 1.0014162720e+00
4220.0200000018 9.9873456692e-01
4220.0300000018 9.9952938286e-01
4220.0400000018 9.9817413379e-01
4220.0500000018 9.9566887256e-01
4220.0600000018 9.9806521160e-01
4220.0700000018 1.0032855436e+00
4220.0800000018 9.9900151231e-01
4220.0900000018 9.9793298677e-01
4220.1000000018 9.9693456750e-01
4220.1100000018 9.9631662569e-01
4220.1200000018 9.9976572637e-01
4220.1300000018 9.9828081473e-01
4220.1400000018 1.0018912562e+00
4220.1500000018 1.0008428551e+00
4220.1600000018 9.9972302163e-01
4220.1700000018 9.9926562996e-01
4220.1800000018 9.9719832440e-01
4220.1900000018 9.9778888597e-01
4220.2000000018 9.9850821022e-01
4220.2100000018 9.9861197953e-01
4220.2200000018 1.0031398158e+00
4220.2300000018 9.9864399178e-01
4220.2400000018 9.9774304219e-01
4220.2500000018 1.0004906227e+00
4220.2600000018 9.9829353777e-01
4220.2700000018 9.9869819981e-01
4220.2800000018 9.9898498213e-01
4220.2900000018 1.0009526535e+00
4220.3000000018 1.0015153241e+00
4220.3100000018 9.9911940252e-01
4220.3200000018 1.0009062001e+00
4220.3300000018 1.0006148855e+00
4220.3400000018 9.9760496177e-01
4220.3500000018 1.0015542450e+00
4220.3600000018 1.0000207659e+00
4220.3700000018 9.9792706595e-01
4220.3800000018 1.0015228555e+00
4220.3900000018 9.9820039286e-01
4220.4000000018 1.0002582963e+00
4220.4100000018 1.0003616648e+00
4220.4200000018 1.0017451920e+00
4220.4300000018 1.0002079323e+00
4220.4400000018 1.0009588277e+00
4220.4500000018 9.9582545114e-01
4220.4600000018 9.9729083506e-01
4220.4700000018 9.9901209078e-01
4220.4800000018 9.9779186385e-01
4220.4900000018 9.9522680303e-01
4220.5000000018 1.0010884105e+00
4220.5100000018 1.0001652486e+00
4220.5200000018 1.0010583186e+00
4220.5300000018 9.9758879771e-01
4220.5400000018 1.0003815714e+00
4220.5500000018 9.9801304228e-01
4220.5600000018 1.0003982065e+00
4220.5700000018 9.9712665763e-01
4220.5800000018 9.9742249058e-01
4220.5900000018 9.9795515037e-01
4220.6000000018 1.0024287810e+00
4220.6100000018 1.0005364472e+00
4220.6200000018 1.0025799186e+00
4220.6300000018 9.9875985026e-01
4220.6400000018 9.9554121795e-01
4220.6500000018 1.0006425858e+00
4220.6600000018 9.9814615870e-01
4220.6700000018 9.9962309412e-01
4220.6800000018 9.9932750699e-01
4220.6900000018 9.9951392086e-01
4220.7000000018 9.9926398604e-01
4220.7100000018 1.0016178499e+00
4220.7200000018 1.0023664995e+00
4220.7300000018 9.9814954792e-01
4220.7400000018 9.9869071647e-01
4220.7500000018 1.0015422990e+00
4220.7600000018 9.9773093820e-01
4220.7700000018 9.9974792898e-01
4220.7800000018 1.0011658321e+00
4220.7900000018 9.9851730520e-01
4220.8000000018 1.0003278974e+00
4220.8100000018 9.9808885708e-01
4220.8200000018 9.9600750718e-01
4220.8300000018 9.9789294759e-01
4220.8400000018 9.9980566265e-01
4220.8500000018 1.0014548120e+00
4220.8600000018 1.0020465273e+00
4220.8700000018 1.0006136540e+00
4220.8800000018 1.0010034021e+00
4220.8900000018 1.0002765195e+00
4220.9000000018 9.9796161736e-01
4220.9100000018 9.9902132003e-01
4220.9200000018 9.9835682162e-01
4220.9300000018 9.9569629485e-01
4220.9400000018 1.0002718199e+00
4220.9500000018 9.9883028264e-01
4220.9600000018 1.0009736375e+00
4220.9700000018 9.9595482061e-01
4220.9800000018 9.9926832733e-01
4220.9900000018 9.9704084893e-01
4221.0000000018 9.9915116960e-01
4221.0100000018 1.0011033450e+00
4221.0200000018 9.9828062949e-01
4221.0300000018 9.9936414376e-01
4221.0400000018 9.9824779619e-01
4221.0500000018 9.9863696793e-01
4221.0600000018 9.9770602792e-01
4221.0700000018 9.9745128943e-01
4221.0800000018 9.9772683095e-01
4221.0900000018 9.9977233249e-01
4221.1000000018 1.0022061654e+00
4221.1100000018 9.9940632316e-01
4221.1200000018 1.0000214916e+00
4221.1300000018 1.0007350375e+00
4221.1400000018 9.9840376448e-01
4221.1500000018 1.0001690277e+00
4221.1600000018 1.0018539505e+00
4221.1700000018 9.9777300254e-01
4221.1800000018 9.9849314375e-01
4221.1900000018 1.0045198229e+00
4221.2000000018 9.9529003461e-01
4221.2100000018 9.9868504527e-01
4221.2200000018 9.9807936830e-01
4221.2300000018 9.9619755789e-01
4221.2400000018 9.9846519635e-01
4221.2500000018 9.9958369238e-01
4221.2600000018 9.9796421943e-01
4221.2700000018 1.0007288091e+00
4221.2800000018 9.9807640273e-01
4221.2900000018 9.9926355982e-01
4221.3000000018 9.9908562215e-01
4221.3100000018 9.9781074723e-01
4221.3200000018 9.9653521588e-01
4221.3300000018 1.0010189749e+00
4221.3400000018 1.0002343013e+00
4221.3500000018 9.9696947268e-01
4221.3600000018 1.0019772728e+00
4221.3700000018 9.9670325572e-01
4221.3800000018 9.9729737570e-01
4221.3900000018 9.9725996082e-01
4221.4000000018 1.0007752858e+00
4221.4100000018 9.9673596794e-01
4221.4200000018 9.9791181610e-01
4221.4300000018 1.0014118543e+00
4221.4400000018 1.0001282075e+00
4221.4500000018 1.0006397729e+00
4221.4600000018 9.9828393257e-01
4221.4700000018 9.9961157222e-01
4221.4800000018 9.9589520154e-01
4221.4900000018 1.0020095873e+00
4221.5000000018 1.0007368524e+00
4221.5100000018 1.0019436007e+00
4221.5200000018 1.0049776461e+00
4221.5300000018 1.0020969217e+00
4221.5400000018 9.9975123393e-01
4221.5500000018 9.9829201837e-01
4221.5600000018 9.9844935821e-01
4221.5700000018 9.9443060574e-01
4221.5800000018 9.9960687955e-01
4221.5900000018 1.0025854897e+00
4221.6000000018 9.9968069322e-01
4221.6100000018 1.0026296715e+00
4221.6200000018 9.9822440342e-01
4221.6300000018 9.9973408771e-01
4221.6400000018 1.0008354726e+00
4221.6500000018 9.9944338058e-01
4221.6600000018 9.9609586645e-01
4221.6700000018 9.9649796898e-01
4221.6800000018 9.9985454887e-01
4221.6900000018 1.0007556857e+00
4221.7000000018 1.0012058674e+00
4221.7100000018 9.9500874496e-01
4221.7200000018 9.9821343400e-01
4221.7300000018 1.0032862852e+00
4221.7400000018 9.9796742170e-01
4221.7500000018 1.0017214688e+00
4221.7600000018 9.9805816242e-01
4221.7700000018 9.9950967270e-01
4221.7800000018 9.9805373755e-01
4221.7900000018 9.9935587491e-01
4221.8000000018 9.9797352543e-01
4221.8100000018 1.0044042499e+00
4221.8200000018 9.9766413481e-01
4221.8300000018 9.9902747922e-01
4221.8400000018 9.9878761229e-01
4221.8500000018 1.0009212755e+00
4221.8600000018 1.0009850732e+00
4221.8700000018 1.0029980461e+00
4221.8800000018 9.9473998618e-01
4221.8900000018 9.9962318532e-01
4221.9000000018 1.0004433201e+00
4221.9100000018 9.9858341575e-01
4221.9200000018 9.9958514105e-01
4221.9300000018 9.9845404228e-01
4221.9400000018 9.9528196733e-01
4221.9500000018 1.0008147675e+00
4221.9600000018 1.0004801296e+00
4221.9700000018 9.9669149321e-01
4221.9800000018 1.0028029793e+00
4221.9900000018 1.0034819714e+00
4222.0000000018 9.9816277152e-01
4222.0100000018 9.9935279791e-01
4222.0200000018 9.9569783067e-01
4222.0300000018 1.0005617335e+00
4222.0400000018 1.0016838526e+00
4222.0500000018 1.0034864968e+00
4222.0600000018 9.9814995197e-01
4222.0700000018 9.9935243256e-01
4222.0800000018 1.0010840532e+00
4222.0900000018 9.9763562114e-01
4222.1000000018 9.9864029862e-01
4222.1100000018 1.0017071640e+00
4222.1200000018 1.0002503901e+00
4222.1300000018 9.9836211392e-01
4222.1400000018 1.0013176693e+00
4222.1500000018 1.0005870098e+00
4222.1600000018 9.9788590343e-01
4222.1700000018 9.9902463185e-01
4222.1800000018 9.9615919453e-01
4222.1900000018 9.9932455281e-01
4222.2000000018 9.9817211352e-01
4222.2100000018 1.0010120433e+00
4222.2200000018 1.0021016028e+00
4222.2300000018 9.9760025413e-01
4222.2400000018 1.0002898989e+00
4222.2500000018 9.9881593197e-01
4222.2600000018 9.9987065221e-01
4222.2700000018 1.0036673731e+00
4222.2800000018 9.9870826303e-01
4222.2900000018 9.9719767867e-01
4222.3000000018 1.0005612075e+00
4222.3100000018 9.9957335365e-01
4222.3200000018 1.0003218477e+00
4222.3300000018 9.9933845996e-01
4222.3400000018 9.9518138835e-01
4222.3500000018 9.9945582354e-01
4222.3600000018 1.0000265233e+00
4222.3700000018 1.0003105733e+00
4222.3800000018 9.9917332436e-01
4222.3900000018 1.0009841325e+00
4222.4000000018 9.9900510284e-01
4222.4100000018 9.9913038379e-01
4222.4200000018 9.9722986916e-01
4222.4300000018 1.0023833189e+00
4222.4400000018 1.0010016661e+00
4222.4500000018 1.0003623638e+00
4222.4600000018 9.9948186047e-01
4222.4700000018 1.0000498445e+00
4222.4800000018 9.9876207291e-01
4222.4900000018 9.9793335408e-01
4222.5000000018 9.9774424369e-01
4222.5100000018 9.9873216492e-01
4222.5200000018 9.9883707457e-01
4222.5300000018 9.9953609540e-01
4222.5400000018 9.9796184572e-01
4222.5500000018 1.0024130007e+00
4222.5600000018 1.0041782760e+00
4222.5700000018 9.9785713637e-01
4222.5800000018 9.9805368106e-01
4222.5900000018 1.0002899898e+00
4222.6000000018 9.9741848862e-01
4222.6100000018 1.0012640643e+00
4222.6200000018 1.0011781586e+00
4222.6300000018 9.9891563559e-01
4222.6400000018 9.9785243135e-01
4222.6500000018 9.9795712782e-01
4222.6600000018 9.9923097806e-01
4222.6700000018 9.9693643421e-01
4222.6800000018 9.9927613235e-01
4222.6900000018 9.9685805563e-01
4222.7000000018 1.0034511930e+00
4222.7100000018 1.0000207108e+00
4222.7200000018 1.0000102360e+00
4222.7300000018 9.9789442708e-01
4222.7400000018 9.9886936927e-01
4222.7500000018 9.9317216330e-01
4222.7600000018 9.9728678216e-01
4222.7700000018 1.0025571694e+00
4222.7800000018 9.9764385848e-01
4222.7900000018 1.0007619302e+00
4222.8000000018 1.0056379456e+00
4222.8100000018 9.9792443027e-01
4222.8200000018 9.9932123170e-01
4222.8300000018 9.9997395137e-01
4222.8400000018 9.9949510879e-01
4222.8500000018 1.0002484849e+00
4222.8600000018 9.9886797276e-01
4222.8700000018 9.9920335341e-01
4222.8800000018 9.9863425776e-01
4222.8900000018 1.0025666502e+00
4222.9000000018 9.9908043705e-01
4222.9100000018 9.9920883416e-01
4222.9200000018 1.0005332870e+00
4222.9300000018 9.9553713383e-01
4222.9400000018 9.9811350056e-01
4222.9500000018 1.0014336603e+00
4222.9600000018 9.9913497444e-01
4222.9700000018 1.0012574072e+00
4222.9800000018 1.0015200020e+00
4222.9900000018 1.0002558481e+00
4223.0000000018 9.9916322326e-01
4223.0100000018 1.0064548568e+00
4223.0200000018 9.9907730216e-01
4223.0300000018 1.0008841364e+00
4223.0400000018 9.9562078248e-01
4223.0500000018 9.9776450845e-01
4223.0600000018 1.0012615797e+00
4223.0700000018 9.9982705244e-01
4223.0800000018 9.9734671584e-01
4223.0900000018 1.0002908420e+00
4223.1000000018 9.9894210824e-01
4223.1100000018 9.9768395659e-01
4223.1200000018 9.9842783766e-01
4223.1300000018 9.9904018137e-01
4223.1400000018 9.9976604971e-01
4223.1500000018 1.0014284537e+00
4223.1600000018 1.0004020259e+00
4223.1700000018 1.0008572910e+00
4223.1800000018 1.0012903552e+00
4223.1900000018 9.9820446733e-01
4223.2000000018 9.9891111186e-01
4223.2100000018 1.0005273691e+00
4223.2200000018 1.0017595288e+00
4223.2300000018 1.0005834701e+00
4223.2400000018 9.9759460997e-01
4223.2500000018 9.9989212634e-01
4223.2600000019 9.9882453285e-01
4223.2700000019 9.9755652199e-01
4223.2800000019 9.9916875289e-01
4223.2900000019 1.0009017179e+00
4223.3000000019 9.9845159841e-01
4223.3100000019 9.9870235134e-01
4223.3200000019 9.9868296778e-01
4223.3300000019 9.9736017268e-01
4223.3400000019 9.9920384529e-01
4223.3500000019 9.9898386129e-01
4223.3600000019 1.0015611722e+00
4223.3700000019 9.9638025900e-01
4223.3800000019 1.0003467651e+00
4223.3900000019 9.9781453900e-01
4223.4000000019 1.0002219489e+00
4223.4100000019 1.0028745044e+00
4223.4200000019 9.9657769607e-01
4223.4300000019 9.9674563075e-01
4223.4400000019 1.0002521834e+00
4223.4500000019 9.9510579758e-01
4223.4600000019 1.0020000487e+00
4223.4700000019 1.0035472409e+00
4223.4800000019 9.9985420101e-01
4223.4900000019 1.0001416509e+00
4223.5000000019 9.9574562644e-01
4223.5100000019 9.9817929772e-01
4223.5200000019 9.9688163917e-01
4223.5300000019 9.9377013246e-01
4223.5400000019 9.9630434462e-01
4223.5500000019 9.9844326665e-01
4223.5600000019 9.9916753621e-01
4223.5700000019 1.0010436351e+00
4223.5800000019 9.9626230257e-01
4223.5900000019 9.9816210011e-01
4223.6000000019 9.9773522147e-01
4223.6100000019 1.0038520205e+00
4223.6200000019 1.0004406206e+00
4223.6300000019 1.0000600740e+00
4223.6400000019 9.9668045847e-01
4223.6500000019 9.9658273502e-01
4223.6600000019 1.0032834759e+00
4223.6700000019 1.0004845972e+00
4223.6800000019 9.9937398216e-01
4223.6900000019 1.0022397186e+00
4223.7000000019 1.0001298560e+00
4223.7100000019 1.0003351055e+00
4223.7200000019 1.0025135066e+00
4223.7300000019 1.0035631155e+00
4223.7400000019 9.9710167238e-01
4223.7500000019 9.9900256339e-01
4223.7600000019 9.9827730632e-01
4223.7700000019 9.9887206516e-01
4223.7800000019 1.0022005334e+00
4223.7900000019 1.0016696768e+00
4223.8000000019 9.9768224126e-01
4223.8100000019 1.0017211289e+00
4223.8200000019 9.9981221588e-01
4223.8300000019 9.9819160215e-01
4223.8400000019 9.9902294433e-01
4223.8500000019 1.0012660940e+00
4223.8600000019 9.9950699702e-01
4223.8700000019 1.0014442366e+00
4223.8800000019 1.0033542524e+00
4223.8900000019 9.9968577563e-01
4223.9000000019 1.0020194920e+00
4223.9100000019 9.9708873867e-01
4223.9200000019 9.9787804441e-01
4223.9300000019 1.0001097505e+00
4223.9400000019 9.9960943796e-01
4223.9500000019 1.0008001241e+00
4223.9600000019 9.9880766510e-01
4223.9700000019 9.9900111083e-01
4223.9800000019 9.9895783386e-01
4223.9900000019 9.9948509318e-01
4224.0000000019 9.9645709085e-01
4224.0100000019 1.0012992747e+00
4224.0200000019 9.9832873466e-01
4224.0300000019 1.0006249548e+00
4224.0400000019 9.9434828335e-01
4224.0500000019 9.9682854720e-01
4224.0600000019 1.0021874706e+00
4224.0700000019 9.9944963442e-01
4224.0800000019 9.9657282949e-01
4224.0900000019 1.0036602315e+00
4224.1000000019 9.9851893750e-01
4224.1100000019 9.9864529466e-01
4224.1200000019 9.9870761820e-01
4224.1300000019 1.0016465906e+00
4224.1400000019 1.0011348795e+00
4224.1500000019 1.0014158512e+00
4224.1600000019 9.9968357603e-01
4224.1700000019 9.9917285888e-01
4224.1800000019 9.9967769529e-01
4224.1900000019 9.9807075399e-01
4224.2000000019 1.0012658405e+00
4224.2100000019 1.0019456458e+00
4224.2200000019 1.0009180111e+00
4224.2300000019 9.9733839307e-01
4224.2400000019 9.9845459976e-01
4224.2500000019 9.9700514058e-01
4224.2600000019 9.9781364353e-01
4224.2700000019 9.9682400579e-01
4224.2800000019 9.9890448904e-01
4224.2900000019 9.9871352432e-01
4224.3000000019 9.9657954850e-01
4224.3100000019 9.9867464007e-01
4224.3200000019 1.0017742754e+00
4224.3300000019 9.9618283025e-01
4224.3400000019 9.9755801006e-01
4224.3500000019 9.9970432962e-01
4224.3600000019 1.0022299033e+00
4224.3700000019 9.9996989805e-01
4224.3800000019 1.0010094517e+00
4224.3900000019 1.0004933572e+00
4224.4000000019 9.9706173872e-01
4224.4100000019 1.0023090892e+00
4224.4200000019 9.9947833868e-01
4224.4300000019 1.0029329862e+00
4224.4400000019 9.9756115436e-01
4224.4500000019 1.0011624131e+00
4224.4600000019 1.0013975462e+00
4224.4700000019 9.9795168496e-01
4224.4800000019 9.9631587528e-01
4224.4900000019 1.0046061652e+00
4224.5000000019 9.9604130212e-01
4224.5100000019 1.0014694654e+00
4224.5200000019 1.0004248920e+00
4224.5300000019 9.9510869444e-01
4224.5400000019 1.0016874280e+00
4224.5500000019 9.9697933815e-01
4224.5600000019 1.0010792346e+00
4224.5700000019 9.9917858247e-01
4224.5800000019 9.9733594595e-01
4224.5900000019 9.9916640454e-01
4224.6000000019 9.9966719518e-01
4224.6100000019 1.0003548174e+00
4224.6200000019 1.0006718476e+00
4224.6300000019 1.0018200841e+00
4224.6400000019 1.0007044837e+00
4224.6500000019 1.0004654233e+00
4224.6600000019 1.0010756966e+00
4224.6700000019 1.0007948575e+00
4224.6800000019 9.9906936958e-01
4224.6900000019 1.0017656122e+00
4224.7000000019 1.0028564949e+00
4224.7100000019 9.9827783863e-01
4224.7200000019 9.9540077605e-01
4224.7300000019 9.9908533412e-01
4224.7400000019 9.9990976646e-01
4224.7500000019 1.0024420469e+00
4224.7600000019 9.9826220656e-01
4224.7700000019 1.0010118890e+00
4224.7800000019 9.9780645327e-01
4224.7900000019 1.0006072173e+00
4224.8000000019 9.9398225681e-01
4224.8100000019 1.0030855953e+00
4224.8200000019 9.9843238673e-01
4224.8300000019 1.0002708623e+00
4224.8400000019 9.9970129795e-01
4224.8500000019 1.0014497661e+00
4224.8600000019 1.0002077245e+00
4224.8700000019 9.9750253623e-01
4224.8800000019 9.9938977545e-01
4224.8900000019 9.9988912954e-01
4224.9000000019 9.9814084770e-01
4224.9100000019 9.9930498146e-01
4224.9200000019 1.0017186458e+00
4224.9300000019 1.0033824766e+00
4224.9400000019 9.9966165437e-01
4224.9500000019 1.0001981698e+00
4224.9600000019 1.0020084772e+00
4224.9700000019 9.9722566404e-01
4224.9800000019 9.9697129406e-01
4224.9900000019 9.9603864532e-01
4225.0000000019 1.0011678147e+00
4225.0100000019 9.9751216348e-01
4225.0200000019 9.9938762922e-01
4225.0300000019 9.9954238876e-01
4225.0400000019 1.0017898112e+00
4225.0500000019 9.9859326179e-01
4225.0600000019 9.9708809087e-01
4225.0700000019 9.9922917426e-01
4225.0800000019 1.0018500879e+00
4225.0900000019 9.9810452236e-01
4225.1000000019 9.9804624420e-01
4225.1100000019 1.0011532749e+00
4225.1200000019 1.0009063008e+00
4225.1300000019 1.0025122929e+00
4225.1400000019 9.9821381257e-01
4225.1500000019 9.9759790981e-01
4225.1600000019 1.0013164911e+00
4225.1700000019 1.0001855661e+00
4225.1800000019 1.0011781750e+00
4225.1900000019 1.0005003107e+00
4225.2000000019 9.9616538562e-01
4225.2100000019 9.9821162010e-01
4225.2200000019 1.0050024732e+00
4225.2300000019 9.9878673086e-01
4225.2400000019 1.0005030463e+00
4225.2500000019 9.9755740333e-01
4225.2600000019 9.9856387314e-01
4225.2700000019 9.9797030917e-01
4225.2800000019 9.9887559073e-01
4225.2900000019 9.9819798308e-01
4225.3000000019 9.9806724155e-01
4225.3100000019 9.9775409207e-01
4225.3200000019 9.9920801757e-01
4225.3300000019 9.9832419145e-01
4225.3400000019 9.9682405046e-01
4225.3500000019 1.0018678340e+00
4225.3600000019 1.0002474690e+00
4225.3700000019 1.0010950679e+00
4225.3800000019 1.0040482392e+00
4225.3900000019 9.9917231851e-01
4225.4000000019 1.0003522195e+00
4225.4100000019 9.9965006296e-01
4225.4200000019 9.9862097099e-01
4225.4300000019 9.9819657911e-01
4225.4400000019 1.0011754943e+00
4225.4500000019 1.0001612191e+00
4225.4600000019 9.9788449441e-01
4225.4700000019 9.9838753397e-01
4225.4800000019 9.9873378771e-01
4225.4900000019 9.9824716117e-01
4225.5000000019 9.9880069243e-01
4225.5100000019 9.9721994805e-01
4225.5200000019 9.9872934377e-01
4225.5300000019 1.0037974295e+00
4225.5400000019 1.0008253185e+00
4225.5500000019 9.9875121691e-01
4225.5600000019 9.9918474125e-01
4225.5700000019 1.0020711510e+00
4225.5800000019 1.0004032915e+00
4225.5900000019 9.9449365931e-01
4225.6000000019 1.0012477943e+00
4225.6100000019 9.9670263657e-01
4225.6200000019 1.0025731362e+00
4225.6300000019 1.0002193235e+00
4225.6400000019 9.9875497332e-01
4225.6500000019 9.9952830716e-01
4225.6600000019 9.9725667058e-01
4225.6700000019 1.0002961987e+00
4225.6800000019 9.9952837524e-01
4225.6900000019 1.0011732770e+00
4225.7000000019 1.0001807901e+00
4225.7100000019 9.9986280863e-01
4225.7200000019 9.9726265558e-01
4225.7300000019 9.9905726603e-01
4225.7400000019 1.0013062138e+00
4225.7500000019 1.0045185151e+00
4225.7600000019 9.9812017652e-01
4225.7700000019 1.0006346898e+00
4225.7800000019 1.0011089253e+00
4225.7900000019 1.0010449356e+00
4225.8000000019 9.9957014361e-01
4225.8100000019 1.0019265964e+00
4225.8200000019 9.9680698061e-01
4225.8300000019 9.9885006501e-01
4225.8400000019 9.9864661920e-01
4225.8500000019 9.9794328034e-01
4225.8600000019 9.9973091666e-01
4225.8700000019 1.0012102778e+00
4225.8800000019 9.9849025300e-01
4225.8900000019 9.9961077985e-01
4225.9000000019 1.0008225509e+00
4225.9100000019 9.9919078107e-01
4225.9200000019 9.9970257993e-01
4225.9300000019 1.0009087245e+00
4225.9400000019 1.0009859131e+00
4225.9500000019 1.0008030759e+00
4225.9600000019 1.0002333780e+00
4225.9700000019 9.9618015816e-01
4225.9800000019 1.0017076844e+00
4225.9900000019 9.9882101423e-01
4226.0000000019 1.0030131792e+00
4226.0100000019 9.9762480623e-01
4226.0200000019 1.0006269472e+00
4226.0300000019 1.0005101462e+00
4226.0400000019 1.0003145586e+00
4226.0500000019 9.9843557903e-01
4226.0600000019 1.0005615073e+00
4226.0700000019 1.0009585077e+00
4226.0800000019 1.0024548454e+00
4226.0900000019 9.9937583874e-01
4226.1000000019 9.9804803492e-01
4226.1100000019 9.9981813580e-01
4226.1200000019 9.9904454734e-01
4226.1300000019 1.0005700504e+00
4226.1400000019 1.0027467779e+00
4226.1500000019 1.0004400244e+00
4226.1600000019 9.9861783105e-01
4226.1700000019 9.9788141078e-01
4226.1800000019 9.9862953794e-01
4226.1900000019 1.0006424348e+00
4226.2000000019 9.9677410813e-01
4226.2100000019 9.9886155032e-01
4226.2200000019 1.0009579424e+00
4226.2300000019 9.9997194687e-01
4226.2400000019 9.9968736165e-01
4226.2500000019 9.9849312508e-01
4226.2600000019 9.9925899095e-01
4226.2700000019 1.0030922239e+00
4226.2800000019 1.0023467707e+00
4226.2900000019 1.0007448047e+00
4226.3000000019 9.9908199082e-01
4226.3100000019 9.9775317812e-01
4226.3200000019 1.0000569547e+00
4226.3300000019 9.9739263795e-01
4226.3400000019 1.0002975937e+00
4226.3500000019 1.0002131627e+00
4226.3600000019 9.9982972579e-01
4226.3700000019 9.9975120580e-01
4226.3800000019 1.0006251471e+00
4226.3900000019 9.9893193569e-01
4226.4000000019 1.0000142972e+00
4226.4100000019 9.9685650140e-01
4226.4200000019 9.9735820492e-01
4226.4300000019 9.9795542376e-01
4226.4400000019 1.0003004297e+00
4226.4500000019 1.0007222672e+00
4226.4600000019 1.0010890585e+00
4226.4700000019 1.0000425222e+00
4226.4800000019 1.0014315144e+00
4226.4900000019 9.9877736824e-01
4226.5000000019 1.0004677624e+00
4226.5100000019 1.0001789160e+00
4226.5200000019 9.9725532612e-01
4226.5300000019 1.0018793351e+00
4226.5400000019 1.0010724336e+00
4226.5500000019 9.9600633907e-01
4226.5600000019 1.0009878632e+00
4226.5700000019 9.9929682548e-01
4226.5800000019 9.9999939285e-01
4226.5900000019 9.9791481077e-01
4226.6000000019 1.0004311193e+00
4226.6100000019 9.9669737440e-01
4226.6200000019 9.9781890401e-01
4226.6300000019 1.0018221778e+00
4226.6400000019 1.0052830029e+00
4226.6500000019 1.0021000951e+00
4226.6600000019 9.9752877382e-01
4226.6700000019 9.9970496737e-01
4226.6800000019 9.9740698821e-01
4226.6900000019 1.0008089377e+00
4226.7000000019 1.0013918960e+00
4226.7100000019 9.9773284408e-01
4226.7200000019 9.9704304350e-01
4226.7300000019 1.0012854294e+00
4226.7400000019 9.9759793574e-01
4226.7500000019 1.0004161191e+00
4226.7600000019 9.9961371246e-01
4226.7700000019 1.0008607092e+00
4226.7800000019 9.9688309550e-01
4226.7900000019 9.9631935365e-01
4226.8000000019 9.9647968945e-01
4226.8100000019 1.0017617895e+00
4226.8200000019 1.0016186088e+00
4226.8300000019 1.0022219633e+00
4226.8400000019 1.0001977540e+00
4226.8500000019 1.0012358216e+00
4226.8600000019 1.0028190582e+00
4226.8700000019 1.0014750239e+00
4226.8800000019 9.9971138505e-01
4226.8900000019 1.0024935511e+00
4226.9000000019 1.0026715750e+00
4226.9100000019 1.0008032326e+00
4226.9200000019 1.0018273618e+00
4226.9300000019 9.9807653595e-01
4226.9400000019 9.9967285723e-01
4226.9500000019 1.0025359167e+00
4226.9600000019 1.0002054461e+00
4226.9700000019 9.9803350466e-01
4226.9800000019 1.0028240110e+00
4226.9900000019 1.0016811244e+00
4227.0000000019 9.9922854938e-01
4227.0100000019 9.9804231209e-01
4227.0200000019 9.9963679590e-01
4227.0300000019 9.9922994170e-01
4227.0400000019 9.9956327949e-01
4227.0500000019 9.9815343131e-01
4227.0600000019 9.9644240883e-01
4227.0700000019 1.0004503176e+00
4227.0800000019 1.0015617165e+00
4227.0900000019 9.9888230861e-01
4227.1000000019 9.9719141569e-01
4227.1100000019 9.9801702502e-01
4227.1200000019 9.9893089866e-01
4227.1300000019 9.9931861101e-01
4227.1400000019 1.0028169777e+00
4227.1500000019 1.0003639818e+00
4227.1600000019 1.0016583622e+00
4227.1700000019 9.9687951648e-01
4227.1800000019 9.9752653045e-01
4227.1900000019 1.0004358921e+00
4227.2000000019 9.9863256675e-01
4227.2100000019 1.0004362438e+00
4227.2200000019 9.9773415926e-01
4227.2300000019 9.9939697711e-01
4227.2400000019 9.9861075071e-01
4227.2500000019 9.9980166425e-01
4227.2600000019 1.0035866894e+00
4227.2700000019 1.0024500246e+00
4227.2800000019 9.9920464804e-01
4227.2900000019 9.9860237713e-01
4227.3000000019 9.9960975016e-01
4227.3100000019 9.9984379800e-01
4227.3200000019 1.0016150976e+00
4227.3300000019 1.0018285621e+00
4227.3400000019 1.0000344095e+00
4227.3500000019 9.9888671461e-01
4227.3600000019 9.9926056871e-01
4227.3700000019 1.0033433925e+00
4227.3800000019 9.9845001344e-01
4227.3900000019 1.0004462654e+00
4227.4000000019 9.9925999497e-01
4227.4100000019 1.0023624714e+00
4227.4200000019 9.9807935444e-01
4227.4300000019 9.9697583110e-01
4227.4400000019 9.9979044347e-01
4227.4500000019 1.0028010131e+00
4227.4600000019 1.0019519486e+00
4227.4700000019 1.0002252909e+00
4227.4800000019 1.0039546233e+00
4227.4900000019 9.9642388035e-01
4227.5000000019 1.0001898442e+00
4227.5100000019 9.9894624608e-01
4227.5200000019 1.0001267711e+00
4227.5300000019 1.0001324507e+00
4227.5400000019 1.0036570387e+00
4227.5500000019 1.0017849502e+00
4227.5600000019 1.0033885561e+00
4227.5700000019 9.9779773924e-01
4227.5800000019 9.9709688914e-01
4227.5900000019 1.0014581361e+00
4227.6000000019 1.0014623943e+00
4227.6100000019 1.0004044857e+00
4227.6200000019 1.0000767751e+00
4227.6300000019 1.0021968057e+00
4227.6400000019 9.9904494112e-01
4227.6500000019 9.9994595948e-01
4227.6600000019 9.9893518660e-01
4227.6700000019 9.9889498739e-01
4227.6800000019 9.9676115653e-01
4227.6900000019 9.9580121050e-01
4227.7000000019 1.0019394259e+00
4227.7100000019 9.9940214651e-01
4227.7200000019 9.9658172218e-01
4227.7300000019 9.9928007380e-01
4227.7400000019 9.9846071494e-01
4227.7500000019 1.0001471988e+00
4227.7600000019 1.0047970543e+00
4227.7700000019 9.9928730286e-01
4227.7800000019 1.0021850075e+00
4227.7900000019 1.0006028218e+00
4227.8000000019 9.9919369066e-01
4227.8100000019 9.9796714446e-01
4227.8200000019 9.9840786334e-01
4227.8300000019 1.0003369506e+00
4227.8400000020 9.9975420094e-01
4227.8500000020 1.0017556141e+00
4227.8600000020 9.9961109062e-01
4227.8700000020 9.9918249852e-01
4227.8800000020 1.0023158357e+00
4227.8900000020 9.9581789095e-01
4227.9000000020 1.0009541317e+00
4227.9100000020 1.0013679530e+00
4227.9200000020 9.9906769893e-01
4227.9300000020 9.9979657382e-01
4227.9400000020 9.9382113957e-01
4227.9500000020 1.0003840496e+00
4227.9600000020 9.9968637557e-01
4227.9700000020 9.9929061168e-01
4227.9800000020 9.9946049466e-01
4227.9900000020 1.0018660594e+00
4228.0000000020 1.0028321105e+00
4228.0100000020 9.9883501646e-01
4228.0200000020 1.0021858196e+00
4228.0300000020 1.0036893593e+00
4228.0400000020 9.9908005513e-01
4228.0500000020 9.9886015038e-01
4228.0600000020 1.0018958720e+00
4228.0700000020 9.9889993515e-01
4228.0800000020 1.0042967028e+00
4228.0900000020 9.9717017754e-01
4228.1000000020 1.0029944862e+00
4228.1100000020 1.0004295878e+00
4228.1200000020 9.9941960528e-01
4228.1300000020 1.0015243467e+00
4228.1400000020 9.9538013204e-01
4228.1500000020 9.9912253267e-01
4228.1600000020 1.0035913714e+00
4228.1700000020 1.0026763033e+00
4228.1800000020 9.9703361877e-01
4228.1900000020 1.0011277006e+00
4228.2000000020 1.0026910677e+00
4228.2100000020 1.0005980490e+00
4228.2200000020 1.0033072098e+00
4228.2300000020 9.9855761765e-01
4228.2400000020 1.0018499463e+00
4228.2500000020 1.0032435736e+00
4228.2600000020 9.9842814531e-01
4228.2700000020 9.9646968487e-01
4228.2800000020 9.9892152799e-01
4228.2900000020 1.0002272854e+00
4228.3000000020 9.9606379602e-01
4228.3100000020 9.9901506544e-01
4228.3200000020 1.0004778264e+00
4228.3300000020 1.0008189915e+00
4228.3400000020 9.9563772820e-01
4228.3500000020 1.0013277329e+00
4228.3600000020 1.0020417755e+00
4228.3700000020 1.0017185574e+00
4228.3800000020 9.9758947214e-01
4228.3900000020 1.0008140359e+00
4228.4000000020 9.9897154132e-01
4228.4100000020 9.9688660477e-01
4228.4200000020 9.9989231384e-01
4228.4300000020 9.9935466732e-01
4228.4400000020 9.9842405622e-01
4228.4500000020 9.9823201433e-01
4228.4600000020 9.9695227974e-01
4228.4700000020 1.0006943884e+00
4228.4800000020 1.0006952612e+00
4228.4900000020 1.0001316376e+00
4228.5000000020 9.9633639161e-01
4228.5100000020 1.0016550056e+00
4228.5200000020 1.0028793011e+00
4228.5300000020 9.9624619199e-01
4228.5400000020 1.0028483997e+00
4228.5500000020 1.0001254741e+00
4228.5600000020 9.9935195572e-01
4228.5700000020 9.9909517687e-01
4228.5800000020 9.9852799113e-01
4228.5900000020 1.0009485117e+00
4228.6000000020 9.9691018289e-01
4228.6100000020 9.9990632837e-01
4228.6200000020 9.9813157093e-01
4228.6300000020 9.9901521825e-01
4228.6400000020 1.0011452961e+00
4228.6500000020 1.0008258677e+00
4228.6600000020 1.0001765978e+00
4228.6700000020 1.0007924298e+00
4228.6800000020 1.0037421895e+00
4228.6900000020 1.0001085532e+00
4228.7000000020 9.9928195472e-01
4228.7100000020 1.0009933321e+00
4228.7200000020 1.0023005109e+00
4228.7300000020 1.0000727544e+00
4228.7400000020 9.9826639301e-01
4228.7500000020 1.0016681991e+00
4228.7600000020 1.0007712059e+00
4228.7700000020 1.0018772511e+00
4228.7800000020 9.9996290861e-01
4228.7900000020 1.0009562776e+00
4228.8000000020 9.9996541950e-01
4228.8100000020 1.0017814958e+00
4228.8200000020 9.9918736732e-01
4228.8300000020 9.9635498720e-01
4228.8400000020 9.9957110341e-01
4228.8500000020 9.9757459301e-01
4228.8600000020 1.0030873072e+00
4228.8700000020 1.0012748166e+00
4228.8800000020 1.0014958105e+00
4228.8900000020 1.0006595437e+00
4228.9000000020 9.9920290228e-01
4228.9100000020 1.0004762557e+00
4228.9200000020 9.9843573102e-01
4228.9300000020 9.9983754082e-01
4228.9400000020 9.9924781247e-01
4228.9500000020 9.9895758980e-01
4228.9600000020 9.9942029868e-01
4228.9700000020 9.9938717932e-01
4228.9800000020 1.0013031106e+00
4228.9900000020 1.0006735989e+00
4229.0000000020 9.9952662638e-01
4229.0100000020 1.0002484419e+00
4229.0200000020 9.9947037962e-01
4229.0300000020 9.9653268166e-01
4229.0400000020 1.0009473124e+00
4229.0500000020 9.9758485927e-01
4229.0600000020 9.9893476158e-01
4229.0700000020 9.9635847605e-01
4229.0800000020 1.0010389025e+00
4229.0900000020 9.9748485558e-01
4229.1000000020 9.9928184840e-01
4229.1100000020 9.9928683720e-01
4229.1200000020 9.9879159131e-01
4229.1300000020 1.0016426967e+00
4229.1400000020 1.0008077872e+00
4229.1500000020 9.9777304398e-01
4229.1600000020 1.0023934650e+00
4229.1700000020 9.9628496534e-01
4229.1800000020 1.0001437337e+00
4229.1900000020 1.0013407367e+00
4229.2000000020 9.9775515635e-01
4229.2100000020 1.0017262300e+00
4229.2200000020 1.0007453935e+00
4229.2300000020 1.0033777536e+00
4229.2400000020 1.0008790360e+00
4229.2500000020 9.9859324386e-01
4229.2600000020 9.9974591435e-01
4229.2700000020 9.9899392119e-01
4229.2800000020 1.0019002945e+00
4229.2900000020 9.9900417733e-01
4229.3000000020 9.9906711913e-01
4229.3100000020 9.9876784142e-01
4229.3200000020 1.0028827162e+00
4229.3300000020 1.0022883555e+00
4229.3400000020 9.9520970954e-01
4229.3500000020 1.0014405363e+00
4229.3600000020 1.0000400432e+00
4229.3700000020 9.9743487059e-01
4229.3800000020 1.0023651157e+00
4229.3900000020 9.9907205996e-01
4229.4000000020 9.9780362405e-01
4229.4100000020 1.0006212760e+00
4229.4200000020 9.9945094470e-01
4229.4300000020 9.9932418133e-01
4229.4400000020 1.0029382236e+00
4229.4500000020 1.0007321039e+00
4229.4600000020 1.0030848070e+00
4229.4700000020 9.9927845574e-01
4229.4800000020 1.0004569058e+00
4229.4900000020 9.9786927744e-01
4229.5000000020 1.0032397092e+00
4229.5100000020 9.9981914800e-01
4229.5200000020 9.9948081133e-01
4229.5300000020 1.0014135205e+00
4229.5400000020 1.0005424527e+00
4229.5500000020 9.9744966943e-01
4229.5600000020 1.0004835893e+00
4229.5700000020 1.0007431127e+00
4229.5800000020 1.0009228452e+00
4229.5900000020 9.9980862049e-01
4229.6000000020 9.9759798810e-01
4229.6100000020 9.9685982540e-01
4229.6200000020 1.0003328475e+00
4229.6300000020 9.9641491879e-01
4229.6400000020 1.0003084837e+00
4229.6500000020 1.0018880901e+00
4229.6600000020 9.9842877039e-01
4229.6700000020 1.0005358237e+00
4229.6800000020 1.0003422787e+00
4229.6900000020 9.9953378620e-01
4229.7000000020 9.9695283475e-01
4229.7100000020 1.0007754858e+00
4229.7200000020 9.9873919423e-01
4229.7300000020 1.0013574284e+00
4229.7400000020 1.0005307268e+00
4229.7500000020 9.9889340169e-01
4229.7600000020 9.9903659998e-01
4229.7700000020 9.9976619637e-01
4229.7800000020 1.0033448248e+00
4229.7900000020 1.0013894550e+00
4229.8000000020 9.9807565322e-01
4229.8100000020 9.9925380462e-01
4229.8200000020 9.9777972058e-01
4229.8300000020 1.0023947718e+00
4229.8400000020 9.9784074704e-01
4229.8500000020 9.9900605100e-01
4229.8600000020 1.0005230113e+00
4229.8700000020 9.9947802427e-01
4229.8800000020 9.9984560644e-01
4229.8900000020 9.9723158721e-01
4229.9000000020 9.9988634625e-01
4229.9100000020 9.9988055060e-01
4229.9200000020 9.9843404758e-01
4229.9300000020 9.9958316359e-01
4229.9400000020 1.0012336976e+00
4229.9500000020 9.9883945383e-01
4229.9600000020 1.0045869750e+00
4229.9700000020 9.9949019826e-01
4229.9800000020 1.0007002261e+00
4229.9900000020 1.0004837504e+00
4230.0000000020 9.9979860348e-01
4230.0100000020 9.9663031314e-01
4230.0200000020 9.9860241427e-01
4230.0300000020 1.0003999843e+00
4230.0400000020 9.9892019431e-01
4230.0500000020 9.9560216661e-01
4230.0600000020 9.9954425294e-01
4230.0700000020 1.0031281688e+00
4230.0800000020 1.0000358647e+00
4230.0900000020 1.0010747935e+00
4230.1000000020 9.9968728782e-01
4230.1100000020 9.9807611454e-01
4230.1200000020 1.0014087872e+00
4230.1300000020 1.0001403748e+00
4230.1400000020 9.9906191658e-01
4230.1500000020 1.0034781989e+00
4230.1600000020 1.0018134692e+00
4230.1700000020 1.0001265307e+00
4230.1800000020 9.9404432720e-01
4230.1900000020 1.0008268817e+00
4230.2000000020 9.9800828694e-01
4230.2100000020 9.9846317239e-01
4230.2200000020 9.9987038583e-01
4230.2300000020 9.9691955302e-01
4230.2400000020 9.9869978587e-01
4230.2500000020 9.9793222445e-01
4230.2600000020 9.9749212809e-01
4230.2700000020 1.0003023162e+00
4230.2800000020 9.9821480819e-01
4230.2900000020 1.0028761714e+00
4230.3000000020 1.0004563786e+00
4230.3100000020 1.0010518451e+00
4230.3200000020 9.9871830859e-01
4230.3300000020 9.9777170370e-01
4230.3400000020 9.9970579057e-01
4230.3500000020 1.0048619281e+00
4230.3600000020 9.9483665725e-01
4230.3700000020 1.0002394286e+00
4230.3800000020 9.9904311426e-01
4230.3900000020 1.0010134001e+00
4230.4000000020 1.0008607944e+00
4230.4100000020 9.9972847968e-01
4230.4200000020 1.0010569032e+00
4230.4300000020 1.0006005470e+00
4230.4400000020 1.0002500685e+00
4230.4500000020 9.9676473576e-01
4230.4600000020 1.0042823461e+00
4230.4700000020 9.9812570250e-01
4230.4800000020 9.9888030509e-01
4230.4900000020 1.0009533973e+00
4230.5000000020 9.9613260036e-01
4230.5100000020 9.9921860293e-01
4230.5200000020 1.0016403920e+00
4230.5300000020 1.0014682623e+00
4230.5400000020 9.9595387699e-01
4230.5500000020 9.9618074145e-01
4230.5600000020 9.9521053362e-01
4230.5700000020 9.9979179107e-01
4230.5800000020 1.0000293409e+00
4230.5900000020 1.0002541087e+00
4230.6000000020 1.0019786278e+00
4230.6100000020 9.9935813968e-01
4230.6200000020 1.0000002396e+00
4230.6300000020 1.0030700010e+00
4230.6400000020 9.9839794051e-01
4230.6500000020 1.0023598227e+00
4230.6600000020 1.0022734394e+00
4230.6700000020 9.9851233414e-01
4230.6800000020 9.9829740377e-01
4230.6900000020 1.0000503404e+00
4230.7000000020 1.0011543961e+00
4230.7100000020 1.0029874378e+00
4230.7200000020 1.0032253335e+00
4230.7300000020 1.0022426032e+00
4230.7400000020 1.0000900842e+00
4230.7500000020 1.0000044816e+00
4230.7600000020 9.9669358541e-01
4230.7700000020 9.9730664342e-01
4230.7800000020 9.9990414897e-01
4230.7900000020 1.0016776013e+00
4230.8000000020 1.0036630713e+00
4230.8100000020 1.0021494120e+00
4230.8200000020 1.0006962942e+00
4230.8300000020 9.9908233954e-01
4230.8400000020 9.9819903254e-01
4230.8500000020 1.0003182882e+00
4230.8600000020 9.9968365608e-01
4230.8700000020 1.0038041777e+00
4230.8800000020 1.0013497126e+00
4230.8900000020 1.0002912525e+00
4230.9000000020 1.0024418112e+00
4230.9100000020 1.0012468920e+00
4230.9200000020 1.0043705550e+00
4230.9300000020 9.9917876179e-01
4230.9400000020 1.0012528830e+00
4230.9500000020 1.0012253753e+00
4230.9600000020 9.9649310020e-01
4230.9700000020 9.9615882198e-01
4230.9800000020 1.0018562756e+00
4230.9900000020 9.9875945742e-01
4231.0000000020 9.9979484902e-01
4231.0100000020 9.9953837223e-01
4231.0200000020 9.9930905006e-01
4231.0300000020 9.9455851779e-01
4231.0400000020 1.0002982226e+00
4231.0500000020 9.9906202686e-01
4231.0600000020 9.9868284373e-01
4231.0700000020 9.9673940400e-01
4231.0800000020 9.9990429378e-01
4231.0900000020 9.9637852224e-01
4231.1000000020 9.9773062862e-01
4231.1100000020 1.0008095005e+00
4231.1200000020 9.9766427417e-01
4231.1300000020 1.0024662091e+00
4231.1400000020 1.0001854536e+00
4231.1500000020 1.0022991747e+00
4231.1600000020 1.0032389711e+00
4231.1700000020 1.0002926449e+00
4231.1800000020 9.9808225433e-01
4231.1900000020 9.9964483684e-01
4231.2000000020 1.0020918128e+00
4231.2100000020 9.9992340918e-01
4231.2200000020 1.0018158533e+00
4231.2300000020 9.9959485025e-01
4231.2400000020 1.0024239142e+00
4231.2500000020 9.9974057155e-01
4231.2600000020 9.9921145121e-01
4231.2700000020 9.9915470069e-01
4231.2800000020 9.9833024127e-01
4231.2900000020 9.9605145973e-01
4231.3000000020 9.9830402719e-01
4231.3100000020 9.9838185840e-01
4231.3200000020 9.9851043756e-01
4231.3300000020 1.0001760959e+00
4231.3400000020 9.9990000519e-01
4231.3500000020 1.0015448250e+00
4231.3600000020 1.0032430821e+00
4231.3700000020 9.9766835094e-01
4231.3800000020 9.9885493282e-01
4231.3900000020 1.0024454437e+00
4231.4000000020 9.9664036127e-01
4231.4100000020 9.9835396618e-01
4231.4200000020 1.0004525249e+00
4231.4300000020 1.0018831068e+00
4231.4400000020 1.0018506140e+00
4231.4500000020 9.9766337917e-01
4231.4600000020 9.9963476685e-01
4231.4700000020 1.0006379425e+00
4231.4800000020 1.0001322521e+00
4231.4900000020 9.9945100859e-01
4231.5000000020 1.0000112036e+00
4231.5100000020 9.9770309630e-01
4231.5200000020 1.0019663245e+00
4231.5300000020 1.0000585419e+00
4231.5400000020 1.0018915121e+00
4231.5500000020 9.9721574413e-01
4231.5600000020 9.9573884722e-01
4231.5700000020 9.9846315744e-01
4231.5800000020 1.0007127300e+00
4231.5900000020 1.0027339981e+00
4231.6000000020 9.9872036982e-01
4231.6100000020 1.0024671272e+00
4231.6200000020 1.0010255736e+00
4231.6300000020 9.9995284854e-01
4231.6400000020 1.0007115267e+00
4231.6500000020 1.0053893384e+00
4231.6600000020 1.0011071728e+00
4231.6700000020 9.9916208565e-01
4231.6800000020 1.0024409703e+00
4231.6900000020 9.9933564809e-01
4231.7000000020 1.0010065952e+00
4231.7100000020 1.0019088435e+00
4231.7200000020 1.0010050145e+00
4231.7300000020 9.9799931440e-01
4231.7400000020 1.0002607558e+00
4231.7500000020 9.9882723523e-01
4231.7600000020 9.9877202560e-01
4231.7700000020 1.0040586208e+00
4231.7800000020 9.9975046889e-01
4231.7900000020 9.9909751754e-01
4231.8000000020 9.9895634925e-01
4231.8100000020 9.9686502875e-01
4231.8200000020 9.9642889017e-01
4231.8300000020 9.9588219673e-01
4231.8400000020 9.9799156365e-01
4231.8500000020 1.0038849319e+00
4231.8600000020 1.0019366662e+00
4231.8700000020 1.0020996413e+00
4231.8800000020 9.9647618179e-01
4231.8900000020 9.9784293141e-01
4231.9000000020 1.0038775345e+00
4231.9100000020 9.9665720455e-01
4231.9200000020 9.9842095175e-01
4231.9300000020 9.9941176591e-01
4231.9400000020 9.9907227598e-01
4231.9500000020 1.0008558347e+00
4231.9600000020 9.9895529588e-01
4231.9700000020 1.0014593126e+00
4231.9800000020 1.0017579345e+00
4231.9900000020 9.9666826520e-01
4232.0000000020 1.0018178180e+00
4232.0100000020 1.0027507226e+00
4232.0200000020 9.9947635966e-01
4232.0300000020 1.0001024546e+00
4232.0400000020 9.9808385683e-01
4232.0500000020 1.0011078216e+00
4232.0600000020 1.0003062198e+00
4232.0700000020 9.9767610335e-01
4232.0800000020 1.0013678404e+00
4232.0900000020 9.9809985320e-01
4232.1000000020 9.9909236856e-01
4232.1100000020 9.9905329706e-01
4232.1200000020 1.0007188621e+00
4232.1300000020 1.0020964197e+00
4232.1400000020 1.0028002261e+00
4232.1500000020 1.0023783030e+00
4232.1600000020 9.9614483084e-01
4232.1700000020 1.0008512820e+00
4232.1800000020 9.9910301562e-01
4232.1900000020 9.9901019726e-01
4232.2000000020 9.9705705761e-01
4232.2100000020 1.0001858388e+00
4232.2200000020 1.0023317607e+00
4232.2300000020 9.9933175365e-01
4232.2400000020 9.9884694026e-01
4232.2500000020 1.0005918812e+00
4232.2600000020 1.0012957592e+00
4232.2700000020 9.9755413694e-01
4232.2800000020 1.0023670037e+00
4232.2900000020 1.0011465007e+00
4232.3000000020 9.9766281209e-01
4232.3100000020 1.0024558850e+00
4232.3200000020 1.0021262177e+00
4232.3300000020 1.0038993506e+00
4232.3400000020 1.0013341445e+00
4232.3500000020 9.9879516569e-01
4232.3600000020 9.9939639216e-01
4232.3700000020 9.9804836849e-01
4232.3800000020 9.9891014639e-01
4232.3900000020 1.0024218005e+00
4232.4000000020 9.9999911509e-01
4232.4100000020 1.0017225233e+00
4232.4200000021 1.0003977805e+00
4232.4300000021 9.9893829500e-01
4232.4400000021 1.0024309827e+00
4232.4500000021 9.9986644005e-01
4232.4600000021 9.9821851776e-01
4232.4700000021 9.9907747946e-01
4232.4800000021 9.9938942875e-01
4232.4900000021 9.9802827529e-01
4232.5000000021 1.0009098986e+00
4232.5100000021 1.0017096297e+00
4232.5200000021 1.0004854455e+00
4232.5300000021 1.0005393638e+00
4232.5400000021 9.9775920496e-01
4232.5500000021 9.9831076812e-01
4232.5600000021 9.9883737217e-01
4232.5700000021 1.0022085481e+00
4232.5800000021 9.9965712047e-01
4232.5900000021 1.0035227150e+00
4232.6000000021 9.9587964625e-01
4232.6100000021 9.9795584281e-01
4232.6200000021 1.0032330708e+00
4232.6300000021 9.9976665928e-01
4232.6400000021 1.0011134349e+00
4232.6500000021 1.0053532478e+00
4232.6600000021 1.0000265777e+00
4232.6700000021 1.0016857516e+00
4232.6800000021 1.0005646871e+00
4232.6900000021 9.9893261539e-01
4232.7000000021 9.9993714186e-01
4232.7100000021 9.9795866312e-01
4232.7200000021 9.9772731958e-01
4232.7300000021 9.9829326016e-01
4232.7400000021 1.0019599287e+00
4232.7500000021 9.9847114500e-01
4232.7600000021 9.9834796456e-01
4232.7700000021 1.0029409532e+00
4232.7800000021 1.0029060790e+00
4232.7900000021 1.0021414262e+00
4232.8000000021 9.9857219799e-01
4232.8100000021 1.0029235704e+00
4232.8200000021 9.9935368140e-01
4232.8300000021 1.0001249591e+00
4232.8400000021 9.9814116465e-01
4232.8500000021 9.9848382900e-01
4232.8600000021 9.9662826857e-01
4232.8700000021 9.9516210545e-01
4232.8800000021 9.9708058992e-01
4232.8900000021 1.0016013283e+00
4232.9000000021 1.0022442393e+00
4232.9100000021 1.0003117674e+00
4232.9200000021 9.9878968188e-01
4232.9300000021 9.9664989470e-01
4232.9400000021 9.9871743596e-01
4232.9500000021 1.0003870946e+00
4232.9600000021 1.0029327997e+00
4232.9700000021 9.9761530279e-01
4232.9800000021 9.9799722458e-01
4232.9900000021 9.9440804006e-01
4233.0000000021 1.0036695888e+00
4233.0100000021 1.0027414379e+00
4233.0200000021 1.0013199397e+00
4233.0300000021 9.9635582996e-01
4233.0400000021 1.0010391821e+00
4233.0500000021 1.0002759927e+00
4233.0600000021 9.9901896537e-01
4233.0700000021 1.0009050625e+00
4233.0800000021 9.9973778007e-01
4233.0900000021 1.0048120204e+00
4233.1000000021 9.9765275897e-01
4233.1100000021 9.9869158152e-01
4233.1200000021 1.0009759573e+00
4233.1300000021 9.9592764457e-01
4233.1400000021 1.0001852472e+00
4233.1500000021 9.9935568801e-01
4233.1600000021 1.0006686235e+00
4233.1700000021 9.9991020742e-01
4233.1800000021 9.9633486870e-01
4233.1900000021 1.0007015299e+00
4233.2000000021 9.9910857672e-01
4233.2100000021 1.0007920079e+00
4233.2200000021 9.9847187177e-01
4233.2300000021 9.9878204308e-01
4233.2400000021 9.9656863959e-01
4233.2500000021 1.0023164214e+00
4233.2600000021 9.9714121687e-01
4233.2700000021 9.9928809360e-01
4233.2800000021 1.0026595230e+00
4233.2900000021 9.9954617911e-01
4233.3000000021 1.0008704945e+00
4233.3100000021 1.0028367213e+00
4233.3200000021 9.9916973824e-01
4233.3300000021 1.0010597940e+00
4233.3400000021 1.0011669937e+00
4233.3500000021 9.9783948588e-01
4233.3600000021 9.9903739675e-01
4233.3700000021 1.0006874777e+00
4233.3800000021 1.0000863839e+00
4233.3900000021 9.9435264867e-01
4233.4000000021 9.9964701537e-01
4233.4100000021 1.0018752041e+00
4233.4200000021 9.9886184539e-01
4233.4300000021 1.0021263044e+00
4233.4400000021 9.9974005373e-01
4233.4500000021 1.0003768892e+00
4233.4600000021 1.0023231908e+00
4233.4700000021 9.9772405201e-01
4233.4800000021 1.0001576709e+00
4233.4900000021 1.0027230321e+00
4233.5000000021 1.0000682733e+00
4233.5100000021 9.9719616222e-01
4233.5200000021 1.0008168935e+00
4233.5300000021 9.9668937369e-01
4233.5400000021 1.0027783165e+00
4233.5500000021 1.0009109502e+00
4233.5600000021 1.0000487548e+00
4233.5700000021 9.9839039364e-01
4233.5800000021 1.0027067141e+00
4233.5900000021 9.9757379164e-01
4233.6000000021 9.9768775923e-01
4233.6100000021 9.9916618671e-01
4233.6200000021 1.0020710569e+00
4233.6300000021 9.9956659510e-01
4233.6400000021 9.9552738748e-01
4233.6500000021 1.0002877441e+00
4233.6600000021 9.9860962837e-01
4233.6700000021 9.9891534877e-01
4233.6800000021 1.0001177261e+00
4233.6900000021 9.9931636297e-01
4233.7000000021 1.0036372153e+00
4233.7100000021 1.0019555670e+00
4233.7200000021 1.0007890582e+00
4233.7300000021 1.0013976611e+00
4233.7400000021 9.9821496743e-01
4233.7500000021 1.0007671424e+00
4233.7600000021 9.9835536429e-01
4233.7700000021 1.0000010920e+00
4233.7800000021 9.9811797506e-01
4233.7900000021 1.0030154797e+00
4233.8000000021 1.0021557302e+00
4233.8100000021 9.9841485981e-01
4233.8200000021 1.0028925367e+00
4233.8300000021 9.9878548497e-01
4233.8400000021 9.9987811092e-01
4233.8500000021 1.0021519300e+00
4233.8600000021 1.0013881029e+00
4233.8700000021 9.9998902451e-01
4233.8800000021 9.9791937235e-01
4233.8900000021 1.0020607347e+00
4233.9000000021 1.0024779890e+00
4233.9100000021 9.9856311711e-01
4233.9200000021 9.9794737359e-01
4233.9300000021 9.9830419341e-01
4233.9400000021 1.0012523895e+00
4233.9500000021 9.9909036590e-01
4233.9600000021 9.9976698472e-01
4233.9700000021 9.9709314475e-01
4233.9800000021 1.0010590777e+00
4233.9900000021 9.9854817833e-01
4234.0000000021 9.9924229098e-01
4234.0100000021 1.0012920991e+00
4234.0200000021 1.0009680082e+00
4234.0300000021 9.9994628130e-01
4234.0400000021 1.0015223887e+00
4234.0500000021 9.9775526754e-01
4234.0600000021 1.0019092009e+00
4234.0700000021 9.9990206706e-01
4234.0800000021 1.0012211463e+00
4234.0900000021 1.0036081167e+00
4234.1000000021 1.0021280611e+00
4234.1100000021 1.0012501315e+00
4234.1200000021 1.0029220043e+00
4234.1300000021 9.9786558631e-01
4234.1400000021 1.0002151981e+00
4234.1500000021 9.9829187511e-01
4234.1600000021 9.9935151109e-01
4234.1700000021 9.9976838570e-01
4234.1800000021 9.9992409696e-01
4234.1900000021 9.9945140710e-01
4234.2000000021 9.9771079671e-01
4234.2100000021 9.9973079315e-01
4234.2200000021 1.0009700240e+00
4234.2300000021 9.9859002936e-01
4234.2400000021 9.9544909016e-01
4234.2500000021 1.0010317669e+00
4234.2600000021 1.0049120232e+00
4234.2700000021 1.0015107628e+00
4234.2800000021 1.0022016408e+00
4234.2900000021 9.9959716314e-01
4234.3000000021 9.9906537954e-01
4234.3100000021 9.9935034457e-01
4234.3200000021 9.9850814063e-01
4234.3300000021 1.0009901477e+00
4234.3400000021 9.9860196265e-01
4234.3500000021 9.9938253164e-01
4234.3600000021 9.9737309359e-01
4234.3700000021 9.9856437999e-01
4234.3800000021 1.0025547216e+00
4234.3900000021 9.9836000205e-01
4234.4000000021 1.0041049834e+00
4234.4100000021 9.9794684660e-01
4234.4200000021 9.9901951493e-01
4234.4300000021 9.9855749160e-01
4234.4400000021 1.0005069299e+00
4234.4500000021 1.0015250078e+00
4234.4600000021 1.0018350966e+00
4234.4700000021 9.9745292300e-01
4234.4800000021 1.0001345180e+00
4234.4900000021 9.9798997494e-01
4234.5000000021 1.0020067777e+00
4234.5100000021 9.9965775481e-01
4234.5200000021 1.0010400405e+00
4234.5300000021 1.0019244144e+00
4234.5400000021 9.9859732251e-01
4234.5500000021 1.0023974925e+00
4234.5600000021 9.9846519546e-01
4234.5700000021 1.0006650516e+00
4234.5800000021 1.0016979724e+00
4234.5900000021 9.9914610582e-01
4234.6000000021 9.9693431492e-01
4234.6100000021 9.9804790803e-01
4234.6200000021 1.0009453955e+00
4234.6300000021 1.0014941358e+00
4234.6400000021 9.9870380769e-01
4234.6500000021 1.0034920032e+00
4234.6600000021 9.9951346353e-01
4234.6700000021 1.0003086424e+00
4234.6800000021 1.0032317565e+00
4234.6900000021 1.0012232309e+00
4234.7000000021 1.0024004200e+00
4234.7100000021 9.9990580851e-01
4234.7200000021 9.9768166383e-01
4234.7300000021 9.9971219212e-01
4234.7400000021 9.9805193023e-01
4234.7500000021 9.9741080901e-01
4234.7600000021 9.9884119902e-01
4234.7700000021 9.9789831357e-01
4234.7800000021 9.9881465190e-01
4234.7900000021 1.0004537588e+00
4234.8000000021 9.9847692522e-01
4234.8100000021 9.9656717493e-01
4234.8200000021 1.0008659245e+00
4234.8300000021 1.0006960434e+00
4234.8400000021 1.0011726564e+00
4234.8500000021 9.9966659347e-01
4234.8600000021 9.9725116680e-01
4234.8700000021 9.9851431095e-01
4234.8800000021 9.9864475029e-01
4234.8900000021 1.0008272221e+00
4234.9000000021 9.9712521886e-01
4234.9100000021 9.9651664790e-01
4234.9200000021 9.9936553590e-01
4234.9300000021 9.9527781342e-01
4234.9400000021 9.9854328639e-01
4234.9500000021 1.0001056170e+00
4234.9600000021 9.9782551948e-01
4234.9700000021 1.0002335705e+00
4234.9800000021 1.0015211624e+00
4234.9900000021 1.0020196823e+00
4235.0000000021 9.9753782989e-01
4235.0100000021 9.9827262483e-01
4235.0200000021 1.0013113867e+00
4235.0300000021 1.0033488859e+00
4235.0400000021 1.0033859073e+00
4235.0500000021 9.9518845260e-01
4235.0600000021 9.9825561959e-01
4235.0700000021 9.9661673833e-01
4235.0800000021 1.0015502655e+00
4235.0900000021 9.9798521217e-01
4235.1000000021 1.0017117201e+00
4235.1100000021 1.0003054854e+00
4235.1200000021 1.0021140153e+00
4235.1300000021 9.9957655018e-01
4235.1400000021 1.0026909605e+00
4235.1500000021 9.9853269059e-01
4235.1600000021 9.9834356253e-01
4235.1700000021 9.9995061021e-01
4235.1800000021 1.0019969001e+00
4235.1900000021 1.0005265439e+00
4235.2000000021 9.9871842186e-01
4235.2100000021 9.9980523694e-01
4235.2200000021 9.9766697696e-01
4235.2300000021 9.9901402003e-01
4235.2400000021 9.9946329624e-01
4235.2500000021 9.9972428534e-01
4235.2600000021 9.9785463949e-01
4235.2700000021 1.0014113459e+00
4235.2800000021 9.9746105155e-01
4235.2900000021 9.9551624267e-01
4235.3000000021 1.0010666801e+00
4235.3100000021 1.0009606696e+00
4235.3200000021 1.0004965622e+00
4235.3300000021 9.9848430255e-01
4235.3400000021 9.9688264375e-01
4235.3500000021 9.9966515531e-01
4235.3600000021 1.0032104970e+00
4235.3700000021 9.9775136415e-01
4235.3800000021 1.0021655206e+00
4235.3900000021 9.9840040895e-01
4235.4000000021 9.9551258609e-01
4235.4100000021 9.9778598926e-01
4235.4200000021 9.9590802489e-01
4235.4300000021 1.0019030425e+00
4235.4400000021 9.9680804300e-01
4235.4500000021 1.0002342515e+00
4235.4600000021 1.0000112702e+00
4235.4700000021 1.0015687840e+00
4235.4800000021 9.9958908174e-01
4235.4900000021 9.9890247205e-01
4235.5000000021 1.0028557461e+00
4235.5100000021 1.0015025793e+00
4235.5200000021 9.9570265348e-01
4235.5300000021 9.9905270400e-01
4235.5400000021 9.9980548915e-01
4235.5500000021 1.0049912566e+00
4235.5600000021 1.0038286240e+00
4235.5700000021 9.9975179707e-01
4235.5800000021 9.9858038370e-01
4235.5900000021 9.9920641653e-01
4235.6000000021 1.0002947849e+00
4235.6100000021 9.9831959047e-01
4235.6200000021 9.9998841635e-01
4235.6300000021 1.0018163392e+00
4235.6400000021 9.9821294903e-01
4235.6500000021 1.0031323627e+00
4235.6600000021 9.9989863509e-01
4235.6700000021 9.9783664827e-01
4235.6800000021 9.9877200346e-01
4235.6900000021 1.0012782832e+00
4235.7000000021 1.0005245315e+00
4235.7100000021 9.9952948399e-01
4235.7200000021 1.0026207056e+00
4235.7300000021 1.0018439829e+00
4235.7400000021 9.9714377836e-01
4235.7500000021 1.0015610859e+00
4235.7600000021 9.9744463864e-01
4235.7700000021 9.9922264459e-01
4235.7800000021 1.0047881395e+00
4235.7900000021 1.0002140439e+00
4235.8000000021 9.9844486918e-01
4235.8100000021 1.0014758857e+00
4235.8200000021 1.0000053205e+00
4235.8300000021 1.0011310907e+00
4235.8400000021 9.9958019955e-01
4235.8500000021 1.0009550750e+00
4235.8600000021 1.0013271973e+00
4235.8700000021 1.0015742193e+00
4235.8800000021 1.0014373150e+00
4235.8900000021 9.9918779302e-01
4235.9000000021 1.0001228239e+00
4235.9100000021 1.0006957909e+00
4235.9200000021 9.9974091476e-01
4235.9300000021 1.0011237519e+00
4235.9400000021 9.9571584039e-01
4235.9500000021 9.9894274629e-01
4235.9600000021 1.0007089145e+00
4235.9700000021 9.9994263509e-01
4235.9800000021 9.9994942148e-01
4235.9900000021 9.9759847048e-01
4236.0000000021 9.9908995792e-01
4236.0100000021 1.0017835801e+00
4236.0200000021 1.0002762430e+00
4236.0300000021 1.0019573412e+00
4236.0400000021 1.0007214807e+00
4236.0500000021 9.9914157517e-01
4236.0600000021 9.9925568662e-01
4236.0700000021 9.9896004855e-01
4236.0800000021 1.0011652184e+00
4236.0900000021 9.9928334057e-01
4236.1000000021 9.9839679856e-01
4236.1100000021 9.9847247205e-01
4236.1200000021 9.9831653295e-01
4236.1300000021 1.0003408924e+00
4236.1400000021 1.0017771835e+00
4236.1500000021 9.9914787755e-01
4236.1600000021 9.9777464130e-01
4236.1700000021 1.0005499718e+00
4236.1800000021 9.9794740179e-01
4236.1900000021 9.9858664800e-01
4236.2000000021 9.9840071842e-01
4236.2100000021 1.0003830447e+00
4236.2200000021 9.9851714035e-01
4236.2300000021 1.0022544522e+00
4236.2400000021 9.9922681100e-01
4236.2500000021 9.9997157683e-01
4236.2600000021 1.0020611751e+00
4236.2700000021 9.9956379730e-01
4236.2800000021 1.0014106341e+00
4236.2900000021 1.0008707429e+00
4236.3000000021 9.9857429871e-01
4236.3100000021 1.0039295282e+00
4236.3200000021 1.0012612776e+00
4236.3300000021 9.9849042570e-01
4236.3400000021 1.0030560704e+00
4236.3500000021 9.9842762157e-01
4236.3600000021 9.9769888235e-01
4236.3700000021 9.9743544524e-01
4236.3800000021 9.9971676324e-01
4236.3900000021 9.9663086046e-01
4236.4000000021 9.9980464560e-01
4236.4100000021 9.9853511640e-01
4236.4200000021 1.0003506176e+00
4236.4300000021 9.9878400371e-01
4236.4400000021 1.0029466172e+00
4236.4500000021 1.0019610261e+00
4236.4600000021 1.0016209114e+00
4236.4700000021 9.9961120314e-01
4236.4800000021 1.0009077071e+00
4236.4900000021 1.0032245919e+00
4236.5000000021 9.9729326992e-01
4236.5100000021 1.0022502223e+00
4236.5200000021 1.0020513260e+00
4236.5300000021 9.9989153504e-01
4236.5400000021 9.9969604488e-01
4236.5500000021 9.9564889523e-01
4236.5600000021 9.9738835989e-01
4236.5700000021 1.0022956113e+00
4236.5800000021 9.9733069132e-01
4236.5900000021 1.0000303774e+00
4236.6000000021 1.0007019076e+00
4236.6100000021 1.0012971234e+00
4236.6200000021 1.0013935161e+00
4236.6300000021 9.9943347548e-01
4236.6400000021 9.9473026431e-01
4236.6500000021 1.0027450743e+00
4236.6600000021 1.0021762657e+00
4236.6700000021 1.0018605958e+00
4236.6800000021 9.9777283046e-01
4236.6900000021 9.9874595483e-01
4236.7000000021 1.0019134454e+00
4236.7100000021 9.9813401958e-01
4236.7200000021 1.0010207565e+00
4236.7300000021 1.0033452943e+00
4236.7400000021 1.0007056644e+00
4236.7500000021 1.0018227191e+00
4236.7600000021 1.0010036217e+00
4236.7700000021 9.9805310472e-01
4236.7800000021 9.9960113833e-01
4236.7900000021 1.0004642083e+00
4236.8000000021 1.0009132953e+00
4236.8100000021 1.0012875277e+00
4236.8200000021 9.9961021612e-01
4236.8300000021 1.0005269296e+00
4236.8400000021 9.9903157126e-01
4236.8500000021 9.9731977969e-01
4236.8600000021 9.9898565917e-01
4236.8700000021 9.9558073134e-01
4236.8800000021 9.9770755169e-01
4236.8900000021 9.9877334354e-01
4236.9000000021 1.0042857890e+00
4236.9100000021 9.9877510870e-01
4236.9200000021 1.0017140201e+00
4236.9300000021 9.9992460507e-01
4236.9400000021 1.0019348840e+00
4236.9500000021 9.9896682765e-01
4236.9600000021 9.9859639907e-01
4236.9700000021 9.9894189189e-01
4236.9800000021 1.0006757045e+00
4236.9900000021 9.9927284396e-01
4237.0000000022 1.0024912280e+00
4237.0100000022 9.9849222688e-01
4237.0200000022 9.9805887457e-01
4237.0300000022 9.9773046232e-01
4237.0400000022 1.0015867504e+00
4237.0500000022 9.9706761565e-01
4237.0600000022 9.9811559574e-01
4237.0700000022 1.0011050530e+00
4237.0800000022 9.9870185270e-01
4237.0900000022 1.0007989721e+00
4237.1000000022 1.0031289952e+00
4237.1100000022 1.0015541308e+00
4237.1200000022 9.9898636033e-01
4237.1300000022 1.0022110257e+00
4237.1400000022 1.0004552116e+00
4237.1500000022 1.0025602585e+00
4237.1600000022 9.9874201816e-01
4237.1700000022 9.9933847267e-01
4237.1800000022 1.0008144766e+00
4237.1900000022 1.0001085523e+00
4237.2000000022 1.0009111525e+00
4237.2100000022 1.0045779213e+00
4237.2200000022 9.9770716360e-01
4237.2300000022 9.9896339449e-01
4237.2400000022 1.0044870460e+00
4237.2500000022 9.9961266114e-01
4237.2600000022 1.0008987548e+00
4237.2700000022 1.0020092335e+00
4237.2800000022 1.0031531392e+00
4237.2900000022 1.0020401275e+00
4237.3000000022 9.9350740112e-01
4237.3100000022 1.0007206081e+00
4237.3200000022 1.0027956413e+00
4237.3300000022 9.9828870533e-01
4237.3400000022 9.9748075833e-01
4237.3500000022 9.9793306557e-01
4237.3600000022 9.9818205050e-01
4237.3700000022 9.9967740075e-01
4237.3800000022 1.0009515700e+00
4237.3900000022 9.9959932740e-01
4237.4000000022 9.9974291981e-01
4237.4100000022 9.9999234191e-01
4237.4200000022 1.0008400108e+00
4237.4300000022 9.9826686171e-01
4237.4400000022 9.9891807579e-01
4237.4500000022 1.0029115601e+00
4237.4600000022 1.0031617887e+00
4237.4700000022 9.9782942674e-01
4237.4800000022 9.9988048817e-01
4237.4900000022 9.9688405074e-01
4237.5000000022 9.9859969631e-01
4237.5100000022 1.0020182609e+00
4237.5200000022 1.0000304403e+00
4237.5300000022 9.9676234817e-01
4237.5400000022 1.0010908576e+00
4237.5500000022 1.0024596948e+00
4237.5600000022 9.9974194571e-01
4237.5700000022 1.0041400471e+00
4237.5800000022 9.9770939788e-01
4237.5900000022 9.9783058411e-01
4237.6000000022 9.9908783548e-01
4237.6100000022 1.0015170898e+00
4237.6200000022 1.0005271427e+00
4237.6300000022 9.9964605930e-01
4237.6400000022 1.0014541422e+00
4237.6500000022 9.9954718129e-01
4237.6600000022 1.0010114994e+00
4237.6700000022 9.9655857120e-01
4237.6800000022 9.9867182682e-01
4237.6900000022 9.9902194230e-01
4237.7000000022 1.0001139542e+00
4237.7100000022 9.9830417916e-01
4237.7200000022 1.0002897579e+00
4237.7300000022 9.9543492021e-01
4237.7400000022 9.9827093883e-01
4237.7500000022 1.0024803047e+00
4237.7600000022 9.9979509955e-01
4237.7700000022 1.0000311391e+00
4237.7800000022 1.0002191082e+00
4237.7900000022 9.9594842110e-01
4237.8000000022 1.0000682656e+00
4237.8100000022 9.9762184271e-01
4237.8200000022 9.9888622554e-01
4237.8300000022 1.0010028893e+00
4237.8400000022 9.9540137064e-01
4237.8500000022 1.0032048703e+00
4237.8600000022 9.9688004940e-01
4237.8700000022 9.9790838111e-01
4237.8800000022 1.0039997953e+00
4237.8900000022 9.9675963462e-01
4237.9000000022 1.0024598904e+00
4237.9100000022 1.0016868380e+00
4237.9200000022 1.0029865255e+00
4237.9300000022 9.9987531089e-01
4237.9400000022 9.9978968350e-01
4237.9500000022 1.0042481400e+00
4237.9600000022 1.0029392899e+00
4237.9700000022 9.9839917261e-01
4237.9800000022 9.9939331211e-01
4237.9900000022 1.0024828882e+00
4238.0000000022 9.9905331700e-01
4238.0100000022 9.9923734635e-01
4238.0200000022 9.9818481090e-01
4238.0300000022 1.0004858618e+00
4238.0400000022 9.9683458795e-01
4238.0500000022 1.0013816856e+00
4238.0600000022 1.0006791894e+00
4238.0700000022 9.9878518411e-01
4238.0800000022 1.0048920191e+00
4238.0900000022 1.0018967550e+00
4238.1000000022 9.9628842646e-01
4238.1100000022 9.9712022515e-01
4238.1200000022 9.9832836770e-01
4238.1300000022 9.9772792398e-01
4238.1400000022 1.0016041794e+00
4238.1500000022 9.9848751186e-01
4238.1600000022 1.0014008185e+00
4238.1700000022 1.0018051088e+00
4238.1800000022 9.9957097523e-01
4238.1900000022 1.0015528552e+00
4238.2000000022 1.0001905224e+00
4238.2100000022 9.9777260529e-01
4238.2200000022 9.9812514733e-01
4238.2300000022 9.9957329385e-01
4238.2400000022 1.0023791170e+00
4238.2500000022 9.9873802826e-01
4238.2600000022 9.9892392394e-01
4238.2700000022 1.0000816225e+00
4238.2800000022 9.9844890775e-01
4238.2900000022 1.0023729206e+00
4238.3000000022 1.0021153117e+00
4238.3100000022 9.9781859078e-01
4238.3200000022 1.0007409041e+00
4238.3300000022 1.0013475236e+00
4238.3400000022 1.0006342013e+00
4238.3500000022 9.9648468632e-01
4238.3600000022 9.9807254632e-01
4238.3700000022 9.9998903933e-01
4238.3800000022 1.0027104200e+00
4238.3900000022 1.0011508658e+00
4238.4000000022 1.0000191895e+00
4238.4100000022 1.0013601255e+00
4238.4200000022 9.9785963603e-01
4238.4300000022 9.9823455205e-01
4238.4400000022 9.9974280478e-01
4238.4500000022 9.9914162752e-01
4238.4600000022 1.0029558237e+00
4238.4700000022 1.0022611413e+00
4238.4800000022 1.0038405754e+00
4238.4900000022 9.9694364599e-01
4238.5000000022 1.0003900749e+00
4238.5100000022 9.9821226233e-01
4238.5200000022 1.0027401945e+00
4238.5300000022 9.9735371017e-01
4238.5400000022 1.0002663787e+00
4238.5500000022 9.9990933267e-01
4238.5600000022 1.0000377249e+00
4238.5700000022 9.9973288575e-01
4238.5800000022 1.0063352290e+00
4238.5900000022 9.9716189540e-01
4238.6000000022 9.9985230087e-01
4238.6100000022 1.0019448937e+00
4238.6200000022 1.0025889737e+00
4238.6300000022 1.0018528159e+00
4238.6400000022 1.0008918826e+00
4238.6500000022 9.9919702255e-01
4238.6600000022 9.9880383422e-01
4238.6700000022 1.0022136634e+00
4238.6800000022 9.9941291886e-01
4238.6900000022 1.0038642041e+00
4238.7000000022 9.9845513704e-01
4238.7100000022 9.9928522056e-01
4238.7200000022 9.9832814545e-01
4238.7300000022 9.9705582056e-01
4238.7400000022 9.9820243414e-01
4238.7500000022 9.9732453117e-01
4238.7600000022 1.0012248579e+00
4238.7700000022 9.9962034608e-01
4238.7800000022 9.9933987012e-01
4238.7900000022 1.0003343858e+00
4238.8000000022 1.0041734665e+00
4238.8100000022 1.0006104914e+00
4238.8200000022 1.0016288785e+00
4238.8300000022 1.0033350279e+00
4238.8400000022 9.9976019887e-01
4238.8500000022 9.9985595427e-01
4238.8600000022 9.9899884657e-01
4238.8700000022 9.9729946668e-01
4238.8800000022 9.9809773972e-01
4238.8900000022 9.9893096037e-01
4238.9000000022 1.0018742568e+00
4238.9100000022 1.0042225075e+00
4238.9200000022 1.0027023636e+00
4238.9300000022 1.0024972819e+00
4238.9400000022 9.9859102931e-01
4238.9500000022 1.0004973984e+00
4238.9600000022 1.0007372831e+00
4238.9700000022 9.9772966306e-01
4238.9800000022 1.0003237226e+00
4238.9900000022 1.0019463626e+00
4239.0000000022 9.9768190278e-01
4239.0100000022 9.9995124426e-01
4239.0200000022 1.0009713113e+00
4239.0300000022 9.9773146247e-01
4239.0400000022 1.0012686145e+00
4239.0500000022 9.9892106861e-01
4239.0600000022 9.9824959821e-01
4239.0700000022 1.0017059367e+00
4239.0800000022 9.9874256963e-01
4239.0900000022 9.9819608761e-01
4239.1000000022 9.9887802479e-01
4239.1100000022 9.9714120347e-01
4239.1200000022 1.0013770195e+00
4239.1300000022 9.9783389437e-01
4239.1400000022 9.9709611086e-01
4239.1500000022 1.0005011904e+00
4239.1600000022 9.9888051563e-01
4239.1700000022 9.9962059746e-01
4239.1800000022 1.0048314606e+00
4239.1900000022 9.9935431620e-01
4239.2000000022 1.0002384337e+00
4239.2100000022 1.0013254035e+00
4239.2200000022 9.9733239066e-01
4239.2300000022 9.9997860543e-01
4239.2400000022 1.0010569905e+00
4239.2500000022 9.9660531724e-01
4239.2600000022 1.0003836543e+00
4239.2700000022 1.0013756781e+00
4239.2800000022 9.9900887892e-01
4239.2900000022 1.0019685665e+00
4239.3000000022 1.0017506796e+00
4239.3100000022 9.9791735837e-01
4239.3200000022 9.9913131051e-01
4239.3300000022 9.9948758902e-01
4239.3400000022 9.9963782222e-01
4239.3500000022 1.0031505923e+00
4239.3600000022 9.9756828201e-01
4239.3700000022 1.0029598619e+00
4239.3800000022 1.0030101381e+00
4239.3900000022 9.9756793866e-01
4239.4000000022 1.0040502987e+00
4239.4100000022 9.9873053189e-01
4239.4200000022 9.9393048366e-01
4239.4300000022 1.0020573945e+00
4239.4400000022 9.9937748712e-01
4239.4500000022 9.9907761805e-01
4239.4600000022 9.9937492486e-01
4239.4700000022 9.9876751355e-01
4239.4800000022 9.9638497045e-01
4239.4900000022 1.0017444882e+00
4239.5000000022 1.0015870591e+00
4239.5100000022 9.9894747106e-01
4239.5200000022 1.0007945958e+00
4239.5300000022 1.0005396773e+00
4239.5400000022 1.0015844418e+00
4239.5500000022 9.9982883279e-01
4239.5600000022 9.9839325091e-01
4239.5700000022 1.0004169258e+00
4239.5800000022 1.0016020287e+00
4239.5900000022 1.0011352580e+00
4239.6000000022 1.0002879229e+00
4239.6100000022 1.0000704610e+00
4239.6200000022 1.0017901381e+00
4239.6300000022 1.0027253856e+00
4239.6400000022 9.9422294531e-01
4239.6500000022 9.9806853929e-01
4239.6600000022 9.9916767896e-01
4239.6700000022 9.9975649429e-01
4239.6800000022 9.9871530412e-01
4239.6900000022 9.9937930103e-01
4239.7000000022 1.0001930399e+00
4239.7100000022 1.0002112930e+00
4239.7200000022 1.0033855661e+00
4239.7300000022 1.0000416851e+00
4239.7400000022 1.0000099811e+00
4239.7500000022 9.9948421802e-01
4239.7600000022 1.0015985624e+00
4239.7700000022 9.9938801108e-01
4239.7800000022 1.0013433720e+00
4239.7900000022 9.9555083489e-01
4239.8000000022 9.9772439264e-01
4239.8100000022 9.9917988424e-01
4239.8200000022 1.0017449784e+00
4239.8300000022 1.0024097333e+00
4239.8400000022 1.0007056038e+00
4239.8500000022 1.0036905069e+00
4239.8600000022 1.0019930363e+00
4239.8700000022 1.0022180305e+00
4239.8800000022 1.0015483803e+00
4239.8900000022 9.9825396240e-01
4239.9000000022 9.9919077778e-01
4239.9100000022 1.0008433815e+00
4239.9200000022 1.0000537650e+00
4239.9300000022 9.9854944291e-01
4239.9400000022 9.9886338631e-01
4239.9500000022 1.0025440340e+00
4239.9600000022 1.0001879102e+00
4239.9700000022 9.9881614700e-01
4239.9800000022 1.0016224122e+00
4239.9900000022 9.9639810263e-01
4240.0000000022 1.0000918246e+00
4240.0100000022 9.9906712090e-01
4240.0200000022 9.9759042981e-01
4240.0300000022 1.0015946209e+00
4240.0400000022 1.0002816828e+00
4240.0500000022 1.0008484991e+00
4240.0600000022 1.0031371141e+00
4240.0700000022 9.9866382785e-01
4240.0800000022 1.0002695014e+00
4240.0900000022 9.9918905783e-01
4240.1000000022 9.9751867289e-01
4240.1100000022 9.9886795576e-01
4240.1200000022 1.0012902353e+00
4240.1300000022 1.0024401070e+00
4240.1400000022 9.9911671574e-01
4240.1500000022 9.9769183210e-01
4240.1600000022 9.9750995952e-01
4240.1700000022 9.9877151728e-01
4240.1800000022 9.9751772099e-01
4240.1900000022 9.9916005250e-01
4240.2000000022 9.9604789545e-01
4240.2100000022 9.9901521573e-01
4240.2200000022 9.9672687543e-01
4240.2300000022 1.0035527606e+00
4240.2400000022 1.0010899907e+00
4240.2500000022 1.0007180843e+00
4240.2600000022 1.0011087642e+00
4240.2700000022 9.9870277843e-01
4240.2800000022 9.9896125080e-01
4240.2900000022 1.0004990464e+00
4240.3000000022 9.9464633292e-01
4240.3100000022 1.0001915738e+00
4240.3200000022 1.0005886652e+00
4240.3300000022 9.9983592996e-01
4240.3400000022 9.9844781761e-01
4240.3500000022 9.9731701347e-01
4240.3600000022 1.0029631959e+00
4240.3700000022 1.0035865613e+00
4240.3800000022 1.0030524383e+00
4240.3900000022 9.9948063141e-01
4240.4000000022 1.0012116300e+00
4240.4100000022 9.9787681543e-01
4240.4200000022 1.0026603856e+00
4240.4300000022 1.0003395565e+00
4240.4400000022 1.0016668887e+00
4240.4500000022 9.9907044876e-01
4240.4600000022 9.9767335332e-01
4240.4700000022 1.0014420193e+00
4240.4800000022 1.0027940656e+00
4240.4900000022 9.9928076411e-01
4240.5000000022 9.9754495994e-01
4240.5100000022 1.0010605061e+00
4240.5200000022 9.9574939279e-01
4240.5300000022 1.0020257683e+00
4240.5400000022 9.9579509937e-01
4240.5500000022 1.0020497540e+00
4240.5600000022 1.0015192151e+00
4240.5700000022 1.0033499115e+00
4240.5800000022 1.0075738276e+00
4240.5900000022 1.0051887630e+00
4240.6000000022 1.0002348928e+00
4240.6100000022 1.0018583556e+00
4240.6200000022 9.9666105971e-01
4240.6300000022 1.0000941043e+00
4240.6400000022 9.9899893242e-01
4240.6500000022 1.0009160769e+00
4240.6600000022 9.9893382785e-01
4240.6700000022 1.0006445454e+00
4240.6800000022 1.0002916458e+00
4240.6900000022 9.9893504932e-01
4240.7000000022 9.9821997997e-01
4240.7100000022 1.0015403681e+00
4240.7200000022 1.0009104776e+00
4240.7300000022 9.9690889814e-01
4240.7400000022 9.9932309461e-01
4240.7500000022 1.0038969952e+00
4240.7600000022 9.9872083787e-01
4240.7700000022 9.9636814052e-01
4240.7800000022 1.0014626100e+00
4240.7900000022 9.9504457442e-01
4240.8000000022 1.0000299095e+00
4240.8100000022 9.9789035849e-01
4240.8200000022 1.0001895620e+00
4240.8300000022 1.0017171727e+00
4240.8400000022 1.0018925234e+00
4240.8500000022 1.0048287676e+00
4240.8600000022 9.9953360491e-01
4240.8700000022 9.9774390507e-01
4240.8800000022 9.9900536987e-01
4240.8900000022 9.9818656468e-01
4240.9000000022 1.0002352071e+00
4240.9100000022 9.9589304327e-01
4240.9200000022 9.9993214114e-01
4240.9300000022 1.0004988977e+00
4240.9400000022 1.0000270272e+00
4240.9500000022 9.9869366237e-01
4240.9600000022 9.9959467496e-01
4240.9700000022 9.9934210854e-01
4240.9800000022 9.9965289393e-01
4240.9900000022 1.0009734687e+00
4241.0000000022 1.0010300185e+00
4241.0100000022 1.0025670974e+00
4241.0200000022 1.0015739751e+00
4241.0300000022 9.9850930203e-01
4241.0400000022 9.9775498177e-01
4241.0500000022 1.0005651253e+00
4241.0600000022 9.9859111991e-01
4241.0700000022 1.0007997620e+00
4241.0800000022 1.0001817314e+00
4241.0900000022 9.9935270107e-01
4241.1000000022 9.9759199476e-01
4241.1100000022 9.9884200361e-01
4241.1200000022 9.9670762816e-01
4241.1300000022 1.0016272312e+00
4241.1400000022 9.9600024881e-01
4241.1500000022 1.0005361738e+00
4241.1600000022 1.0002118307e+00
4241.1700000022 1.0035855628e+00
4241.1800000022 1.0020132882e+00
4241.1900000022 1.0017029148e+00
4241.2000000022 1.0019049095e+00
4241.2100000022 1.0041493621e+00
4241.2200000022 1.0023353065e+00
4241.2300000022 9.9844308058e-01
4241.2400000022 1.0009691163e+00
4241.2500000022 1.0001986908e+00
4241.2600000022 1.0015823887e+00
4241.2700000022 9.9755291363e-01
4241.2800000022 9.9960968468e-01
4241.2900000022 9.9725774758e-01
4241.3000000022 9.9746304462e-01
4241.3100000022 9.9946737912e-01
4241.3200000022 9.9922311107e-01
4241.3300000022 1.0002894336e+00
4241.3400000022 1.0001930758e+00
4241.3500000022 9.9925859595e-01
4241.3600000022 1.0014120936e+00
4241.3700000022 9.9972240294e-01
4241.3800000022 9.9710918843e-01
4241.3900000022 9.9806058810e-01
4241.4000000022 9.9941114690e-01
4241.4100000022 9.9910182208e-01
4241.4200000022 9.9766833515e-01
4241.4300000022 9.9889507783e-01
4241.4400000022 9.9979560787e-01
4241.4500000022 9.9987172665e-01
4241.4600000022 9.9807789589e-01
4241.4700000022 9.9591100372e-01
4241.4800000022 9.9900693830e-01
4241.4900000022 9.9653070288e-01
4241.5000000022 9.9899107251e-01
4241.5100000022 9.9631107915e-01
4241.5200000022 9.9903647187e-01
4241.5300000022 9.9989841665e-01
4241.5400000022 9.9631342316e-01
4241.5500000022 9.9662843528e-01
4241.5600000022 9.9916525838e-01
4241.5700000022 1.0027932467e+00
4241.5800000023 1.0026360899e+00
4241.5900000023 9.9980251767e-01
4241.6000000023 1.0007723737e+00
4241.6100000023 9.9945177785e-01
4241.6200000023 9.9936377656e-01
4241.6300000023 1.0026547850e+00
4241.6400000023 1.0035801197e+00
4241.6500000023 9.9526441441e-01
4241.6600000023 1.0004974118e+00
4241.6700000023 1.0034079675e+00
4241.6800000023 1.0026534301e+00
4241.6900000023 9.9836661025e-01
4241.7000000023 1.0041529470e+00
4241.7100000023 9.9655167120e-01
4241.7200000023 1.0019746755e+00
4241.7300000023 1.0030694258e+00
4241.7400000023 1.0016647481e+00
4241.7500000023 1.0031321985e+00
4241.7600000023 1.0024641146e+00
4241.7700000023 9.9996704564e-01
4241.7800000023 1.0008126147e+00
4241.7900000023 1.0023448614e+00
4241.8000000023 9.9700044171e-01
4241.8100000023 9.9736706649e-01
4241.8200000023 9.9860934696e-01
4241.8300000023 1.0011115465e+00
4241.8400000023 1.0008359056e+00
4241.8500000023 1.0006847588e+00
4241.8600000023 1.0014820797e+00
4241.8700000023 1.0023569388e+00
4241.8800000023 1.0000357589e+00
4241.8900000023 9.9803169955e-01
4241.9000000023 9.9712311697e-01
4241.9100000023 1.0009529457e+00
4241.9200000023 9.9990836573e-01
4241.9300000023 1.0030856745e+00
4241.9400000023 9.9709996381e-01
4241.9500000023 9.9996005136e-01
4241.9600000023 9.9964419035e-01
4241.9700000023 1.0030761824e+00
4241.9800000023 9.9762312172e-01
4241.9900000023 9.9848375916e-01
4242.0000000023 9.9491439843e-01
4242.0100000023 9.9922872027e-01
4242.0200000023 9.9828686005e-01
4242.0300000023 9.9861944354e-01
4242.0400000023 9.9481797371e-01
4242.0500000023 9.9851806298e-01
4242.0600000023 1.0016781538e+00
4242.0700000023 1.0002689370e+00
4242.0800000023 9.9678190461e-01
4242.0900000023 1.0003034941e+00
4242.1000000023 1.0002008606e+00
4242.1100000023 9.9896705987e-01
4242.1200000023 9.9726812245e-01
4242.1300000023 9.9660267074e-01
4242.1400000023 1.0010075179e+00
4242.1500000023 9.9972655405e-01
4242.1600000023 9.9886806024e-01
4242.1700000023 1.0032003889e+00
4242.1800000023 9.9917536297e-01
4242.1900000023 9.9678573059e-01
4242.2000000023 1.0010143634e+00
4242.2100000023 9.9595390668e-01
4242.2200000023 1.0035702891e+00
4242.2300000023 9.9849311997e-01
4242.2400000023 9.9917527320e-01
4242.2500000023 9.9777966805e-01
4242.2600000023 1.0030986828e+00
4242.2700000023 9.9715872030e-01
4242.2800000023 1.0006779567e+00
4242.2900000023 9.9939856093e-01
4242.3000000023 9.9827945793e-01
4242.3100000023 1.0008882618e+00
4242.3200000023 1.0030020666e+00
4242.3300000023 9.9662939272e-01
4242.3400000023 9.9873514420e-01
4242.3500000023 1.0013094299e+00
4242.3600000023 9.9999449479e-01
4242.3700000023 1.0017160538e+00
4242.3800000023 9.9889094549e-01
4242.3900000023 1.0029031948e+00
4242.4000000023 1.0033510941e+00
4242.4100000023 9.9867749864e-01
4242.4200000023 9.9909129875e-01
4242.4300000023 9.9875521859e-01
4242.4400000023 9.9785450481e-01
4242.4500000023 1.0008731993e+00
4242.4600000023 9.9484937655e-01
4242.4700000023 9.9673600534e-01
4242.4800000023 9.9865805584e-01
4242.4900000023 9.9937246728e-01
4242.5000000023 1.0009896794e+00
4242.5100000023 9.9938804944e-01
4242.5200000023 9.9961483118e-01
4242.5300000023 1.0033432440e+00
4242.5400000023 1.0013704651e+00
4242.5500000023 9.9647635279e-01
4242.5600000023 9.9832559921e-01
4242.5700000023 9.9906849500e-01
4242.5800000023 9.9928574051e-01
4242.5900000023 1.0005922826e+00
4242.6000000023 9.9689548467e-01
4242.6100000023 1.0010480404e+00
4242.6200000023 1.0007407316e+00
4242.6300000023 1.0003337216e+00
4242.6400000023 9.9797676923e-01
4242.6500000023 1.0011115962e+00
4242.6600000023 1.0009356339e+00
4242.6700000023 1.0038801580e+00
4242.6800000023 9.9686120480e-01
4242.6900000023 1.0010718325e+00
4242.7000000023 1.0004123395e+00
4242.7100000023 9.9860239716e-01
4242.7200000023 1.0001413497e+00
4242.7300000023 1.0000431131e+00
4242.7400000023 9.9736269698e-01
4242.7500000023 1.0023997661e+00
4242.7600000023 1.0020803349e+00
4242.7700000023 9.9816494689e-01
4242.7800000023 9.9770527897e-01
4242.7900000023 9.9523331311e-01
4242.8000000023 9.9917631623e-01
4242.8100000023 1.0018932460e+00
4242.8200000023 9.9972276979e-01
4242.8300000023 9.9846142201e-01
4242.8400000023 9.9841082741e-01
4242.8500000023 9.9841193497e-01
4242.8600000023 9.9971550577e-01
4242.8700000023 1.0033055015e+00
4242.8800000023 9.9820300971e-01
4242.8900000023 9.9853713249e-01
4242.9000000023 9.9912868432e-01
4242.9100000023 9.9934424763e-01
4242.9200000023 1.0024096903e+00
4242.9300000023 1.0014621335e+00
4242.9400000023 1.0014782933e+00
4242.9500000023 1.0011302069e+00
4242.9600000023 9.9678875502e-01
4242.9700000023 1.0003550227e+00
4242.9800000023 9.9747858672e-01
4242.9900000023 9.9979993681e-01
4243.0000000023 1.0005318157e+00
4243.0100000023 9.9762732837e-01
4243.0200000023 1.0020007021e+00
4243.0300000023 9.9872198013e-01
4243.0400000023 1.0049297974e+00
4243.0500000023 9.9899451584e-01
4243.0600000023 9.9702400023e-01
4243.0700000023 1.0049646335e+00
4243.0800000023 9.9972690276e-01
4243.0900000023 1.0003143650e+00
4243.1000000023 1.0009570073e+00
4243.1100000023 1.0014500014e+00
4243.1200000023 1.0010885049e+00
4243.1300000023 1.0034851351e+00
4243.1400000023 9.9928803743e-01
4243.1500000023 9.9626194397e-01
4243.1600000023 9.9812191494e-01
4243.1700000023 9.9988367621e-01
4243.1800000023 9.9880423571e-01
4243.1900000023 1.0003846546e+00
4243.2000000023 1.0012737241e+00
4243.2100000023 1.0006682929e+00
4243.2200000023 1.0006910452e+00
4243.2300000023 9.9985965682e-01
4243.2400000023 1.0027673827e+00
4243.2500000023 1.0012502752e+00
4243.2600000023 9.9773070060e-01
4243.2700000023 9.9743827482e-01
4243.2800000023 9.9521745753e-01
4243.2900000023 9.9801906848e-01
4243.3000000023 1.0029576704e+00
4243.3100000023 9.9927648274e-01
4243.3200000023 9.9975092363e-01
4243.3300000023 1.0021306821e+00
4243.3400000023 9.9759395258e-01
4243.3500000023 1.0023683616e+00
4243.3600000023 9.9690681305e-01
4243.3700000023 1.0063341045e+00
4243.3800000023 1.0035747398e+00
4243.3900000023 9.9990796757e-01
4243.4000000023 1.0018633588e+00
4243.4100000023 9.9770459078e-01
4243.4200000023 9.9838038428e-01
4243.4300000023 9.9946937933e-01
4243.4400000023 9.9970009881e-01
4243.4500000023 9.9995989197e-01
4243.4600000023 1.0016007840e+00
4243.4700000023 1.0031509146e+00
4243.4800000023 1.0005280640e+00
4243.4900000023 1.0011682721e+00
4243.5000000023 1.0001809447e+00
4243.5100000023 9.9807328017e-01
4243.5200000023 1.0014947201e+00
4243.5300000023 9.9809267501e-01
4243.5400000023 9.9788143290e-01
4243.5500000023 9.9924050241e-01
4243.5600000023 9.9612139295e-01
4243.5700000023 1.0019849252e+00
4243.5800000023 9.9931922508e-01
4243.5900000023 9.9937464808e-01
4243.6000000023 9.9975876533e-01
4243.6100000023 9.9727222492e-01
4243.6200000023 9.9831436671e-01
4243.6300000023 9.9975903524e-01
4243.6400000023 1.0009971233e+00
4243.6500000023 9.9828773772e-01
4243.6600000023 9.9896128261e-01
4243.6700000023 9.9979527703e-01
4243.6800000023 9.9848996377e-01
4243.6900000023 9.9891095294e-01
4243.7000000023 9.9929228048e-01
4243.7100000023 9.9932065171e-01
4243.7200000023 1.0009822344e+00
4243.7300000023 1.0016061420e+00
4243.7400000023 9.9856043777e-01
4243.7500000023 9.9922007144e-01
4243.7600000023 9.9765846609e-01
4243.7700000023 9.9884742409e-01
4243.7800000023 9.9632354979e-01
4243.7900000023 9.9749483229e-01
4243.8000000023 1.0001615350e+00
4243.8100000023 9.9989192953e-01
4243.8200000023 1.0049712070e+00
4243.8300000023 1.0004124624e+00
4243.8400000023 1.0030633665e+00
4243.8500000023 1.0016754524e+00
4243.8600000023 1.0001225546e+00
4243.8700000023 1.0006356785e+00
4243.8800000023 9.9686393207e-01
4243.8900000023 1.0021113948e+00
4243.9000000023 9.9797832380e-01
4243.9100000023 1.0028093872e+00
4243.9200000023 1.0003515272e+00
4243.9300000023 9.9829251673e-01
4243.9400000023 9.9903346405e-01
4243.9500000023 9.9852039628e-01
4243.9600000023 1.0005195594e+00
4243.9700000023 9.9933908555e-01
4243.9800000023 1.0012079203e+00
4243.9900000023 9.9909050474e-01
4244.0000000023 9.9745045376e-01
4244.0100000023 1.0003191161e+00
4244.0200000023 9.9844623526e-01
4244.0300000023 9.9867188357e-01
4244.0400000023 1.0000714644e+00
4244.0500000023 9.9978597526e-01
4244.0600000023 1.0004376688e+00
4244.0700000023 1.0009313827e+00
4244.0800000023 9.9743362725e-01
4244.0900000023 9.9941966241e-01
4244.1000000023 1.0005479286e+00
4244.1100000023 9.9520578432e-01
4244.1200000023 1.0021637268e+00
4244.1300000023 1.0002649457e+00
4244.1400000023 1.0021626852e+00
4244.1500000023 1.0047195789e+00
4244.1600000023 9.9921273773e-01
4244.1700000023 9.9985670168e-01
4244.1800000023 9.9753267315e-01
4244.1900000023 1.0014086135e+00
4244.2000000023 9.9895081747e-01
4244.2100000023 1.0027357470e+00
4244.2200000023 1.0026958989e+00
4244.2300000023 9.9859661247e-01
4244.2400000023 9.9724178009e-01
4244.2500000023 9.9900947864e-01
4244.2600000023 1.0018035491e+00
4244.2700000023 9.9878619979e-01
4244.2800000023 9.9915161931e-01
4244.2900000023 9.9996228925e-01
4244.3000000023 9.9979757619e-01
4244.3100000023 9.9996442626e-01
4244.3200000023 9.9928277624e-01
4244.3300000023 9.9903742246e-01
4244.3400000023 1.0006318837e+00
4244.3500000023 1.0010447278e+00
4244.3600000023 1.0009284699e+00
4244.3700000023 9.9824807165e-01
4244.3800000023 9.9848498772e-01
4244.3900000023 1.0049268612e+00
4244.4000000023 1.0007993243e+00
4244.4100000023 1.0008540664e+00
4244.4200000023 1.0011550857e+00
4244.4300000023 1.0000814574e+00
4244.4400000023 9.9793815882e-01
4244.4500000023 9.9704765234e-01
4244.4600000023 1.0019807686e+00
4244.4700000023 1.0033250125e+00
4244.4800000023 9.9963972412e-01
4244.4900000023 9.9713635768e-01
4244.5000000023 9.9739396529e-01
4244.5100000023 1.0022373696e+00
4244.5200000023 1.0039596659e+00
4244.5300000023 1.0007063466e+00
4244.5400000023 1.0013338222e+00
4244.5500000023 1.0013178485e+00
4244.5600000023 1.0009231773e+00
4244.5700000023 1.0003469000e+00
4244.5800000023 9.9766249815e-01
4244.5900000023 9.9689658223e-01
4244.6000000023 1.0000015577e+00
4244.6100000023 1.0011347401e+00
4244.6200000023 9.9933137541e-01
4244.6300000023 1.0016210470e+00
4244.6400000023 9.9747985572e-01
4244.6500000023 9.9982517926e-01
4244.6600000023 9.9901788703e-01
4244.6700000023 9.9559718692e-01
4244.6800000023 1.0001025241e+00
4244.6900000023 9.9850241332e-01
4244.7000000023 1.0010435753e+00
4244.7100000023 1.0014505859e+00
4244.7200000023 1.0018270381e+00
4244.7300000023 1.0002751274e+00
4244.7400000023 9.9788222468e-01
4244.7500000023 1.0010575824e+00
4244.7600000023 9.9749226776e-01
4244.7700000023 9.9973786110e-01
4244.7800000023 1.0011289560e+00
4244.7900000023 9.9871645275e-01
4244.8000000023 9.9641757303e-01
4244.8100000023 9.9839556937e-01
4244.8200000023 9.9717071808e-01
4244.8300000023 1.0000515073e+00
4244.8400000023 1.0007627782e+00
4244.8500000023 1.0030394883e+00
4244.8600000023 1.0007895533e+00
4244.8700000023 1.0008157145e+00
4244.8800000023 9.9711133898e-01
4244.8900000023 9.9721229426e-01
4244.9000000023 9.9657025223e-01
4244.9100000023 1.0009332043e+00
4244.9200000023 1.0002507325e+00
4244.9300000023 9.9872528319e-01
4244.9400000023 9.9799182564e-01
4244.9500000023 9.9768006101e-01
4244.9600000023 9.9951983799e-01
4244.9700000023 9.9757849022e-01
4244.9800000023 1.0022936200e+00
4244.9900000023 1.0016120815e+00
4245.0000000023 1.0001536069e+00
4245.0100000023 9.9988722585e-01
4245.0200000023 1.0022726051e+00
4245.0300000023 9.9993251818e-01
4245.0400000023 1.0012531544e+00
4245.0500000023 9.9991319293e-01
4245.0600000023 1.0011381824e+00
4245.0700000023 9.9767157285e-01
4245.0800000023 1.0003746565e+00
4245.0900000023 1.0008373826e+00
4245.1000000023 9.9874299694e-01
4245.1100000023 9.9788932081e-01
4245.1200000023 9.9775700284e-01
4245.1300000023 1.0032890343e+00
4245.1400000023 9.9835785265e-01
4245.1500000023 9.9716229191e-01
4245.1600000023 9.9965674554e-01
4245.1700000023 9.9798636218e-01
4245.1800000023 1.0015470721e+00
4245.1900000023 9.9907607212e-01
4245.2000000023 9.9956819439e-01
4245.2100000023 1.0028382138e+00
4245.2200000023 1.0015851149e+00
4245.2300000023 1.0028985420e+00
4245.2400000023 1.0030484508e+00
4245.2500000023 1.0013794501e+00
4245.2600000023 1.0004428458e+00
4245.2700000023 1.0022368611e+00
4245.2800000023 9.9898154855e-01
4245.2900000023 9.9890451433e-01
4245.3000000023 9.9995546256e-01
4245.3100000023 1.0008167883e+00
4245.3200000023 1.0001950263e+00
4245.3300000023 1.0012384124e+00
4245.3400000023 1.0002205115e+00
4245.3500000023 1.0037082605e+00
4245.3600000023 1.0019956426e+00
4245.3700000023 1.0019940416e+00
4245.3800000023 1.0025072769e+00
4245.3900000023 9.9830034793e-01
4245.4000000023 1.0004589067e+00
4245.4100000023 1.0003623490e+00
4245.4200000023 9.9556157634e-01
4245.4300000023 9.9753841384e-01
4245.4400000023 1.0015065832e+00
4245.4500000023 9.9841252624e-01
4245.4600000023 1.0023942789e+00
4245.4700000023 9.9923851338e-01
4245.4800000023 1.0016241974e+00
4245.4900000023 9.9800680591e-01
4245.5000000023 9.9943296762e-01
4245.5100000023 9.9879299806e-01
4245.5200000023 9.9821559516e-01
4245.5300000023 1.0013044345e+00
4245.5400000023 1.0017689694e+00
4245.5500000023 1.0004586024e+00
4245.5600000023 9.9668630318e-01
4245.5700000023 9.9853563200e-01
4245.5800000023 1.0006876999e+00
4245.5900000023 9.9997312421e-01
4245.6000000023 9.9750580740e-01
4245.6100000023 9.9802321313e-01
4245.6200000023 9.9974153442e-01
4245.6300000023 1.0010171839e+00
4245.6400000023 1.0015195624e+00
4245.6500000023 1.0022138560e+00
4245.6600000023 1.0031099578e+00
4245.6700000023 1.0028244675e+00
4245.6800000023 9.9961848089e-01
4245.6900000023 1.0015847149e+00
4245.7000000023 1.0033181780e+00
4245.7100000023 1.0027774558e+00
4245.7200000023 1.0000160872e+00
4245.7300000023 9.9762455456e-01
4245.7400000023 9.9892220806e-01
4245.7500000023 9.9926130299e-01
4245.7600000023 1.0001435385e+00
4245.7700000023 9.9751597541e-01
4245.7800000023 1.0013357145e+00
4245.7900000023 9.9621910141e-01
4245.8000000023 1.0001271023e+00
4245.8100000023 1.0008233580e+00
4245.8200000023 1.0007131997e+00
4245.8300000023 9.9535838891e-01
4245.8400000023 9.9886265935e-01
4245.8500000023 1.0002623386e+00
4245.8600000023 9.9990451156e-01
4245.8700000023 9.9964353377e-01
4245.8800000023 1.0010720800e+00
4245.8900000023 9.9871011866e-01
4245.9000000023 1.0024996242e+00
4245.9100000023 1.0043044674e+00
4245.9200000023 9.9922929779e-01
4245.9300000023 9.9857905479e-01
4245.9400000023 9.9807281866e-01
4245.9500000023 9.9889875677e-01
4245.9600000023 9.9917707291e-01
4245.9700000023 1.0015962617e+00
4245.9800000023 9.9699780947e-01
4245.9900000023 9.9915654075e-01
4246.0000000023 9.9948478172e-01
4246.0100000023 1.0043516353e+00
4246.0200000023 1.0018095641e+00
4246.0300000023 9.9699628456e-01
4246.0400000023 1.0006252172e+00
4246.0500000023 1.0009606968e+00
4246.0600000023 9.9955234233e-01
4246.0700000023 9.9439294703e-01
4246.0800000023 9.9917784292e-01
4246.0900000023 9.9903625681e-01
4246.1000000023 1.0003302633e+00
4246.1100000023 1.0003173417e+00
4246.1200000023 9.9860824976e-01
4246.1300000023 1.0047783954e+00
4246.1400000023 9.9966069535e-01
4246.1500000023 9.9995747340e-01
4246.1600000023 1.0012389335e+00
4246.1700000024 9.9981112680e-01
4246.1800000024 9.9705686280e-01
4246.1900000024 9.9943569749e-01
4246.2000000024 1.0057141942e+00
4246.2100000024 9.9979310274e-01
4246.2200000024 9.9847429042e-01
4246.2300000024 9.9759959184e-01
4246.2400000024 1.0006770374e+00
4246.2500000024 1.0008198038e+00
4246.2600000024 9.9963289158e-01
4246.2700000024 1.0038672533e+00
4246.2800000024 1.0035675006e+00
4246.2900000024 9.9755533632e-01
4246.3000000024 1.0010451462e+00
4246.3100000024 1.0015564674e+00
4246.3200000024 9.9889227839e-01
4246.3300000024 1.0001945902e+00
4246.3400000024 9.9839051533e-01
4246.3500000024 9.9604699593e-01
4246.3600000024 9.9834717300e-01
4246.3700000024 1.0000278211e+00
4246.3800000024 9.9786266821e-01
4246.3900000024 9.9924012676e-01
4246.4000000024 9.9733454785e-01
4246.4100000024 9.9788771614e-01
4246.4200000024 1.0007541261e+00
4246.4300000024 1.0011786959e+00
4246.4400000024 9.9729290565e-01
4246.4500000024 1.0011796836e+00
4246.4600000024 9.9901356210e-01
4246.4700000024 9.9911414908e-01
4246.4800000024 9.9898346864e-01
4246.4900000024 9.9998946753e-01
4246.5000000024 9.9798236034e-01
4246.5100000024 1.0002404536e+00
4246.5200000024 9.9716902015e-01
4246.5300000024 1.0014015262e+00
4246.5400000024 9.9952333057e-01
4246.5500000024 1.0015088490e+00
4246.5600000024 9.9903930225e-01
4246.5700000024 1.0002367747e+00
4246.5800000024 9.9971993158e-01
4246.5900000024 9.9960716807e-01
4246.6000000024 9.9762349686e-01
4246.6100000024 9.9564970936e-01
4246.6200000024 9.9837308478e-01
4246.6300000024 1.0040347166e+00
4246.6400000024 1.0023581374e+00
4246.6500000024 9.9918757732e-01
4246.6600000024 1.0008275933e+00
4246.6700000024 9.9927347088e-01
4246.6800000024 9.9946430544e-01
4246.6900000024 1.0006465204e+00
4246.7000000024 9.9958053213e-01
4246.7100000024 9.9827334011e-01
4246.7200000024 9.9878763657e-01
4246.7300000024 1.0024831911e+00
4246.7400000024 9.9946519121e-01
4246.7500000024 1.0005024938e+00
4246.7600000024 1.0009812999e+00
4246.7700000024 9.9944503082e-01
4246.7800000024 1.0027631249e+00
4246.7900000024 1.0051658117e+00
4246.8000000024 1.0011235992e+00
4246.8100000024 1.0012596907e+00
4246.8200000024 9.9834907183e-01
4246.8300000024 9.9969092031e-01
4246.8400000024 1.0002343091e+00
4246.8500000024 1.0005939843e+00
4246.8600000024 1.0018976757e+00
4246.8700000024 9.9932494357e-01
4246.8800000024 1.0020150216e+00
4246.8900000024 1.0004973414e+00
4246.9000000024 9.9796642395e-01
4246.9100000024 1.0006478563e+00
4246.9200000024 9.9684308788e-01
4246.9300000024 9.9793691666e-01
4246.9400000024 1.0006370940e+00
4246.9500000024 1.0003029881e+00
4246.9600000024 1.0011473806e+00
4246.9700000024 9.9813836001e-01
4246.9800000024 9.9966267241e-01
4246.9900000024 9.9960475214e-01
4247.0000000024 1.0023231645e+00
4247.0100000024 9.9805746941e-01
4247.0200000024 9.9985793990e-01
4247.0300000024 9.9755921479e-01
4247.0400000024 1.0028389836e+00
4247.0500000024 9.9660323719e-01
4247.0600000024 1.0004903027e+00
4247.0700000024 1.0008288166e+00
4247.0800000024 1.0000554487e+00
4247.0900000024 9.9861627261e-01
4247.1000000024 9.9565696852e-01
4247.1100000024 9.9944835169e-01
4247.1200000024 9.9775585385e-01
4247.1300000024 1.0009097613e+00
4247.1400000024 1.0031526270e+00
4247.1500000024 1.0011143233e+00
4247.1600000024 1.0015270721e+00
4247.1700000024 9.9960761061e-01
4247.1800000024 1.0039192272e+00
4247.1900000024 9.9695873642e-01
4247.2000000024 9.9893258228e-01
4247.2100000024 1.0014409278e+00
4247.2200000024 9.9886064577e-01
4247.2300000024 9.9890550731e-01
4247.2400000024 1.0002917158e+00
4247.2500000024 9.9918575530e-01
4247.2600000024 1.0011643477e+00
4247.2700000024 9.9802813884e-01
4247.2800000024 9.9993699181e-01
4247.2900000024 1.0036228028e+00
4247.3000000024 1.0000082316e+00
4247.3100000024 9.9879731475e-01
4247.3200000024 1.0012398345e+00
4247.3300000024 1.0013413570e+00
4247.3400000024 9.9478884495e-01
4247.3500000024 1.0012874172e+00
4247.3600000024 9.9964282796e-01
4247.3700000024 9.9982191529e-01
4247.3800000024 1.0017875749e+00
4247.3900000024 1.0023023621e+00
4247.4000000024 1.0011933533e+00
4247.4100000024 9.9923119558e-01
4247.4200000024 9.9942047336e-01
4247.4300000024 9.9613560199e-01
4247.4400000024 1.0006760135e+00
4247.4500000024 9.9954980111e-01
4247.4600000024 1.0020496302e+00
4247.4700000024 9.9873028729e-01
4247.4800000024 1.0000494530e+00
4247.4900000024 1.0013240543e+00
4247.5000000024 1.0028765989e+00
4247.5100000024 9.9963074111e-01
4247.5200000024 9.9720402550e-01
4247.5300000024 9.9933857236e-01
4247.5400000024 1.0041195768e+00
4247.5500000024 1.0008296896e+00
4247.5600000024 1.0021414258e+00
4247.5700000024 1.0011480062e+00
4247.5800000024 9.9978875296e-01
4247.5900000024 1.0021237233e+00
4247.6000000024 9.9961045759e-01
4247.6100000024 1.0003868646e+00
4247.6200000024 1.0005736847e+00
4247.6300000024 9.9966132443e-01
4247.6400000024 1.0005589753e+00
4247.6500000024 1.0029816732e+00
4247.6600000024 1.0008474220e+00
4247.6700000024 9.9810652594e-01
4247.6800000024 1.0004911099e+00
4247.6900000024 9.9899772522e-01
4247.7000000024 1.0036144114e+00
4247.7100000024 1.0026244757e+00
4247.7200000024 1.0013817263e+00
4247.7300000024 9.9900718845e-01
4247.7400000024 9.9907173069e-01
4247.7500000024 1.0011848424e+00
4247.7600000024 9.9842806543e-01
4247.7700000024 9.9988524326e-01
4247.7800000024 1.0011723401e+00
4247.7900000024 1.0028979339e+00
4247.8000000024 9.9964507889e-01
4247.8100000024 1.0018402153e+00
4247.8200000024 9.9993630190e-01
4247.8300000024 1.0013526948e+00
4247.8400000024 9.9987458345e-01
4247.8500000024 9.9881252046e-01
4247.8600000024 9.9598308117e-01
4247.8700000024 9.9868259552e-01
4247.8800000024 1.0023720322e+00
4247.8900000024 1.0024270455e+00
4247.9000000024 1.0019097187e+00
4247.9100000024 1.0016189034e+00
4247.9200000024 9.9957057777e-01
4247.9300000024 9.9773119432e-01
4247.9400000024 9.9762123996e-01
4247.9500000024 1.0012811346e+00
4247.9600000024 9.9662990480e-01
4247.9700000024 1.0038365611e+00
4247.9800000024 1.0008685347e+00
4247.9900000024 1.0025117923e+00
4248.0000000024 9.9948376737e-01
4248.0100000024 1.0014347538e+00
4248.0200000024 1.0018251556e+00
4248.0300000024 1.0016870731e+00
4248.0400000024 9.9908105188e-01
4248.0500000024 1.0019444446e+00
4248.0600000024 1.0012346292e+00
4248.0700000024 9.9866136281e-01
4248.0800000024 1.0013814956e+00
4248.0900000024 9.9839545155e-01
4248.1000000024 1.0006338397e+00
4248.1100000024 9.9832824410e-01
4248.1200000024 1.0027615274e+00
4248.1300000024 1.0005860439e+00
4248.1400000024 9.9833359721e-01
4248.1500000024 9.9791787987e-01
4248.1600000024 1.0021101991e+00
4248.1700000024 9.9764351492e-01
4248.1800000024 9.9935197906e-01
4248.1900000024 1.0011727029e+00
4248.2000000024 1.0005942496e+00
4248.2100000024 1.0010245715e+00
4248.2200000024 9.9615381605e-01
4248.2300000024 1.0010013333e+00
4248.2400000024 1.0010285453e+00
4248.2500000024 9.9705819760e-01
4248.2600000024 1.0028916704e+00
4248.2700000024 9.9732237115e-01
4248.2800000024 1.0024603948e+00
4248.2900000024 1.0013278332e+00
4248.3000000024 9.9841715101e-01
4248.3100000024 1.0053493750e+00
4248.3200000024 9.9865971196e-01
4248.3300000024 1.0017234577e+00
4248.3400000024 1.0006798988e+00
4248.3500000024 9.9951917984e-01
4248.3600000024 1.0004559842e+00
4248.3700000024 9.9686253965e-01
4248.3800000024 9.9946273454e-01
4248.3900000024 9.9879740429e-01
4248.4000000024 9.9716226082e-01
4248.4100000024 9.9936985218e-01
4248.4200000024 1.0009719818e+00
4248.4300000024 9.9785011242e-01
4248.4400000024 1.0017432997e+00
4248.4500000024 9.9777980020e-01
4248.4600000024 1.0022682318e+00
4248.4700000024 1.0020979691e+00
4248.4800000024 1.0022745284e+00
4248.4900000024 1.0031098072e+00
4248.5000000024 1.0002440919e+00
4248.5100000024 9.9797596954e-01
4248.5200000024 1.0008631331e+00
4248.5300000024 9.9616755689e-01
4248.5400000024 9.9907942598e-01
4248.5500000024 1.0005384254e+00
4248.5600000024 9.9987483570e-01
4248.5700000024 1.0010502968e+00
4248.5800000024 1.0019673337e+00
4248.5900000024 9.9971597443e-01
4248.6000000024 9.9930851066e-01
4248.6100000024 1.0043218576e+00
4248.6200000024 1.0000095644e+00
4248.6300000024 1.0014882931e+00
4248.6400000024 1.0020126486e+00
4248.6500000024 9.9677613313e-01
4248.6600000024 1.0033025580e+00
4248.6700000024 1.0023704288e+00
4248.6800000024 1.0043977738e+00
4248.6900000024 9.9909946610e-01
4248.7000000024 9.9997730790e-01
4248.7100000024 1.0036439915e+00
4248.7200000024 9.9826307195e-01
4248.7300000024 9.9831638084e-01
4248.7400000024 1.0022344540e+00
4248.7500000024 1.0015193203e+00
4248.7600000024 9.9806804443e-01
4248.7700000024 9.9890998922e-01
4248.7800000024 9.9902333903e-01
4248.7900000024 1.0001223726e+00
4248.8000000024 9.9348608327e-01
4248.8100000024 1.0005400868e+00
4248.8200000024 9.9822564081e-01
4248.8300000024 1.0026634724e+00
4248.8400000024 1.0025137113e+00
4248.8500000024 9.9863789716e-01
4248.8600000024 9.9777393889e-01
4248.8700000024 9.9946663611e-01
4248.8800000024 9.9705952061e-01
4248.8900000024 9.9970070644e-01
4248.9000000024 9.9938254266e-01
4248.9100000024 1.0011181812e+00
4248.9200000024 9.9888741801e-01
4248.9300000024 1.0014285044e+00
4248.9400000024 1.0011481638e+00
4248.9500000024 1.0010183864e+00
4248.9600000024 9.9928687855e-01
4248.9700000024 1.0032556770e+00
4248.9800000024 1.0007979781e+00
4248.9900000024 1.0017060015e+00
4249.0000000024 9.9885822529e-01
4249.0100000024 1.0002744682e+00
4249.0200000024 9.9822820811e-01
4249.0300000024 9.9955035245e-01
4249.0400000024 9.9760039152e-01
4249.0500000024 9.9983547055e-01
4249.0600000024 9.9887150538e-01
4249.0700000024 9.9343385622e-01
4249.0800000024 1.0023915866e+00
4249.0900000024 1.0013697243e+00
4249.1000000024 9.9792335881e-01
4249.1100000024 1.0003891990e+00
4249.1200000024 9.9844859582e-01
4249.1300000024 9.9959491394e-01
4249.1400000024 9.9736672413e-01
4249.1500000024 1.0029263695e+00
4249.1600000024 1.0020906266e+00
4249.1700000024 9.9890000586e-01
4249.1800000024 9.9981926475e-01
4249.1900000024 9.9536333232e-01
4249.2000000024 9.9828701599e-01
4249.2100000024 9.9593022063e-01
4249.2200000024 1.0029165971e+00
4249.2300000024 1.0001129688e+00
4249.2400000024 1.0012341601e+00
4249.2500000024 9.9542254710e-01
4249.2600000024 1.0020659067e+00
4249.2700000024 9.9951590291e-01
4249.2800000024 1.0002125901e+00
4249.2900000024 1.0006565213e+00
4249.3000000024 9.9410878591e-01
4249.3100000024 9.9796947233e-01
4249.3200000024 1.0045449688e+00
4249.3300000024 9.9938457644e-01
4249.3400000024 1.0039891649e+00
4249.3500000024 9.9862156131e-01
4249.3600000024 1.0012073547e+00
4249.3700000024 9.9977586407e-01
4249.3800000024 1.0015924824e+00
4249.3900000024 9.9737414551e-01
4249.4000000024 9.9724820597e-01
4249.4100000024 9.9899002040e-01
4249.4200000024 1.0002220300e+00
4249.4300000024 1.0005564919e+00
4249.4400000024 1.0030137521e+00
4249.4500000024 1.0015370117e+00
4249.4600000024 9.9509356350e-01
4249.4700000024 1.0004127125e+00
4249.4800000024 1.0026994564e+00
4249.4900000024 9.9674956203e-01
4249.5000000024 1.0005484474e+00
4249.5100000024 1.0018353427e+00
4249.5200000024 1.0047389529e+00
4249.5300000024 1.0021790271e+00
4249.5400000024 9.9923335411e-01
4249.5500000024 9.9763371302e-01
4249.5600000024 9.9871715886e-01
4249.5700000024 9.9764915780e-01
4249.5800000024 9.9899602996e-01
4249.5900000024 9.9828453613e-01
4249.6000000024 1.0000500932e+00
4249.6100000024 9.9764565681e-01
4249.6200000024 9.9761241647e-01
4249.6300000024 9.9918927863e-01
4249.6400000024 1.0024388248e+00
4249.6500000024 9.9854709983e-01
4249.6600000024 1.0006958236e+00
4249.6700000024 1.0011555858e+00
4249.6800000024 1.0024321352e+00
4249.6900000024 1.0022426568e+00
4249.7000000024 9.9750053745e-01
4249.7100000024 9.9864541224e-01
4249.7200000024 1.0010265379e+00
4249.7300000024 9.9757206767e-01
4249.7400000024 1.0027307653e+00
4249.7500000024 9.9676620676e-01
4249.7600000024 1.0033790310e+00
4249.7700000024 9.9876961719e-01
4249.7800000024 1.0008085910e+00
4249.7900000024 1.0010735832e+00
4249.8000000024 1.0019494554e+00
4249.8100000024 1.0008727758e+00
4249.8200000024 9.9795117083e-01
4249.8300000024 1.0017777754e+00
4249.8400000024 1.0023621340e+00
4249.8500000024 9.9863451820e-01
4249.8600000024 1.0017303416e+00
4249.8700000024 9.9669837858e-01
4249.8800000024 1.0016904503e+00
4249.8900000024 9.9580125303e-01
4249.9000000024 9.9997838469e-01
4249.9100000024 1.0015276345e+00
4249.9200000024 9.9930501650e-01
4249.9300000024 1.0003243102e+00
4249.9400000024 1.0024276008e+00
4249.9500000024 1.0004812655e+00
4249.9600000024 9.9859260908e-01
4249.9700000024 9.9771300165e-01
4249.9800000024 9.9865838164e-01
4249.9900000024 1.0006593110e+00
4250.0000000024 1.0005000723e+00
4250.0100000024 1.0020178741e+00
4250.0200000024 9.9469749718e-01
4250.0300000024 1.0000432026e+00
4250.0400000024 1.0000502650e+00
4250.0500000024 9.9942659927e-01
4250.0600000024 9.9706819662e-01
4250.0700000024 1.0009731601e+00
4250.0800000024 1.0011858774e+00
4250.0900000024 9.9635736451e-01
4250.1000000024 9.9846426663e-01
4250.1100000024 9.9971126536e-01
4250.1200000024 9.9502923526e-01
4250.1300000024 9.9527983491e-01
4250.1400000024 9.9837467819e-01
4250.1500000024 1.0017941681e+00
4250.1600000024 9.9923189792e-01
4250.1700000024 1.0037431607e+00
4250.1800000024 9.9947865361e-01
4250.1900000024 9.9724459246e-01
4250.2000000024 1.0048432174e+00
4250.2100000024 1.0007511677e+00
4250.2200000024 9.9992240278e-01
4250.2300000024 1.0010075640e+00
4250.2400000024 9.9839395385e-01
4250.2500000024 9.9981984878e-01
4250.2600000024 9.9777539970e-01
4250.2700000024 9.9953164915e-01
4250.2800000024 9.9751001437e-01
4250.2900000024 9.9843508295e-01
4250.3000000024 9.9951317996e-01
4250.3100000024 1.0010632504e+00
4250.3200000024 1.0023236385e+00
4250.3300000024 9.9932183237e-01
4250.3400000024 1.0006464968e+00
4250.3500000024 9.9937649821e-01
4250.3600000024 1.0027521279e+00
4250.3700000024 9.9663919702e-01
4250.3800000024 1.0010792350e+00
4250.3900000024 9.9774139843e-01
4250.4000000024 9.9794415924e-01
4250.4100000024 1.0020622900e+00
4250.4200000024 9.9696236104e-01
4250.4300000024 1.0042734767e+00
4250.4400000024 1.0014277980e+00
4250.4500000024 1.0006411075e+00
4250.4600000024 1.0007298925e+00
4250.4700000024 1.0021256512e+00
4250.4800000024 9.9933145910e-01
4250.4900000024 9.9896157859e-01
4250.5000000024 9.9928432726e-01
4250.5100000024 1.0013557146e+00
4250.5200000024 1.0012822254e+00
4250.5300000024 9.9867416447e-01
4250.5400000024 9.9865432599e-01
4250.5500000024 1.0029945220e+00
4250.5600000024 1.0033484428e+00
4250.5700000024 1.0009759816e+00
4250.5800000024 1.0003015444e+00
4250.5900000024 9.9882918464e-01
4250.6000000024 9.9593956450e-01
4250.6100000024 9.9663276915e-01
4250.6200000024 1.0018340434e+00
4250.6300000024 9.9981837356e-01
4250.6400000024 1.0030412548e+00
4250.6500000024 9.9854709845e-01
4250.6600000024 9.9800916013e-01
4250.6700000024 1.0013127025e+00
4250.6800000024 1.0001182427e+00
4250.6900000024 1.0010529995e+00
4250.7000000024 1.0034729640e+00
4250.7100000024 1.0029741445e+00
4250.7200000024 1.0014484379e+00
4250.7300000024 9.9743973151e-01
4250.7400000024 1.0041361493e+00
4250.7500000025 1.0001903085e+00
4250.7600000025 1.0012442307e+00
4250.7700000025 1.0004348775e+00
4250.7800000025 9.9814738216e-01
4250.7900000025 9.9908149046e-01
4250.8000000025 1.0002131068e+00
4250.8100000025 1.0026001506e+00
4250.8200000025 1.0000003978e+00
4250.8300000025 9.9960116799e-01
4250.8400000025 1.0015823157e+00
4250.8500000025 9.9885650252e-01
4250.8600000025 1.0013962315e+00
4250.8700000025 9.9953955516e-01
4250.8800000025 1.0017065844e+00
4250.8900000025 9.9684474962e-01
4250.9000000025 1.0000592142e+00
4250.9100000025 9.9946732879e-01
4250.9200000025 1.0006856867e+00
4250.9300000025 9.9549248829e-01
4250.9400000025 1.0010527916e+00
4250.9500000025 1.0011488743e+00
4250.9600000025 1.0026727810e+00
4250.9700000025 9.9551349261e-01
4250.9800000025 9.9754122630e-01
4250.9900000025 1.0000164780e+00
4251.0000000025 9.9601003637e-01
4251.0100000025 1.0018882263e+00
4251.0200000025 9.9684085123e-01
4251.0300000025 9.9927224450e-01
4251.0400000025 9.9909898023e-01
4251.0500000025 1.0022199916e+00
4251.0600000025 1.0008331578e+00
4251.0700000025 9.9883635067e-01
4251.0800000025 1.0008789741e+00
4251.0900000025 9.9776873694e-01
4251.1000000025 1.0013731248e+00
4251.1100000025 9.9976647683e-01
4251.1200000025 9.9914965045e-01
4251.1300000025 1.0000752974e+00
4251.1400000025 9.9890826517e-01
4251.1500000025 1.0021984400e+00
4251.1600000025 1.0012618033e+00
4251.1700000025 9.9653471784e-01
4251.1800000025 9.9798700824e-01
4251.1900000025 1.0002382655e+00
4251.2000000025 1.0029980654e+00
4251.2100000025 9.9908921116e-01
4251.2200000025 9.9982914654e-01
4251.2300000025 1.0010578045e+00
4251.2400000025 9.9911688293e-01
4251.2500000025 9.9840828548e-01
4251.2600000025 1.0003995552e+00
4251.2700000025 1.0027165862e+00
4251.2800000025 9.9978038590e-01
4251.2900000025 1.0013390890e+00
4251.3000000025 9.9783869571e-01
4251.3100000025 9.9954636857e-01
4251.3200000025 1.0029659798e+00
4251.3300000025 1.0019379315e+00
4251.3400000025 9.9884862848e-01
4251.3500000025 9.9720570917e-01
4251.3600000025 9.9873484061e-01
4251.3700000025 9.9938351594e-01
4251.3800000025 1.0007726135e+00
4251.3900000025 1.0022328932e+00
4251.4000000025 9.9939265389e-01
4251.4100000025 1.0000735182e+00
4251.4200000025 1.0024039416e+00
4251.4300000025 1.0020811730e+00
4251.4400000025 1.0002630205e+00
4251.4500000025 9.9745481010e-01
4251.4600000025 9.9970232066e-01
4251.4700000025 1.0002095299e+00
4251.4800000025 9.9978673932e-01
4251.4900000025 1.0013178827e+00
4251.5000000025 9.9947085347e-01
4251.5100000025 1.0007028948e+00
4251.5200000025 9.9928960374e-01
4251.5300000025 1.0000307185e+00
4251.5400000025 1.0013640725e+00
4251.5500000025 1.0015271480e+00
4251.5600000025 9.9629241266e-01
4251.5700000025 9.9967195153e-01
4251.5800000025 1.0016145639e+00
4251.5900000025 9.9901458551e-01
4251.6000000025 1.0011082446e+00
4251.6100000025 1.0009894383e+00
4251.6200000025 9.9891379846e-01
4251.6300000025 9.9846452722e-01
4251.6400000025 1.0005784490e+00
4251.6500000025 1.0008200620e+00
4251.6600000025 1.0002154876e+00
4251.6700000025 1.0017806266e+00
4251.6800000025 9.9799940961e-01
4251.6900000025 1.0003218690e+00
4251.7000000025 9.9864409961e-01
4251.7100000025 9.9846858333e-01
4251.7200000025 1.0016257802e+00
4251.7300000025 1.0024132880e+00
4251.7400000025 1.0009521499e+00
4251.7500000025 1.0003728327e+00
4251.7600000025 9.9843085562e-01
4251.7700000025 9.9814536529e-01
4251.7800000025 1.0033236088e+00
4251.7900000025 9.9959367527e-01
4251.8000000025 1.0023880738e+00
4251.8100000025 9.9974413021e-01
4251.8200000025 9.9842474904e-01
4251.8300000025 9.9759320828e-01
4251.8400000025 1.0017350831e+00
4251.8500000025 1.0020834540e+00
4251.8600000025 1.0013765124e+00
4251.8700000025 1.0004498030e+00
4251.8800000025 1.0028022907e+00
4251.8900000025 9.9846892436e-01
4251.9000000025 1.0007142169e+00
4251.9100000025 1.0000392740e+00
4251.9200000025 1.0016773202e+00
4251.9300000025 9.9996426801e-01
4251.9400000025 9.9985143268e-01
4251.9500000025 1.0000174156e+00
4251.9600000025 1.0028803117e+00
4251.9700000025 9.9842899981e-01
4251.9800000025 1.0010485962e+00
4251.9900000025 1.0037725550e+00
4252.0000000025 1.0006376624e+00
4252.0100000025 1.0016022293e+00
4252.0200000025 1.0027268549e+00
4252.0300000025 1.0001684555e+00
4252.0400000025 1.0002882948e+00
4252.0500000025 9.9919471898e-01
4252.0600000025 1.0011125790e+00
4252.0700000025 9.9948912507e-01
4252.0800000025 9.9903761577e-01
4252.0900000025 1.0006814323e+00
4252.1000000025 9.9892892846e-01
4252.1100000025 1.0032739527e+00
4252.1200000025 1.0020687406e+00
4252.1300000025 1.0022130778e+00
4252.1400000025 9.9870728321e-01
4252.1500000025 1.0019172015e+00
4252.1600000025 1.0023589503e+00
4252.1700000025 1.0005889713e+00
4252.1800000025 9.9434805077e-01
4252.1900000025 1.0006114907e+00
4252.2000000025 1.0019399422e+00
4252.2100000025 1.0005237478e+00
4252.2200000025 1.0008631291e+00
4252.2300000025 9.9753369185e-01
4252.2400000025 1.0014457331e+00
4252.2500000025 1.0011712547e+00
4252.2600000025 1.0028683463e+00
4252.2700000025 1.0060843962e+00
4252.2800000025 9.9894780452e-01
4252.2900000025 1.0000089296e+00
4252.3000000025 9.9615411101e-01
4252.3100000025 1.0030491327e+00
4252.3200000025 9.9981093693e-01
4252.3300000025 9.9744317462e-01
4252.3400000025 9.9842774235e-01
4252.3500000025 9.9606529536e-01
4252.3600000025 1.0016161560e+00
4252.3700000025 9.9838491758e-01
4252.3800000025 9.9786117353e-01
4252.3900000025 9.9896848877e-01
4252.4000000025 1.0044899162e+00
4252.4100000025 1.0007167450e+00
4252.4200000025 9.9785018974e-01
4252.4300000025 9.9878067874e-01
4252.4400000025 9.9865384272e-01
4252.4500000025 1.0028068446e+00
4252.4600000025 1.0012214049e+00
4252.4700000025 1.0002984191e+00
4252.4800000025 9.9815500536e-01
4252.4900000025 9.9835020188e-01
4252.5000000025 9.9982058430e-01
4252.5100000025 1.0016011262e+00
4252.5200000025 9.9938669045e-01
4252.5300000025 1.0013687251e+00
4252.5400000025 9.9991806101e-01
4252.5500000025 9.9829315265e-01
4252.5600000025 1.0002823354e+00
4252.5700000025 1.0005907002e+00
4252.5800000025 1.0021021776e+00
4252.5900000025 1.0031249565e+00
4252.6000000025 1.0028735430e+00
4252.6100000025 1.0011098783e+00
4252.6200000025 1.0000162116e+00
4252.6300000025 1.0003722584e+00
4252.6400000025 1.0009532608e+00
4252.6500000025 1.0003666582e+00
4252.6600000025 1.0004900391e+00
4252.6700000025 1.0005486294e+00
4252.6800000025 1.0021623854e+00
4252.6900000025 1.0002202986e+00
4252.7000000025 1.0004489113e+00
4252.7100000025 9.9969773739e-01
4252.7200000025 1.0008421845e+00
4252.7300000025 1.0012303795e+00
4252.7400000025 9.9430572528e-01
4252.7500000025 9.9907661273e-01
4252.7600000025 1.0022806560e+00
4252.7700000025 9.9990598217e-01
4252.7800000025 1.0010391616e+00
4252.7900000025 9.9840265951e-01
4252.8000000025 9.9684985190e-01
4252.8100000025 1.0015539142e+00
4252.8200000025 1.0024969124e+00
4252.8300000025 1.0017280223e+00
4252.8400000025 9.9800023786e-01
4252.8500000025 9.9589955250e-01
4252.8600000025 1.0029311555e+00
4252.8700000025 9.9931875752e-01
4252.8800000025 1.0005719619e+00
4252.8900000025 1.0015218985e+00
4252.9000000025 1.0004919068e+00
4252.9100000025 9.9969058396e-01
4252.9200000025 1.0009357570e+00
4252.9300000025 9.9773406178e-01
4252.9400000025 1.0003602451e+00
4252.9500000025 1.0001307605e+00
4252.9600000025 9.9817497049e-01
4252.9700000025 1.0007539094e+00
4252.9800000025 1.0026977852e+00
4252.9900000025 1.0003515035e+00
4253.0000000025 9.9926331398e-01
4253.0100000025 1.0033226102e+00
4253.0200000025 9.9795799183e-01
4253.0300000025 1.0029135648e+00
4253.0400000025 9.9964791671e-01
4253.0500000025 9.9769842189e-01
4253.0600000025 9.9984530037e-01
4253.0700000025 1.0001974698e+00
4253.0800000025 9.9920884791e-01
4253.0900000025 9.9906531655e-01
4253.1000000025 9.9600261518e-01
4253.1100000025 9.9989643685e-01
4253.1200000025 9.9989306568e-01
4253.1300000025 9.9973191179e-01
4253.1400000025 9.9986148769e-01
4253.1500000025 9.9940199612e-01
4253.1600000025 9.9972521134e-01
4253.1700000025 9.9990924870e-01
4253.1800000025 1.0012630823e+00
4253.1900000025 9.9949440914e-01
4253.2000000025 9.9913710715e-01
4253.2100000025 1.0019013211e+00
4253.2200000025 9.9616553594e-01
4253.2300000025 1.0001732123e+00
4253.2400000025 1.0019862920e+00
4253.2500000025 9.9970770396e-01
4253.2600000025 1.0007306301e+00
4253.2700000025 1.0014740941e+00
4253.2800000025 9.9905629251e-01
4253.2900000025 9.9752187898e-01
4253.3000000025 9.9849370488e-01
4253.3100000025 1.0013854871e+00
4253.3200000025 1.0011037398e+00
4253.3300000025 9.9900077728e-01
4253.3400000025 9.9965240507e-01
4253.3500000025 1.0004166078e+00
4253.3600000025 1.0023078751e+00
4253.3700000025 9.9899393228e-01
4253.3800000025 9.9985860877e-01
4253.3900000025 1.0037488623e+00
4253.4000000025 9.9928473715e-01
4253.4100000025 1.0017821682e+00
4253.4200000025 9.9650562877e-01
4253.4300000025 9.9673438519e-01
4253.4400000025 9.9981604625e-01
4253.4500000025 1.0045081311e+00
4253.4600000025 1.0004505103e+00
4253.4700000025 1.0016297716e+00
4253.4800000025 9.9568678208e-01
4253.4900000025 1.0002653669e+00
4253.5000000025 9.9770853594e-01
4253.5100000025 1.0036833900e+00
4253.5200000025 1.0008633617e+00
4253.5300000025 9.9919465461e-01
4253.5400000025 1.0018319893e+00
4253.5500000025 9.9949520432e-01
4253.5600000025 1.0025872496e+00
4253.5700000025 1.0054245326e+00
4253.5800000025 1.0017149335e+00
4253.5900000025 1.0005543054e+00
4253.6000000025 9.9972708825e-01
4253.6100000025 9.9949541146e-01
4253.6200000025 9.9996797304e-01
4253.6300000025 9.9594841896e-01
4253.6400000025 1.0024351741e+00
4253.6500000025 1.0004570498e+00
4253.6600000025 9.9915503859e-01
4253.6700000025 9.9922913439e-01
4253.6800000025 9.9903229357e-01
4253.6900000025 9.9668804694e-01
4253.7000000025 1.0032103338e+00
4253.7100000025 1.0028222631e+00
4253.7200000025 1.0034509535e+00
4253.7300000025 9.9882519468e-01
4253.7400000025 1.0019248771e+00
4253.7500000025 1.0017280870e+00
4253.7600000025 1.0002353378e+00
4253.7700000025 9.9966262051e-01
4253.7800000025 1.0001853411e+00
4253.7900000025 9.9926812948e-01
4253.8000000025 1.0019941380e+00
4253.8100000025 9.9768799615e-01
4253.8200000025 1.0013839134e+00
4253.8300000025 9.9900898821e-01
4253.8400000025 1.0007471563e+00
4253.8500000025 9.9952625150e-01
4253.8600000025 9.9751834473e-01
4253.8700000025 9.9872029621e-01
4253.8800000025 1.0005790826e+00
4253.8900000025 9.9839470846e-01
4253.9000000025 1.0016005668e+00
4253.9100000025 1.0030658445e+00
4253.9200000025 1.0025429068e+00
4253.9300000025 1.0017563249e+00
4253.9400000025 1.0000524213e+00
4253.9500000025 9.9972906952e-01
4253.9600000025 1.0025787123e+00
4253.9700000025 1.0007225040e+00
4253.9800000025 9.9987913246e-01
4253.9900000025 9.9702532737e-01
4254.0000000025 9.9829592485e-01
4254.0100000025 1.0050592566e+00
4254.0200000025 1.0025336125e+00
4254.0300000025 1.0001719941e+00
4254.0400000025 1.0000407038e+00
4254.0500000025 1.0024735102e+00
4254.0600000025 9.9971164616e-01
4254.0700000025 9.9995448690e-01
4254.0800000025 1.0017434024e+00
4254.0900000025 9.9819312824e-01
4254.1000000025 1.0026465682e+00
4254.1100000025 1.0024182540e+00
4254.1200000025 9.9849482141e-01
4254.1300000025 1.0016647262e+00
4254.1400000025 1.0010408391e+00
4254.1500000025 9.9977676900e-01
4254.1600000025 1.0031334300e+00
4254.1700000025 9.9848766899e-01
4254.1800000025 9.9827521147e-01
4254.1900000025 9.9779995060e-01
4254.2000000025 1.0027293641e+00
4254.2100000025 1.0011043589e+00
4254.2200000025 9.9866375129e-01
4254.2300000025 1.0032626611e+00
4254.2400000025 1.0006908380e+00
4254.2500000025 1.0005812744e+00
4254.2600000025 1.0016949520e+00
4254.2700000025 9.9672963977e-01
4254.2800000025 1.0032655881e+00
4254.2900000025 9.9728869110e-01
4254.3000000025 9.9908569540e-01
4254.3100000025 1.0021002522e+00
4254.3200000025 1.0002716415e+00
4254.3300000025 1.0042788852e+00
4254.3400000025 1.0000034009e+00
4254.3500000025 9.9921335804e-01
4254.3600000025 1.0005361157e+00
4254.3700000025 9.9918855946e-01
4254.3800000025 9.9628648469e-01
4254.3900000025 9.9886190423e-01
4254.4000000025 9.9722673261e-01
4254.4100000025 1.0000017590e+00
4254.4200000025 1.0016571247e+00
4254.4300000025 1.0019097883e+00
4254.4400000025 9.9823805952e-01
4254.4500000025 9.9988439094e-01
4254.4600000025 9.9701564166e-01
4254.4700000025 1.0003355865e+00
4254.4800000025 9.9766010939e-01
4254.4900000025 1.0017385561e+00
4254.5000000025 1.0032633429e+00
4254.5100000025 1.0012525036e+00
4254.5200000025 9.9805182165e-01
4254.5300000025 9.9679080655e-01
4254.5400000025 1.0000895046e+00
4254.5500000025 1.0009345836e+00
4254.5600000025 1.0012452748e+00
4254.5700000025 1.0001300874e+00
4254.5800000025 9.9606456057e-01
4254.5900000025 1.0008740825e+00
4254.6000000025 1.0005884289e+00
4254.6100000025 9.9588072015e-01
4254.6200000025 1.0008234830e+00
4254.6300000025 9.9758800529e-01
4254.6400000025 1.0016169468e+00
4254.6500000025 1.0030540886e+00
4254.6600000025 1.0035445398e+00
4254.6700000025 1.0030083697e+00
4254.6800000025 9.9506621276e-01
4254.6900000025 1.0008149880e+00
4254.7000000025 1.0023045324e+00
4254.7100000025 9.9857509389e-01
4254.7200000025 1.0023415716e+00
4254.7300000025 9.9864579995e-01
4254.7400000025 9.9946282450e-01
4254.7500000025 9.9760734425e-01
4254.7600000025 1.0016538650e+00
4254.7700000025 1.0030142231e+00
4254.7800000025 1.0004122842e+00
4254.7900000025 1.0014969953e+00
4254.8000000025 1.0003031368e+00
4254.8100000025 1.0002505423e+00
4254.8200000025 9.9866755683e-01
4254.8300000025 1.0001189432e+00
4254.8400000025 1.0007687757e+00
4254.8500000025 1.0000597409e+00
4254.8600000025 9.9738181867e-01
4254.8700000025 9.9983863366e-01
4254.8800000025 1.0002371021e+00
4254.8900000025 9.9816428111e-01
4254.9000000025 9.9992891795e-01
4254.9100000025 1.0016508927e+00
4254.9200000025 1.0005147925e+00
4254.9300000025 1.0021679052e+00
4254.9400000025 1.0006409303e+00
4254.9500000025 9.9896076289e-01
4254.9600000025 9.9831409957e-01
4254.9700000025 1.0008323986e+00
4254.9800000025 1.0001319181e+00
4254.9900000025 1.0018739879e+00
4255.0000000025 1.0037725502e+00
4255.0100000025 9.9888923136e-01
4255.0200000025 9.9904448388e-01
4255.0300000025 1.0025701923e+00
4255.0400000025 9.9961829874e-01
4255.0500000025 9.9600733867e-01
4255.0600000025 1.0024032841e+00
4255.0700000025 9.9868082946e-01
4255.0800000025 9.9571861875e-01
4255.0900000025 1.0025102888e+00
4255.1000000025 9.9982699725e-01
4255.1100000025 1.0001608197e+00
4255.1200000025 9.9588675422e-01
4255.1300000025 9.9978712340e-01
4255.1400000025 1.0009210944e+00
4255.1500000025 9.9960278070e-01
4255.1600000025 9.9670977283e-01
4255.1700000025 1.0000247920e+00
4255.1800000025 9.9882705808e-01
4255.1900000025 9.9936925311e-01
4255.2000000025 9.9637435643e-01
4255.2100000025 1.0019721640e+00
4255.2200000025 1.0053972127e+00
4255.2300000025 9.9982732800e-01
4255.2400000025 1.0049863475e+00
4255.2500000025 1.0031084225e+00
4255.2600000025 1.0048538574e+00
4255.2700000025 9.9851641913e-01
4255.2800000025 9.9772599556e-01
4255.2900000025 1.0005297297e+00
4255.3000000025 1.0031756158e+00
4255.3100000025 1.0007595642e+00
4255.3200000025 1.0017407068e+00
4255.3300000026 1.0004996721e+00
4255.3400000026 9.9537253795e-01
4255.3500000026 9.9644759026e-01
4255.3600000026 1.0024761771e+00
4255.3700000026 9.9873784036e-01
4255.3800000026 1.0029663909e+00
4255.3900000026 1.0017533187e+00
4255.4000000026 1.0023783753e+00
4255.4100000026 1.0010817990e+00
4255.4200000026 1.0013795790e+00
4255.4300000026 1.0024893078e+00
4255.4400000026 1.0013711167e+00
4255.4500000026 1.0043296645e+00
4255.4600000026 9.9710961908e-01
4255.4700000026 9.9992840561e-01
4255.4800000026 9.9905087133e-01
4255.4900000026 1.0004229178e+00
4255.5000000026 1.0002299675e+00
4255.5100000026 1.0012273226e+00
4255.5200000026 1.0010517598e+00
4255.5300000026 1.0007103503e+00
4255.5400000026 9.9992443327e-01
4255.5500000026 1.0007839373e+00
4255.5600000026 1.0005222201e+00
4255.5700000026 9.9856570364e-01
4255.5800000026 9.9960367001e-01
4255.5900000026 9.9869620853e-01
4255.6000000026 9.9898872522e-01
4255.6100000026 9.9822232337e-01
4255.6200000026 1.0006683949e+00
4255.6300000026 1.0008357697e+00
4255.6400000026 9.9956936231e-01
4255.6500000026 1.0010246578e+00
4255.6600000026 9.9953631328e-01
4255.6700000026 9.9804330341e-01
4255.6800000026 9.9826515693e-01
4255.6900000026 9.9493570850e-01
4255.7000000026 9.9928515609e-01
4255.7100000026 9.9717219923e-01
4255.7200000026 1.0005461757e+00
4255.7300000026 1.0009601245e+00
4255.7400000026 1.0000013276e+00
4255.7500000026 1.0014687399e+00
4255.7600000026 9.9831701516e-01
4255.7700000026 1.0005860484e+00
4255.7800000026 1.0031797978e+00
4255.7900000026 9.9683017895e-01
4255.8000000026 1.0020596457e+00
4255.8100000026 1.0015700778e+00
4255.8200000026 9.9945676515e-01
4255.8300000026 1.0001509018e+00
4255.8400000026 9.9984487716e-01
4255.8500000026 9.9808881322e-01
4255.8600000026 9.9939565772e-01
4255.8700000026 9.9794705306e-01
4255.8800000026 1.0015561341e+00
4255.8900000026 1.0006450600e+00
4255.9000000026 1.0013511481e+00
4255.9100000026 1.0013841300e+00
4255.9200000026 9.9960762447e-01
4255.9300000026 1.0017513102e+00
4255.9400000026 1.0027672334e+00
4255.9500000026 9.9633542350e-01
4255.9600000026 9.9737426199e-01
4255.9700000026 9.9754438103e-01
4255.9800000026 1.0039973724e+00
4255.9900000026 9.9813233973e-01
4256.0000000026 9.9792988210e-01
4256.0100000026 9.9913603547e-01
4256.0200000026 1.0035992310e+00
4256.0300000026 9.9885813404e-01
4256.0400000026 1.0009893804e+00
4256.0500000026 1.0034491844e+00
4256.0600000026 9.9643574351e-01
4256.0700000026 1.0005661473e+00
4256.0800000026 9.9673058539e-01
4256.0900000026 9.9913246622e-01
4256.1000000026 9.9763057776e-01
4256.1100000026 9.9975409223e-01
4256.1200000026 1.0002337414e+00
4256.1300000026 1.0009962612e+00
4256.1400000026 1.0013693406e+00
4256.1500000026 1.0001970400e+00
4256.1600000026 9.9903415570e-01
4256.1700000026 9.9742885767e-01
4256.1800000026 9.9730864132e-01
4256.1900000026 9.9768429485e-01
4256.2000000026 1.0048989886e+00
4256.2100000026 1.0001383902e+00
4256.2200000026 9.9877299007e-01
4256.2300000026 9.9763183773e-01
4256.2400000026 9.9573144433e-01
4256.2500000026 1.0009790466e+00
4256.2600000026 1.0017519515e+00
4256.2700000026 9.9654611072e-01
4256.2800000026 1.0026274741e+00
4256.2900000026 1.0004304425e+00
4256.3000000026 9.9744278479e-01
4256.3100000026 9.9774565419e-01
4256.3200000026 9.9821370967e-01
4256.3300000026 9.9800683409e-01
4256.3400000026 9.9945862526e-01
4256.3500000026 9.9879121949e-01
4256.3600000026 1.0040229105e+00
4256.3700000026 1.0004045838e+00
4256.3800000026 1.0029154472e+00
4256.3900000026 9.9969445554e-01
4256.4000000026 1.0029562869e+00
4256.4100000026 9.9835867753e-01
4256.4200000026 1.0006026535e+00
4256.4300000026 1.0031840980e+00
4256.4400000026 9.9919427445e-01
4256.4500000026 1.0054660344e+00
4256.4600000026 9.9682419177e-01
4256.4700000026 9.9653636595e-01
4256.4800000026 9.9787881572e-01
4256.4900000026 9.9865129354e-01
4256.5000000026 9.9784628378e-01
4256.5100000026 9.9997062965e-01
4256.5200000026 9.9755093844e-01
4256.5300000026 1.0048374575e+00
4256.5400000026 1.0016293304e+00
4256.5500000026 1.0004203305e+00
4256.5600000026 9.9930902444e-01
4256.5700000026 9.9802000945e-01
4256.5800000026 9.9932676353e-01
4256.5900000026 1.0033594009e+00
4256.6000000026 9.9843582650e-01
4256.6100000026 9.9895768304e-01
4256.6200000026 9.9935701207e-01
4256.6300000026 9.9984355415e-01
4256.6400000026 1.0031193259e+00
4256.6500000026 1.0011242853e+00
4256.6600000026 9.9670149050e-01
4256.6700000026 9.9808268393e-01
4256.6800000026 1.0006196386e+00
4256.6900000026 1.0005338967e+00
4256.7000000026 9.9808091053e-01
4256.7100000026 9.9883621121e-01
4256.7200000026 1.0009824777e+00
4256.7300000026 9.9570920429e-01
4256.7400000026 9.9928583303e-01
4256.7500000026 9.9953772911e-01
4256.7600000026 1.0045109241e+00
4256.7700000026 9.9953404306e-01
4256.7800000026 1.0026320387e+00
4256.7900000026 9.9943904738e-01
4256.8000000026 1.0027584625e+00
4256.8100000026 1.0011787465e+00
4256.8200000026 9.9704940404e-01
4256.8300000026 1.0007214800e+00
4256.8400000026 1.0009383667e+00
4256.8500000026 9.9630037230e-01
4256.8600000026 1.0023487658e+00
4256.8700000026 9.9757085782e-01
4256.8800000026 1.0001776851e+00
4256.8900000026 1.0019730968e+00
4256.9000000026 1.0011329151e+00
4256.9100000026 9.9837901793e-01
4256.9200000026 1.0017999469e+00
4256.9300000026 1.0025202378e+00
4256.9400000026 1.0039302003e+00
4256.9500000026 9.9975931750e-01
4256.9600000026 9.9754052652e-01
4256.9700000026 1.0020249406e+00
4256.9800000026 1.0006433300e+00
4256.9900000026 9.9851224892e-01
4257.0000000026 9.9855195989e-01
4257.0100000026 9.9900400577e-01
4257.0200000026 1.0036781791e+00
4257.0300000026 9.9918440272e-01
4257.0400000026 1.0037285189e+00
4257.0500000026 9.9939501663e-01
4257.0600000026 1.0007184328e+00
4257.0700000026 1.0021864986e+00
4257.0800000026 1.0007404246e+00
4257.0900000026 1.0006017288e+00
4257.1000000026 9.9979138054e-01
4257.1100000026 1.0051341658e+00
4257.1200000026 9.9750847026e-01
4257.1300000026 9.9958270627e-01
4257.1400000026 1.0011103292e+00
4257.1500000026 9.9849818118e-01
4257.1600000026 1.0002120788e+00
4257.1700000026 9.9858961779e-01
4257.1800000026 1.0003480310e+00
4257.1900000026 9.9835213486e-01
4257.2000000026 9.9952587684e-01
4257.2100000026 1.0001940785e+00
4257.2200000026 9.9597973014e-01
4257.2300000026 1.0000516752e+00
4257.2400000026 9.9894347848e-01
4257.2500000026 1.0008549842e+00
4257.2600000026 9.9908317458e-01
4257.2700000026 9.9888895449e-01
4257.2800000026 9.9863963337e-01
4257.2900000026 1.0003248730e+00
4257.3000000026 1.0002775009e+00
4257.3100000026 1.0031822528e+00
4257.3200000026 1.0009027570e+00
4257.3300000026 1.0006338543e+00
4257.3400000026 1.0009163688e+00
4257.3500000026 1.0038404450e+00
4257.3600000026 1.0006787638e+00
4257.3700000026 1.0013401689e+00
4257.3800000026 9.9978095088e-01
4257.3900000026 1.0017684223e+00
4257.4000000026 1.0000665532e+00
4257.4100000026 1.0006097439e+00
4257.4200000026 1.0017918916e+00
4257.4300000026 1.0000542180e+00
4257.4400000026 9.9964728397e-01
4257.4500000026 9.9971625019e-01
4257.4600000026 9.9503453068e-01
4257.4700000026 9.9951435725e-01
4257.4800000026 9.9735316451e-01
4257.4900000026 9.9863984008e-01
4257.5000000026 9.9458566127e-01
4257.5100000026 9.9963409320e-01
4257.5200000026 9.9932460505e-01
4257.5300000026 9.9948087946e-01
4257.5400000026 9.9994508478e-01
4257.5500000026 1.0035022392e+00
4257.5600000026 1.0011333576e+00
4257.5700000026 9.9764048351e-01
4257.5800000026 9.9923675393e-01
4257.5900000026 9.9946537834e-01
4257.6000000026 9.9758354632e-01
4257.6100000026 1.0003146353e+00
4257.6200000026 9.9812899913e-01
4257.6300000026 1.0028583305e+00
4257.6400000026 9.9932705749e-01
4257.6500000026 1.0018467703e+00
4257.6600000026 9.9870609122e-01
4257.6700000026 1.0062532515e+00
4257.6800000026 1.0018108354e+00
4257.6900000026 9.9991315141e-01
4257.7000000026 1.0002857207e+00
4257.7100000026 1.0023637220e+00
4257.7200000026 9.9823102958e-01
4257.7300000026 9.9913874739e-01
4257.7400000026 1.0002533227e+00
4257.7500000026 9.9427922853e-01
4257.7600000026 1.0017409549e+00
4257.7700000026 9.9902184040e-01
4257.7800000026 1.0015277752e+00
4257.7900000026 1.0015530166e+00
4257.8000000026 1.0008728722e+00
4257.8100000026 1.0046187194e+00
4257.8200000026 1.0023387662e+00
4257.8300000026 9.9812543874e-01
4257.8400000026 9.9657820026e-01
4257.8500000026 1.0018158831e+00
4257.8600000026 9.9900827786e-01
4257.8700000026 1.0023906072e+00
4257.8800000026 1.0008507617e+00
4257.8900000026 1.0008165730e+00
4257.9000000026 1.0002775458e+00
4257.9100000026 1.0018299246e+00
4257.9200000026 9.9646793583e-01
4257.9300000026 9.9852867927e-01
4257.9400000026 1.0002192562e+00
4257.9500000026 9.9999552620e-01
4257.9600000026 1.0016600589e+00
4257.9700000026 9.9904802335e-01
4257.9800000026 9.9793572017e-01
4257.9900000026 9.9848116898e-01
4258.0000000026 1.0012194892e+00
4258.0100000026 1.0015466870e+00
4258.0200000026 1.0000628633e+00
4258.0300000026 9.9845728721e-01
4258.0400000026 1.0007237351e+00
4258.0500000026 9.9733626127e-01
4258.0600000026 1.0011351144e+00
4258.0700000026 1.0035161780e+00
4258.0800000026 9.9883511842e-01
4258.0900000026 9.9939934884e-01
4258.1000000026 1.0002167755e+00
